Date,Nifty_50,IT,Bank,FMCG,Auto,Pharma,Metal,Realty
2021-01-04,14132.900390625,25110.05078125,31212.0859375,34619.69921875,9417.9501953125,13149.7998046875,3424.60009765625,317.45001220703125
2021-01-05,14199.5,25769.150390625,31721.880859375,34720.25,9416.0498046875,13166.349609375,3376.25,316.3500061035156
2021-01-06,14146.25,25419.150390625,31797.53125,34327.3515625,9379.5498046875,13118.099609375,3419.800048828125,318.6000061035156
2021-01-07,14137.349609375,25251.19921875,31955.62890625,34032.3515625,9429.650390625,13060.75,3550.449951171875,322.8999938964844
2021-01-08,14347.25,26162.400390625,32083.826171875,34276.75,9741.25,13271.5498046875,3529.199951171875,327.5
2021-01-11,14484.75,27027.75,31998.529296875,34681.25,9995.599609375,13412.349609375,3493.89990234375,329.54998779296875
2021-01-12,14563.4501953125,26982.099609375,32338.625,34488.6484375,10119.849609375,13244.7001953125,3509.89990234375,338.6499938964844
2021-01-13,14564.849609375,27004.30078125,32574.271484375,34617.6015625,10208.5498046875,13122.5498046875,3523.25,337.6000061035156
2021-01-14,14595.599609375,26965.55078125,32519.37109375,34885.69921875,10238.2998046875,13232.5498046875,3487.39990234375,337.3999938964844
2021-01-15,14433.7001953125,26362.80078125,32246.42578125,34630.05078125,10178.2998046875,13014.25,3449.14990234375,331.25
2021-01-18,14281.2998046875,25916.25,31811.380859375,34502.8515625,9961.099609375,12653.5,3308.5,324.54998779296875
2021-01-19,14521.150390625,26043.5,32424.47265625,34659.8515625,10136.7998046875,12866.0498046875,3405.199951171875,338.1499938964844
2021-01-20,14644.7001953125,26619.69921875,32543.3203125,34605.3515625,10369.25,12881.2001953125,3437.0,338.3999938964844
2021-01-21,14590.349609375,26450.150390625,32186.525390625,34494.3984375,10367.75,12697.150390625,3362.14990234375,329.75
2021-01-25,14238.900390625,26023.30078125,31198.037109375,34178.6015625,10433.5,12756.75,3236.35009765625,317.8999938964844
2021-01-27,13967.5,25865.30078125,30284.19921875,34281.3984375,10210.25,12495.900390625,3154.800048828125,311.0
2021-01-28,13817.5498046875,25301.25,30357.947265625,33625.8515625,10105.599609375,12395.9501953125,3138.10009765625,304.1499938964844
2021-01-29,13634.599609375,24645.75,30565.14453125,33121.05078125,9813.150390625,12170.25,3077.449951171875,305.6499938964844
2021-02-01,14281.2001953125,24922.69921875,33088.66796875,33689.6484375,10227.9501953125,12103.5498046875,3227.25,324.95001220703125
2021-02-02,14647.849609375,25447.80078125,34267.5,33730.8515625,10638.599609375,12361.5498046875,3289.10009765625,337.25
2021-02-03,14789.9501953125,25680.900390625,34758.046875,33682.3515625,10749.150390625,12706.650390625,3344.39990234375,335.79998779296875
2021-02-04,14895.650390625,25570.05078125,35344.390625,34507.6484375,10867.099609375,12739.0498046875,3409.550048828125,339.0
2021-02-05,14924.25,25331.599609375,35654.0859375,34644.5,10723.9501953125,12950.650390625,3443.14990234375,341.29998779296875
2021-02-08,15115.7998046875,25915.599609375,35983.23046875,34452.25,11061.150390625,12971.0,3552.449951171875,348.1499938964844
2021-02-09,15109.2998046875,25779.150390625,36056.08203125,34231.30078125,10907.599609375,12812.7998046875,3513.64990234375,345.79998779296875
2021-02-10,15106.5,25885.30078125,35782.6875,34188.0,11010.849609375,12905.5498046875,3510.85009765625,351.45001220703125
2021-02-11,15173.2998046875,26043.44921875,35751.6875,34463.75,10965.25,12929.7998046875,3546.699951171875,350.54998779296875
2021-02-12,15163.2998046875,26093.80078125,36108.48046875,33928.30078125,10912.25,12785.75,3486.25,350.6000061035156
2021-02-16,15313.4501953125,25613.94921875,37097.96875,33724.5,10944.900390625,12804.150390625,3570.14990234375,356.79998779296875
2021-02-18,15118.9501953125,25618.55078125,36586.57421875,33373.8984375,10827.0,12517.5,3623.050048828125,352.6499938964844
2021-02-19,14981.75,25503.19921875,35841.18359375,33336.80078125,10540.349609375,12347.400390625,3552.10009765625,348.04998779296875
2021-02-22,14675.7001953125,24766.44921875,35256.7890625,32891.69921875,10300.0,12032.2998046875,3609.10009765625,338.29998779296875
2021-02-23,14707.7998046875,24807.80078125,35116.54296875,33025.94921875,10379.5498046875,12029.5,3749.550048828125,347.45001220703125
2021-02-24,14982.0,24779.400390625,36451.87890625,33091.69921875,10405.5,12035.849609375,3778.64990234375,350.45001220703125
2021-02-25,15097.349609375,24872.44921875,36548.57421875,33001.80078125,10497.9501953125,12141.7001953125,3928.60009765625,356.3500061035156
2021-02-26,14529.150390625,24301.44921875,34803.1953125,32443.150390625,10169.900390625,11927.900390625,3822.64990234375,349.79998779296875
2021-03-01,14761.5498046875,24556.30078125,35295.58984375,32797.6484375,10411.7998046875,12092.7001953125,3896.949951171875,354.45001220703125
2021-03-02,14919.099609375,25301.849609375,35419.2890625,33250.8984375,10744.0498046875,12257.2998046875,3927.60009765625,357.1000061035156
2021-03-03,15245.599609375,25772.650390625,36367.62890625,33454.3984375,10673.099609375,12379.599609375,4058.60009765625,362.45001220703125
2021-03-04,15080.75,25631.849609375,35802.08203125,33443.80078125,10625.75,12351.75,3976.85009765625,362.8500061035156
2021-03-05,14938.099609375,25229.599609375,35227.73828125,33360.30078125,10524.400390625,12192.75,3869.39990234375,357.70001220703125
2021-03-08,14956.2001953125,25347.94921875,35275.33984375,33190.3515625,10507.349609375,12239.849609375,3900.800048828125,353.95001220703125
2021-03-09,15098.400390625,25582.349609375,35865.23046875,33215.8515625,10464.25,12133.849609375,3802.699951171875,350.1000061035156
2021-03-10,15174.7998046875,26010.099609375,35937.8828125,33402.75,10559.2998046875,12313.25,3873.64990234375,352.25
2021-03-12,15030.9501953125,25888.25,35496.234375,33068.5,10383.900390625,12184.25,3840.199951171875,349.3500061035156
2021-03-15,14929.5,26032.05078125,35182.140625,33058.8515625,10335.099609375,12024.5,3880.050048828125,347.95001220703125
2021-03-16,14910.4501953125,26363.849609375,34804.1953125,33351.75,10350.7998046875,12013.0,3847.25,346.0
2021-03-17,14721.2998046875,26183.5,34228.8515625,33194.6015625,10159.099609375,11787.5,3752.699951171875,335.75
2021-03-18,14557.849609375,25373.349609375,33856.40625,33222.6015625,10143.9501953125,11514.4501953125,3754.35009765625,330.79998779296875
2021-03-19,14744.0,25562.75,34161.203125,34028.3515625,10186.5,11667.099609375,3832.5,329.04998779296875
2021-03-22,14736.400390625,26035.349609375,33603.05859375,34608.0,10140.4501953125,11850.75,3867.449951171875,337.95001220703125
2021-03-23,14814.75,26105.69921875,34184.0,34473.75,10187.650390625,11907.2001953125,3841.949951171875,341.5
2021-03-24,14549.400390625,25802.94921875,33292.86328125,33987.1015625,9925.25,11916.2998046875,3717.550048828125,331.45001220703125
2021-03-25,14324.900390625,25237.099609375,33006.06640625,33213.1484375,9651.349609375,11816.7998046875,3718.300048828125,323.1499938964844
2021-03-26,14507.2998046875,25385.099609375,33317.8125,33818.44921875,9771.5,11883.2001953125,3855.300048828125,328.6000061035156
2021-03-30,14845.099609375,26121.099609375,33874.70703125,34578.8515625,9865.0,12206.599609375,3963.0,328.5
2021-03-31,14690.7001953125,25855.0,33303.51171875,34931.69921875,9862.4501953125,12272.599609375,3977.199951171875,334.1499938964844
2021-04-01,14867.349609375,25980.400390625,33857.60546875,34874.55078125,10022.599609375,12377.099609375,4189.14990234375,335.79998779296875
2021-04-05,14637.7998046875,26491.400390625,32678.470703125,34304.55078125,9768.0498046875,12331.5,4226.39990234375,324.45001220703125
2021-04-06,14683.5,26532.19921875,32500.97265625,34619.8515625,9781.349609375,12548.599609375,4286.9501953125,328.25
2021-04-07,14819.0498046875,26831.0,32990.81640625,34835.30078125,9937.0,12616.349609375,4325.4501953125,331.3999938964844
2021-04-08,14873.7998046875,27148.400390625,32782.46875,34983.05078125,9959.349609375,12611.7001953125,4494.9501953125,334.1000061035156
2021-04-09,14834.849609375,27367.05078125,32447.673828125,35253.1015625,9922.9501953125,12995.349609375,4467.2998046875,332.04998779296875
2021-04-12,14310.7998046875,26727.80078125,30791.642578125,34561.3515625,9415.650390625,12961.849609375,4196.0,307.1499938964844
2021-04-13,14504.7998046875,25851.30078125,31771.23046875,34720.3515625,9818.2998046875,12807.5,4337.89990234375,315.6499938964844
2021-04-15,14581.4501953125,26010.849609375,32112.4765625,34658.6015625,9691.4501953125,12987.0498046875,4397.4501953125,314.45001220703125
2021-04-16,14617.849609375,26324.900390625,31977.078125,34853.1484375,9808.9501953125,13234.25,4434.0,313.04998779296875
2021-04-19,14359.4501953125,26236.900390625,31208.037109375,34519.0,9532.150390625,13256.25,4366.10009765625,300.29998779296875
2021-04-20,14296.400390625,25877.599609375,31112.337890625,34296.5,9630.7001953125,13426.900390625,4384.39990234375,301.25
2021-04-22,14406.150390625,25826.69921875,31782.23046875,34043.05078125,9644.5498046875,13378.9501953125,4460.89990234375,305.1499938964844
2021-04-23,14341.349609375,25609.099609375,31721.931640625,33726.1015625,9596.9501953125,13319.75,4446.85009765625,301.79998779296875
2021-04-26,14485.0,25680.30078125,32274.775390625,33865.69921875,9641.4501953125,13203.849609375,4536.2998046875,312.04998779296875
2021-04-27,14653.0498046875,25815.75,32734.96875,34009.3515625,9708.2001953125,13296.75,4659.25,314.29998779296875
2021-04-28,14864.5498046875,25962.099609375,33722.41015625,34129.1484375,9871.5,13252.9501953125,4645.0498046875,312.45001220703125
2021-04-29,14894.900390625,25874.30078125,33714.109375,34009.0,9773.7001953125,13298.650390625,4855.2998046875,312.20001220703125
2021-04-30,14631.099609375,25664.44921875,32781.41796875,33623.44921875,9640.849609375,13469.25,4847.9501953125,309.6000061035156
2021-05-03,14634.150390625,25676.05078125,32465.373046875,33994.19921875,9662.9501953125,13507.4501953125,4952.4501953125,307.6499938964844
2021-05-04,14496.5,25489.0,32269.974609375,33822.75,9577.7001953125,13234.75,4921.64990234375,306.25
2021-05-06,14724.7998046875,26258.69921875,32827.41796875,34048.5,9815.099609375,13747.75,5095.0,305.3500061035156
2021-05-07,14823.150390625,26269.44921875,32904.1171875,34123.5,9819.4501953125,13747.099609375,5335.85009765625,307.6499938964844
2021-05-10,14942.349609375,26273.44921875,33142.01171875,34204.25,9973.0498046875,14131.849609375,5503.35009765625,310.04998779296875
2021-05-12,14696.5,25855.44921875,32451.923828125,34057.3984375,10013.650390625,14065.0498046875,5290.4501953125,310.3500061035156
2021-05-14,14677.7998046875,25588.19921875,32169.177734375,34781.5,9810.4501953125,13885.5,5091.35009765625,300.45001220703125
2021-05-17,14923.150390625,25703.55078125,33458.859375,34807.3984375,10001.7001953125,13858.7001953125,5207.75,304.6499938964844
2021-05-18,15108.099609375,25958.25,33922.00390625,34741.44921875,10324.0,13832.400390625,5294.39990234375,307.20001220703125
2021-05-19,15030.150390625,25982.80078125,33684.80859375,34729.69921875,10249.099609375,14001.349609375,5245.9501953125,313.79998779296875
2021-05-21,15175.2998046875,26105.30078125,34606.49609375,34690.55078125,10312.400390625,13993.7001953125,5099.14990234375,320.6499938964844
2021-05-24,15197.7001953125,26144.19921875,34943.1953125,34572.5,10315.75,14034.650390625,5068.60009765625,325.0
2021-05-26,15301.4501953125,26857.349609375,34683.796875,34815.69921875,10437.7998046875,14127.25,5004.75,335.45001220703125
2021-05-27,15337.849609375,27164.80078125,35094.64453125,34812.30078125,10486.0,14100.0498046875,5043.2998046875,331.45001220703125
2021-05-28,15435.650390625,27122.80078125,35141.0390625,34890.5,10510.25,13934.099609375,5055.75,331.6000061035156
2021-06-01,15574.849609375,27144.400390625,35336.7890625,35241.19921875,10457.849609375,14058.0498046875,5121.64990234375,334.3999938964844
2021-06-02,15576.2001953125,26939.650390625,35373.33984375,35058.6015625,10647.75,14151.849609375,5233.2998046875,339.25
2021-06-03,15690.349609375,26987.900390625,35648.5859375,35266.5,10647.650390625,14114.400390625,5268.0498046875,352.1000061035156
2021-06-04,15670.25,26996.75,35291.23828125,35138.0,10735.75,14101.5498046875,5339.14990234375,353.79998779296875
2021-06-07,15751.650390625,27295.650390625,35443.23828125,35375.3515625,10806.5498046875,14069.0,5315.5,352.79998779296875
2021-06-08,15740.099609375,27623.80078125,35084.89453125,35672.44921875,10873.900390625,14189.849609375,5258.89990234375,355.79998779296875
2021-06-09,15635.349609375,27539.0,34800.09375,35588.94921875,10734.400390625,14118.900390625,5209.4501953125,349.8999938964844
2021-06-10,15737.75,27798.0,35130.7890625,35731.30078125,10722.7001953125,14313.900390625,5265.2001953125,361.6000061035156
2021-06-11,15799.349609375,28217.5,35046.9921875,35646.94921875,10765.5,14464.0498046875,5406.7998046875,357.8500061035156
2021-06-14,15811.849609375,28314.099609375,34950.1953125,35659.94921875,10753.099609375,14449.599609375,5371.60009765625,352.3999938964844
2021-06-15,15869.25,28377.849609375,35247.33984375,35921.5,10754.400390625,14322.650390625,5368.9501953125,357.04998779296875
2021-06-16,15767.5498046875,28448.849609375,35003.09375,36131.25,10669.4501953125,14215.7001953125,5216.2001953125,352.54998779296875
2021-06-17,15691.400390625,28611.349609375,34604.99609375,36183.55078125,10523.0,14081.599609375,5095.10009765625,346.75
2021-06-18,15683.349609375,28445.599609375,34557.59765625,36287.1484375,10443.75,14030.599609375,5048.64990234375,343.8500061035156
2021-06-21,15746.5,28367.0,34870.89453125,36377.6015625,10401.150390625,14082.9501953125,5105.2001953125,351.8500061035156
2021-06-22,15772.75,28523.55078125,34744.59765625,36299.6484375,10540.4501953125,14095.0,5119.39990234375,349.45001220703125
2021-06-23,15686.9501953125,28258.5,34573.59765625,36188.75,10588.5,14018.0498046875,5061.7998046875,348.20001220703125
2021-06-24,15790.4501953125,29048.0,34826.59375,36242.55078125,10618.4501953125,13967.9501953125,5090.89990234375,345.54998779296875
2021-06-25,15860.349609375,29210.55078125,35364.23828125,36006.55078125,10706.7998046875,14069.599609375,5223.9501953125,346.54998779296875
2021-06-28,15814.7001953125,29068.55078125,35359.0390625,36054.44921875,10709.900390625,14247.599609375,5290.7998046875,346.70001220703125
2021-06-29,15748.4501953125,28986.25,35009.89453125,36234.55078125,10612.25,14330.2001953125,5226.0498046875,345.45001220703125
2021-06-30,15721.5,29168.0,34771.796875,36093.19921875,10600.349609375,14308.900390625,5215.7998046875,343.95001220703125
2021-07-01,15680.0,29003.099609375,34683.59765625,36234.8984375,10687.7001953125,14442.4501953125,5207.39990234375,342.79998779296875
2021-07-02,15722.2001953125,29007.94921875,34809.4921875,36216.69921875,10685.5,14529.650390625,5130.0498046875,344.6000061035156
2021-07-06,15818.25,28649.400390625,35578.734375,36238.5,10559.7001953125,14406.9501953125,5172.7001953125,352.79998779296875
2021-07-07,15879.650390625,28734.650390625,35770.88671875,36447.05078125,10552.5,14453.2001953125,5286.4501953125,359.70001220703125
2021-07-08,15727.900390625,28749.0,35273.69140625,36179.1015625,10456.0,14269.2998046875,5170.5,357.6499938964844
2021-07-09,15689.7998046875,28662.19921875,35071.54296875,36184.3984375,10420.2998046875,14360.2001953125,5273.60009765625,366.1499938964844
2021-07-12,15692.599609375,28532.349609375,35198.48828125,36176.6484375,10438.2001953125,14372.2001953125,5262.5498046875,379.3500061035156
2021-07-13,15812.349609375,28439.75,35672.984375,36110.30078125,10497.7998046875,14460.0498046875,5295.60009765625,380.79998779296875
2021-07-14,15853.9501953125,29339.849609375,35667.8359375,36073.19921875,10467.900390625,14507.0,5299.9501953125,377.20001220703125
2021-07-15,15924.2001953125,29718.05078125,35907.23046875,36182.94921875,10426.0,14467.4501953125,5335.39990234375,393.04998779296875
2021-07-16,15923.400390625,29400.25,35751.38671875,36253.55078125,10428.4501953125,14635.0498046875,5391.2998046875,397.54998779296875
2021-07-19,15752.400390625,29264.0,35078.79296875,36180.3984375,10310.900390625,14669.900390625,5317.85009765625,399.25
2021-07-20,15632.099609375,29252.5,34415.05078125,36230.25,10222.2001953125,14479.2001953125,5193.64990234375,389.1499938964844
2021-07-22,15824.0498046875,29779.94921875,34676.8984375,36263.6015625,10235.7998046875,14575.400390625,5348.9501953125,395.95001220703125
2021-07-23,15856.0498046875,29894.30078125,35033.9921875,36558.6484375,10201.349609375,14597.849609375,5353.7998046875,401.04998779296875
2021-07-26,15824.4501953125,29940.400390625,34949.29296875,36486.75,10137.9501953125,14652.5498046875,5387.39990234375,397.20001220703125
2021-07-27,15746.4501953125,29892.55078125,34797.04296875,36360.80078125,10094.349609375,14018.650390625,5465.89990234375,394.29998779296875
2021-07-28,15709.400390625,29954.150390625,34532.49609375,36360.3515625,10000.400390625,13964.75,5532.7998046875,391.20001220703125
2021-07-29,15778.4501953125,30371.400390625,34691.09765625,35990.05078125,9956.650390625,13920.349609375,5810.75,397.5
2021-07-30,15763.0498046875,30480.05078125,34583.94921875,36051.8984375,10048.5,14425.2998046875,5770.35009765625,398.6499938964844
2021-08-02,15885.150390625,30803.05078125,34709.59765625,36199.94921875,10183.4501953125,14474.9501953125,5781.2998046875,417.75
2021-08-03,16130.75,31165.849609375,35207.0390625,36826.05078125,10342.599609375,14647.849609375,5778.2001953125,418.8500061035156
2021-08-04,16258.7998046875,30977.150390625,36027.6328125,36482.44921875,10246.7998046875,14594.349609375,5759.89990234375,411.8500061035156
2021-08-05,16294.599609375,31211.19921875,35834.33203125,36701.44921875,10224.900390625,14579.849609375,5834.39990234375,407.3500061035156
2021-08-06,16238.2001953125,31303.30078125,35808.83203125,36669.80078125,10249.5,14517.5,5841.35009765625,403.45001220703125
2021-08-09,16258.25,31441.0,36028.53125,36691.8984375,10239.0,14533.4501953125,5732.0,400.5
2021-08-10,16280.099609375,31713.400390625,36033.68359375,36537.25,10158.75,14502.900390625,5573.2998046875,392.3999938964844
2021-08-11,16282.25,31670.0,35805.98046875,36425.8515625,10140.400390625,14291.150390625,5748.2998046875,393.45001220703125
2021-08-12,16364.400390625,32245.099609375,35936.6328125,36521.8515625,10180.5498046875,14133.0498046875,5769.25,398.20001220703125
2021-08-13,16529.099609375,32678.80078125,36168.9296875,36842.05078125,10178.2998046875,14049.0498046875,5799.2998046875,394.54998779296875
2021-08-16,16563.05078125,32577.94921875,36094.08203125,36954.25,10088.7998046875,13965.400390625,5884.89990234375,393.0
2021-08-17,16614.599609375,33414.75,35867.03125,37478.55078125,10088.2998046875,14041.25,5749.39990234375,390.25
2021-08-18,16568.849609375,33448.8984375,35554.0859375,37738.30078125,10067.9501953125,14071.349609375,5702.60009765625,387.25
2021-08-20,16450.5,33351.3515625,35033.4453125,38596.05078125,9904.7001953125,13711.150390625,5335.9501953125,373.3999938964844
2021-08-23,16496.44921875,33919.80078125,35123.98828125,38489.5,9759.150390625,13700.599609375,5291.25,369.70001220703125
2021-08-24,16624.599609375,33838.3984375,35711.6875,38232.80078125,9832.7998046875,13876.0498046875,5444.7998046875,376.45001220703125
2021-08-25,16634.650390625,34083.94921875,35585.8359375,38448.1015625,9808.650390625,13830.5,5474.0498046875,373.5
2021-08-26,16636.900390625,34041.1015625,35617.13671875,38670.69921875,9763.099609375,13758.599609375,5404.7001953125,374.5
2021-08-27,16705.19921875,34309.80078125,35627.38671875,38819.5,9793.849609375,13948.7001953125,5492.7001953125,377.25
2021-08-30,16931.05078125,34109.25,36347.2265625,39150.19921875,9957.900390625,14222.5,5628.10009765625,384.54998779296875
2021-08-31,17132.19921875,34570.25,36424.1796875,39529.69921875,10034.4501953125,14344.75,5714.60009765625,386.79998779296875
2021-09-01,17076.25,34110.5,36573.875,39644.69921875,10043.900390625,14319.849609375,5612.4501953125,408.3500061035156
2021-09-02,17234.150390625,34680.30078125,36830.87109375,40296.3984375,10022.4501953125,14458.5,5653.2998046875,413.45001220703125
2021-09-03,17323.599609375,34891.19921875,36760.72265625,40226.25,10124.75,14485.650390625,5719.35009765625,417.8500061035156
2021-09-06,17377.80078125,35415.1015625,36591.92578125,40169.05078125,10167.25,14481.5498046875,5742.7001953125,431.04998779296875
2021-09-07,17362.099609375,34951.30078125,36468.375,40289.8515625,10152.7001953125,14387.349609375,5708.35009765625,421.0
2021-09-08,17353.5,34678.19921875,36767.7734375,40263.44921875,10100.400390625,14349.4501953125,5720.75,420.70001220703125
2021-09-09,17369.25,34802.30078125,36682.7734375,40577.94921875,10112.599609375,14329.849609375,5765.14990234375,417.6000061035156
2021-09-13,17355.30078125,35129.6015625,36471.375,40592.3515625,10120.150390625,14377.0498046875,5839.2998046875,420.29998779296875
2021-09-14,17380.0,35431.5,36612.625,40469.55078125,10209.599609375,14410.9501953125,5810.35009765625,422.04998779296875
2021-09-15,17519.44921875,36075.19921875,36851.8203125,40504.5,10297.0,14487.900390625,5859.0498046875,422.70001220703125
2021-09-16,17629.5,35852.44921875,37668.1640625,41007.6015625,10351.4501953125,14491.349609375,5822.5,423.5
2021-09-17,17585.150390625,35646.5,37811.5078125,40798.8984375,10351.4501953125,14355.150390625,5683.85009765625,413.54998779296875
2021-09-20,17396.900390625,35400.05078125,37145.265625,41169.69921875,10202.650390625,14097.25,5309.0,404.70001220703125
2021-09-21,17562.0,36086.05078125,37235.41796875,41619.94921875,10155.9501953125,14278.9501953125,5444.4501953125,419.1499938964844
2021-09-22,17546.650390625,36422.44921875,36944.21875,41507.25,10284.599609375,14334.25,5524.64990234375,454.54998779296875
2021-09-23,17822.94921875,36816.8984375,37771.26171875,41548.80078125,10372.9501953125,14380.5,5616.0498046875,493.8999938964844
2021-09-24,17853.19921875,37103.25,37829.859375,41090.8984375,10429.0498046875,14289.150390625,5498.2001953125,501.29998779296875
2021-09-27,17855.099609375,36034.3984375,38170.8046875,40720.6015625,10765.150390625,14156.7001953125,5504.4501953125,516.2999877929688
2021-09-28,17748.599609375,35239.94921875,37944.55859375,40682.94921875,10695.9501953125,14171.599609375,5534.60009765625,500.70001220703125
2021-09-29,17711.30078125,35282.6484375,37742.5625,40472.1484375,10655.5,14404.9501953125,5661.25,506.3500061035156
2021-09-30,17618.150390625,35028.0,37424.66796875,40426.55078125,10598.4501953125,14466.5,5611.25,513.7999877929688
2021-10-01,17532.05078125,34780.6015625,37225.46484375,40399.0,10596.9501953125,14587.650390625,5638.7998046875,506.04998779296875
2021-10-04,17691.25,35126.1484375,37579.2109375,40445.44921875,10641.150390625,14812.400390625,5807.35009765625,517.0499877929688
2021-10-05,17822.30078125,35544.30078125,37740.5625,40427.5,10692.0,14738.25,5800.2998046875,510.0
2021-10-06,17646.0,35075.80078125,37521.11328125,40167.44921875,10567.5498046875,14461.9501953125,5627.35009765625,501.75
2021-10-07,17790.349609375,35703.8515625,37752.76171875,40226.3984375,11031.7998046875,14562.2001953125,5659.9501953125,532.6500244140625
2021-10-08,17895.19921875,36402.0,37774.8125,39993.3515625,11079.349609375,14514.7998046875,5681.4501953125,520.9000244140625
2021-10-11,17945.94921875,35179.94921875,38293.35546875,40318.05078125,11375.5498046875,14615.349609375,5766.39990234375,529.9000244140625
2021-10-12,17991.94921875,34869.75,38521.05078125,40808.75,11476.099609375,14629.2001953125,5829.35009765625,533.75
2021-10-13,18161.75,35285.6015625,38635.30078125,41149.3984375,11870.0,14679.400390625,5914.64990234375,532.4500122070312
2021-10-14,18338.55078125,35744.8515625,39340.44140625,41377.19921875,11800.2998046875,14728.650390625,6019.2001953125,539.25
2021-10-18,18477.05078125,36306.3515625,39684.33984375,41564.1484375,11814.7998046875,14598.2001953125,6253.10009765625,541.7999877929688
2021-10-19,18418.75,37106.3515625,39540.0390625,40237.30078125,11626.849609375,14384.349609375,6099.35009765625,516.0999755859375
2021-10-20,18266.599609375,36846.80078125,39517.73828125,39696.3515625,11493.2998046875,14177.349609375,5974.0,504.95001220703125
2021-10-21,18178.099609375,35913.6015625,40029.734375,39354.44921875,11557.400390625,14169.9501953125,5868.39990234375,497.8500061035156
2021-10-22,18114.900390625,35394.6484375,40323.1796875,38874.80078125,11433.9501953125,13949.650390625,5690.10009765625,510.6000061035156
2021-10-25,18125.400390625,35005.3984375,41191.91796875,38491.0,11228.2001953125,13943.849609375,5679.64990234375,496.45001220703125
2021-10-26,18268.400390625,35162.3515625,41237.8203125,38826.8515625,11452.25,13970.650390625,5830.64990234375,514.4000244140625
2021-10-27,18210.94921875,35503.8984375,40873.875,38946.1015625,11395.150390625,14094.25,5741.89990234375,515.9500122070312
2021-10-28,17857.25,34913.6015625,39508.48828125,38208.55078125,11260.900390625,13780.599609375,5544.5498046875,496.5
2021-10-29,17671.650390625,34408.75,39115.1484375,38222.1015625,11297.4501953125,13879.349609375,5563.39990234375,498.70001220703125
2021-11-01,17929.650390625,35290.0,39763.2890625,38663.6484375,11421.0,14049.4501953125,5733.75,518.7999877929688
2021-11-02,17888.94921875,35177.3515625,39937.984375,38616.19921875,11521.25,13993.2001953125,5643.14990234375,536.3499755859375
2021-11-03,17829.19921875,35177.1015625,39401.59375,38370.1015625,11401.2001953125,13888.2998046875,5695.4501953125,546.75
2021-11-04,17916.80078125,35334.25,39573.23828125,38710.1015625,11569.7998046875,13948.2001953125,5697.9501953125,548.0499877929688
2021-11-08,18068.55078125,35782.3515625,39437.79296875,39094.75,11645.75,13851.25,5780.4501953125,555.5999755859375
2021-11-09,18044.25,35815.1015625,39368.34375,38964.25,11766.25,13878.7001953125,5761.60009765625,556.1500244140625
2021-11-10,18017.19921875,35722.94921875,39022.796875,38917.3515625,11829.150390625,13911.2998046875,5660.4501953125,548.5999755859375
2021-11-11,17873.599609375,35583.6484375,38559.75,38542.55078125,11690.150390625,13717.7998046875,5681.0,535.7999877929688
2021-11-12,18102.75,36332.30078125,38732.90234375,38912.75,11706.5,13774.650390625,5728.7001953125,544.6500244140625
2021-11-15,18109.44921875,36465.30078125,38701.90234375,39278.30078125,11687.650390625,13974.349609375,5624.2998046875,545.8499755859375
2021-11-16,17999.19921875,36643.8984375,38306.65625,39014.6484375,11977.2998046875,13798.7998046875,5586.35009765625,545.0999755859375
2021-11-17,17898.650390625,36660.8984375,38041.109375,39013.44921875,12061.7998046875,13621.900390625,5568.10009765625,536.1500244140625
2021-11-18,17764.80078125,36007.0,37975.80859375,38866.5,11747.4501953125,13481.400390625,5423.89990234375,526.9000244140625
2021-11-22,17416.55078125,35478.94921875,37128.37109375,38351.6484375,11379.75,13245.349609375,5421.60009765625,505.1000061035156
2021-11-23,17503.349609375,35504.3984375,37272.3671875,38560.1015625,11455.7001953125,13489.9501953125,5600.39990234375,516.0
2021-11-24,17415.05078125,34966.25,37441.515625,38178.19921875,11308.849609375,13408.099609375,5602.60009765625,515.6500244140625
2021-11-25,17536.25,35300.25,37364.31640625,38259.75,11247.75,13566.5,5624.0,525.7000122070312
2021-11-26,17026.44921875,34606.1484375,36025.08203125,37547.1484375,10759.599609375,13797.099609375,5323.75,492.79998779296875
2021-11-29,17053.94921875,34870.75,35976.03125,37324.8515625,10704.150390625,13648.7998046875,5304.7001953125,484.6000061035156
2021-11-30,16983.19921875,35043.75,35694.88671875,37386.94921875,10603.5498046875,13662.7998046875,5201.7001953125,487.6000061035156
2021-12-01,17166.900390625,35429.0,36364.4765625,37457.8515625,10758.150390625,13442.099609375,5322.2001953125,494.6499938964844
2021-12-02,17401.650390625,36157.8515625,36507.82421875,37892.6015625,10873.150390625,13557.0,5405.0498046875,497.3500061035156
2021-12-03,17196.69921875,35848.05078125,36196.7265625,37498.1015625,10788.75,13443.849609375,5392.39990234375,496.29998779296875
2021-12-06,16912.25,34879.3984375,35735.484375,36821.8515625,10589.7998046875,13192.25,5327.89990234375,489.5
2021-12-07,17176.69921875,35272.30078125,36617.97265625,37175.8515625,10759.0,13234.349609375,5494.4501953125,500.45001220703125
2021-12-08,17469.75,35959.05078125,37284.265625,37659.94921875,11007.7001953125,13433.849609375,5594.89990234375,509.04998779296875
2021-12-09,17516.849609375,35946.3515625,37082.01953125,38201.6484375,11058.75,13449.400390625,5629.7998046875,507.6499938964844
2021-12-10,17511.30078125,35939.6015625,37105.21875,38189.55078125,11080.0498046875,13446.099609375,5658.89990234375,519.4000244140625
2021-12-13,17368.25,36050.55078125,36924.8203125,37823.55078125,11047.150390625,13432.900390625,5642.7998046875,512.4000244140625
2021-12-14,17324.900390625,36102.55078125,36893.51953125,37642.6015625,10972.150390625,13575.900390625,5666.7998046875,509.20001220703125
2021-12-15,17221.400390625,35737.19921875,36789.125,37424.6484375,11026.0,13512.0498046875,5604.10009765625,499.6000061035156
2021-12-16,17248.400390625,36160.30078125,36548.22265625,37244.3515625,10945.75,13393.650390625,5597.14990234375,495.3999938964844
2021-12-17,16985.19921875,36647.8984375,35618.234375,36438.0,10678.650390625,13230.7001953125,5476.7998046875,475.95001220703125
2021-12-20,16614.19921875,35916.44921875,34439.453125,36084.6484375,10405.2998046875,13184.4501953125,5269.60009765625,452.6499938964844
2021-12-21,16770.849609375,36627.1484375,34607.44921875,36336.80078125,10483.900390625,13282.849609375,5424.60009765625,459.95001220703125
2021-12-22,16955.44921875,36989.1484375,35029.09375,36505.55078125,10652.5498046875,13547.7001953125,5521.10009765625,473.5
2021-12-23,17072.599609375,37362.8515625,35190.73828125,36995.1015625,10731.0498046875,13644.5,5519.89990234375,484.45001220703125
2021-12-24,17003.75,37727.80078125,34856.64453125,36913.75,10620.75,13491.25,5492.7001953125,477.29998779296875
2021-12-27,17086.25,37988.5,35057.4921875,36883.3984375,10641.650390625,13710.150390625,5489.4501953125,479.6000061035156
2021-12-28,17233.25,38357.80078125,35183.390625,37162.69921875,10783.849609375,13836.150390625,5538.7001953125,483.3999938964844
2021-12-29,17213.599609375,38274.6484375,35044.9921875,37028.69921875,10829.5498046875,14072.900390625,5480.5498046875,483.04998779296875
2021-12-30,17203.94921875,38658.80078125,35063.1953125,37075.6484375,10755.650390625,14135.5,5416.64990234375,478.3500061035156
2021-12-31,17354.05078125,38701.05078125,35481.28515625,37579.94921875,10936.900390625,14223.0,5521.75,484.1499938964844
2022-01-03,17625.69921875,39123.80078125,36421.4765625,37606.05078125,11114.5498046875,14156.400390625,5628.10009765625,489.6499938964844
2022-01-04,17805.25,39370.69921875,36839.71875,37800.3515625,11139.400390625,14040.650390625,5606.85009765625,487.04998779296875
2022-01-05,17925.25,38609.1484375,37695.4609375,37910.94921875,11256.849609375,13999.849609375,5684.14990234375,492.8999938964844
2022-01-06,17745.900390625,38009.0,37489.8125,37622.5,11316.599609375,13912.25,5656.0,485.6499938964844
2022-01-07,17812.69921875,38139.8515625,37739.1640625,37864.44921875,11290.900390625,13857.9501953125,5684.85009765625,485.79998779296875
2022-01-10,18003.30078125,38212.19921875,38347.453125,37984.05078125,11501.7001953125,13858.9501953125,5718.7998046875,495.1499938964844
2022-01-11,18055.75,38605.44921875,38441.75390625,37849.8984375,11479.7001953125,13854.25,5610.35009765625,497.95001220703125
2022-01-12,18212.349609375,38604.75,38727.1015625,37992.94921875,11645.900390625,13833.7001953125,5685.0,507.45001220703125
2022-01-13,18257.80078125,38607.0,38469.50390625,38087.25,11686.150390625,14051.150390625,5882.75,503.79998779296875
2022-01-14,18255.75,38826.8515625,38369.953125,37816.0,11643.0498046875,13964.150390625,5871.39990234375,509.6000061035156
2022-01-17,18308.099609375,38804.94921875,38215.703125,37988.8984375,11881.25,13862.4501953125,5888.39990234375,516.0999755859375
2022-01-18,18113.05078125,38091.75,38209.85546875,37503.1484375,11598.75,13697.599609375,5755.14990234375,502.6499938964844
2022-01-19,17938.400390625,37281.69921875,38040.91015625,37106.3984375,11681.400390625,13682.7001953125,5801.10009765625,501.8999938964844
2022-01-20,17757.0,36662.19921875,37850.41015625,36681.3984375,11583.2001953125,13454.900390625,5831.14990234375,503.04998779296875
2022-01-21,17617.150390625,36054.6015625,37573.86328125,36812.8984375,11561.75,13243.0498046875,5719.5498046875,491.20001220703125
2022-01-24,17149.099609375,34821.6015625,36947.12109375,35941.3515625,11261.2001953125,12998.599609375,5420.4501953125,462.20001220703125
2022-01-25,17277.94921875,34707.44921875,37706.3125,36382.8515625,11522.75,13092.099609375,5485.14990234375,470.6000061035156
2022-01-27,17110.150390625,33475.05078125,37981.66015625,35966.80078125,11561.599609375,12847.900390625,5445.89990234375,462.1000061035156
2022-01-28,17101.94921875,33851.94921875,37688.9609375,36188.30078125,11493.400390625,12983.0498046875,5466.0498046875,465.6499938964844
2022-01-31,17339.849609375,34824.55078125,37974.91015625,36467.25,11703.5,13179.900390625,5473.4501953125,480.25
2022-02-01,17576.849609375,35371.6484375,38505.05078125,37183.80078125,11616.099609375,13477.5,5719.39990234375,488.6499938964844
2022-02-02,17780.0,35788.75,39330.04296875,37581.5,11632.400390625,13643.650390625,5779.7001953125,495.5
2022-02-03,17560.19921875,35056.80078125,39009.546875,37467.19921875,11683.400390625,13617.599609375,5761.60009765625,486.8999938964844
2022-02-04,17516.30078125,35080.1015625,38788.90234375,37508.3984375,11560.599609375,13580.2998046875,5829.5,473.45001220703125
2022-02-07,17213.599609375,34621.25,37995.0078125,36764.94921875,11407.25,13381.7001953125,5829.0,468.20001220703125
2022-02-08,17266.75,34521.55078125,38028.0078125,36765.94921875,11429.7998046875,13444.7001953125,5875.60009765625,464.25
2022-02-09,17463.80078125,34983.30078125,38609.80078125,36852.8515625,11680.150390625,13570.2998046875,5985.0,467.0
2022-02-10,17605.849609375,35341.8515625,39010.49609375,36982.55078125,11674.0498046875,13613.0498046875,6059.4501953125,471.20001220703125
2022-02-11,17374.75,34379.05078125,38516.80078125,36671.6484375,11552.900390625,13510.2998046875,6023.7998046875,461.8500061035156
2022-02-14,16842.80078125,33880.6484375,36908.12109375,35661.25,11107.150390625,13252.150390625,5719.0,437.3999938964844
2022-02-15,17352.44921875,34913.30078125,38169.65625,36438.69921875,11552.2998046875,13356.900390625,5845.5,450.70001220703125
2022-02-16,17322.19921875,34801.94921875,37953.359375,36460.75,11509.7001953125,13425.099609375,5812.14990234375,455.79998779296875
2022-02-17,17304.599609375,34634.1015625,37531.2109375,36571.69921875,11492.849609375,13324.400390625,5793.39990234375,454.70001220703125
2022-02-18,17276.30078125,34483.1015625,37598.7109375,36498.69921875,11420.4501953125,13208.7998046875,5778.39990234375,449.0
2022-02-21,17206.650390625,34472.05078125,37685.1640625,36200.30078125,11361.599609375,13029.900390625,5658.9501953125,442.8999938964844
2022-02-22,17092.19921875,34129.55078125,37371.21484375,35879.8515625,11343.0498046875,12954.5,5595.89990234375,430.0
2022-02-23,17063.25,34114.30078125,37391.6171875,35933.1015625,11318.7001953125,12976.2998046875,5608.89990234375,443.54998779296875
2022-02-24,16247.9501953125,32547.900390625,35227.69140625,34735.1484375,10609.7998046875,12500.099609375,5313.64990234375,411.75
2022-02-25,16658.400390625,33476.94921875,36430.328125,35292.55078125,10895.2998046875,12899.849609375,5618.7001953125,433.75
2022-02-28,16793.900390625,33847.8515625,36204.87890625,35515.3984375,10820.5498046875,12927.599609375,5896.85009765625,436.3999938964844
2022-03-02,16605.94921875,33720.0,35372.390625,35364.44921875,10500.4501953125,12689.5498046875,6136.7001953125,431.25
2022-03-03,16498.05078125,34130.30078125,34943.89453125,35019.6015625,10261.099609375,12643.75,6210.25,429.0
2022-03-04,16245.349609375,34177.69921875,34407.40234375,34627.8515625,9896.650390625,12600.150390625,6010.14990234375,416.45001220703125
2022-03-07,15863.150390625,34135.8984375,32870.8671875,33657.44921875,9480.4501953125,12546.849609375,6136.14990234375,393.6499938964844
2022-03-08,16013.4501953125,35055.55078125,33157.71484375,34006.8984375,9560.0,12844.849609375,6045.2998046875,406.45001220703125
2022-03-09,16345.349609375,35440.55078125,33815.0546875,34486.94921875,9832.349609375,13059.25,6024.60009765625,418.8500061035156
2022-03-10,16594.900390625,35399.1015625,34475.19921875,35530.30078125,10019.349609375,13077.0498046875,6161.9501953125,428.20001220703125
2022-03-11,16630.44921875,35348.69921875,34545.84765625,35613.6484375,9979.7001953125,13399.0,6190.0498046875,430.20001220703125
2022-03-14,16871.30078125,36028.0,35311.73828125,35589.3984375,10074.2998046875,13351.900390625,6161.0498046875,422.95001220703125
2022-03-15,16663.0,35097.8515625,35022.2421875,35649.94921875,10131.2998046875,13318.849609375,5910.10009765625,421.70001220703125
2022-03-16,16975.349609375,35729.6484375,35747.8359375,36273.6015625,10350.099609375,13374.5,6065.7001953125,437.04998779296875
2022-03-17,17287.05078125,35643.6015625,36428.12890625,36782.69921875,10576.0,13546.0498046875,6183.7998046875,450.75
2022-03-21,17117.599609375,35377.75,36018.08203125,36149.3515625,10448.400390625,13549.5498046875,6276.35009765625,447.6000061035156
2022-03-22,17315.5,36070.44921875,36348.12890625,35887.05078125,10572.900390625,13513.150390625,6323.7001953125,443.1000061035156
2022-03-23,17245.650390625,36082.0,36146.9296875,35789.8515625,10463.4501953125,13569.650390625,6399.9501953125,441.54998779296875
2022-03-24,17222.75,36516.75,35526.6875,35797.1484375,10412.400390625,13724.5,6498.2001953125,443.75
2022-03-25,17153.0,36152.30078125,35409.69140625,35522.75,10354.150390625,13607.0498046875,6500.2001953125,449.1499938964844
2022-03-28,17222.0,36026.05078125,35710.0859375,35659.44921875,10421.599609375,13562.25,6559.39990234375,451.0
2022-03-29,17325.30078125,36146.75,35846.98046875,35640.1484375,10416.25,13771.400390625,6571.85009765625,455.3999938964844
2022-03-30,17498.25,36463.55078125,36333.87890625,35858.25,10542.150390625,13745.599609375,6428.9501953125,462.3500061035156
2022-03-31,17464.75,36317.19921875,36373.1796875,36287.75,10552.099609375,13584.099609375,6423.7001953125,463.54998779296875
2022-04-01,17670.44921875,36343.3984375,37148.06640625,36712.1484375,10676.849609375,13579.900390625,6477.2001953125,474.54998779296875
2022-04-04,18053.400390625,36442.8984375,38634.75,37191.75,10803.849609375,13789.25,6606.10009765625,476.1499938964844
2022-04-05,17957.400390625,36466.55078125,38067.45703125,37656.80078125,10936.5,13809.25,6640.4501953125,474.8999938964844
2022-04-06,17807.650390625,35871.5,37632.36328125,37588.8984375,10906.7998046875,13758.4501953125,6730.0,473.70001220703125
2022-04-07,17639.55078125,35423.25,37556.9140625,37561.69921875,10820.7001953125,13815.0,6618.35009765625,473.8500061035156
2022-04-08,17784.349609375,35394.44921875,37751.61328125,38322.6484375,10894.2998046875,13838.599609375,6755.5498046875,474.5
2022-04-11,17674.94921875,34895.8984375,37613.36328125,38236.25,10882.099609375,13837.849609375,6774.89990234375,479.8500061035156
2022-04-12,17530.30078125,34379.5,37746.9609375,37931.3984375,10788.7998046875,13744.650390625,6589.25,466.6000061035156
2022-04-13,17475.650390625,34354.80078125,37462.96484375,38191.3984375,10698.2998046875,13772.75,6627.0,464.1000061035156
2022-04-18,17173.650390625,32780.05078125,36728.57421875,38422.1015625,10745.75,13717.2998046875,6648.9501953125,458.20001220703125
2022-04-19,16958.650390625,31804.19921875,36341.1796875,37337.3984375,10615.150390625,13522.4501953125,6578.0,446.8999938964844
2022-04-20,17136.55078125,32173.400390625,36314.4765625,37722.80078125,10848.7001953125,13660.650390625,6556.10009765625,449.3500061035156
2022-04-21,17392.599609375,32611.599609375,36815.671875,38005.8984375,11090.5498046875,13821.2998046875,6570.2001953125,454.3999938964844
2022-04-22,17171.94921875,32426.69921875,36044.33203125,37775.44921875,11028.150390625,13569.849609375,6440.64990234375,448.1000061035156
2022-04-25,16953.94921875,31744.0,36081.93359375,37167.3984375,10916.5,13296.75,6256.7998046875,431.25
2022-04-26,17200.80078125,31840.05078125,36404.37890625,37866.69921875,11221.75,13444.099609375,6336.85009765625,446.6499938964844
2022-04-27,17038.400390625,31594.349609375,36028.43359375,37634.5,11158.849609375,13358.150390625,6321.5498046875,445.29998779296875
2022-04-28,17245.05078125,31914.349609375,36421.77734375,38460.25,11192.0498046875,13480.0,6362.39990234375,449.1000061035156
2022-04-29,17102.55078125,31622.400390625,36087.73046875,38204.1484375,11078.099609375,13462.849609375,6327.2998046875,443.75
2022-05-02,17069.099609375,31138.80078125,36163.328125,38285.30078125,10938.2998046875,13460.25,6363.10009765625,444.70001220703125
2022-05-04,16677.599609375,30794.599609375,35264.140625,37621.80078125,10661.0,13108.7998046875,6158.5498046875,430.1499938964844
2022-05-05,16682.650390625,31432.44921875,35232.44140625,37408.05078125,10705.7001953125,13008.5,6196.60009765625,423.20001220703125
2022-05-06,16411.25,30719.44921875,34590.796875,37279.30078125,10518.4501953125,12820.900390625,6066.0,408.1499938964844
2022-05-09,16301.849609375,30733.30078125,34275.0,36732.0,10483.5,12785.0,5942.7998046875,402.95001220703125
2022-05-10,16240.0498046875,30427.19921875,34482.24609375,36911.8984375,10472.4501953125,12596.2998046875,5633.85009765625,391.1000061035156
2022-05-11,16167.099609375,30050.25,34692.74609375,36658.3984375,10377.400390625,12557.650390625,5634.14990234375,393.95001220703125
2022-05-12,15808.0,29756.849609375,33531.7578125,36221.75,10164.349609375,12424.4501953125,5425.89990234375,385.5
2022-05-13,15782.150390625,29624.849609375,33120.96484375,36887.1484375,10412.349609375,12629.5,5313.0498046875,384.45001220703125
2022-05-16,15842.2998046875,29403.5,33597.2109375,36759.5,10649.099609375,12608.25,5359.9501953125,394.5
2022-05-17,16259.2998046875,30218.75,34301.5,37518.75,10911.150390625,12745.9501953125,5727.4501953125,402.20001220703125
2022-05-18,16240.2998046875,30077.69921875,34163.30078125,37989.05078125,10909.4501953125,12881.5498046875,5708.9501953125,395.1499938964844
2022-05-19,15809.400390625,28352.150390625,33315.26171875,37740.44921875,10618.0,12600.849609375,5476.25,384.8500061035156
2022-05-20,16266.150390625,28789.400390625,34276.0,38546.3515625,10914.599609375,13065.5,5706.35009765625,401.04998779296875
2022-05-23,16214.7001953125,29079.30078125,34247.203125,38510.80078125,11115.2001953125,12889.2001953125,5241.60009765625,396.79998779296875
2022-05-24,16125.150390625,28531.5,34289.75,38010.8515625,11116.2998046875,12691.599609375,5180.2998046875,392.0
2022-05-25,16025.7998046875,27566.099609375,34339.1015625,37930.94921875,11011.5,12543.849609375,5079.25,380.70001220703125
2022-05-26,16170.150390625,27932.55078125,35094.4921875,37849.19921875,11097.150390625,12557.5,5214.75,386.0
2022-05-27,16352.4501953125,28641.599609375,35612.88671875,38242.69921875,11270.25,12669.9501953125,5211.5,387.8500061035156
2022-05-30,16661.400390625,29753.30078125,35826.53125,38610.3984375,11491.400390625,12671.150390625,5264.0498046875,403.6000061035156
2022-05-31,16584.55078125,29679.05078125,35486.984375,38713.44921875,11586.599609375,12604.4501953125,5332.75,411.70001220703125
2022-06-01,16522.75,29260.75,35620.38671875,38434.55078125,11563.0,12443.75,5336.7001953125,407.1000061035156
2022-06-02,16628.0,29792.400390625,35613.234375,38497.30078125,11491.400390625,12500.349609375,5397.5498046875,410.79998779296875
2022-06-03,16584.30078125,29903.80078125,35274.640625,38273.8984375,11282.150390625,12418.7998046875,5328.7998046875,406.8500061035156
2022-06-06,16569.55078125,29819.80078125,35309.7890625,38238.44921875,11303.150390625,12412.400390625,5388.64990234375,403.5
2022-06-07,16416.349609375,29351.69921875,34995.59375,37648.8515625,11362.2001953125,12279.650390625,5340.85009765625,396.75
2022-06-08,16356.25,29472.150390625,34945.7421875,37254.3515625,11382.349609375,12317.7998046875,5348.2001953125,404.25
2022-06-09,16478.099609375,29761.55078125,35085.04296875,37440.6484375,11419.25,12465.900390625,5278.2001953125,405.29998779296875
2022-06-10,16201.7998046875,29114.30078125,34483.3984375,37428.69921875,11394.0,12419.2001953125,5199.9501953125,400.45001220703125
2022-06-13,15774.400390625,27914.599609375,33405.46484375,37078.1015625,11165.650390625,12191.849609375,5000.0,387.8500061035156
2022-06-14,15732.099609375,27953.349609375,33310.96484375,36999.1484375,11104.150390625,12218.5,5018.2998046875,391.0
2022-06-15,15692.150390625,27812.44921875,33338.61328125,36830.8984375,11206.75,12261.349609375,4982.2998046875,388.6000061035156
2022-06-16,15360.599609375,27136.44921875,32616.720703125,36621.1484375,10956.599609375,12066.650390625,4721.2998046875,377.70001220703125
2022-06-17,15293.5,26732.44921875,32742.669921875,36264.55078125,10830.900390625,11803.9501953125,4724.85009765625,377.6499938964844
2022-06-20,15350.150390625,26966.19921875,32684.419921875,36915.75,10754.7001953125,11847.900390625,4540.5498046875,370.75
2022-06-21,15638.7998046875,27810.650390625,33191.36328125,37317.75,10974.2001953125,12098.349609375,4720.75,384.29998779296875
2022-06-22,15413.2998046875,27488.400390625,32844.91796875,36963.30078125,10881.400390625,11939.0498046875,4490.75,375.8999938964844
2022-06-23,15556.650390625,28027.80078125,33134.61328125,37316.5,11359.5,12127.2001953125,4523.0,382.1499938964844
2022-06-24,15699.25,27777.80078125,33627.05859375,37778.8515625,11583.25,12178.400390625,4596.60009765625,383.20001220703125
2022-06-27,15832.0498046875,28345.94921875,33810.85546875,38103.19921875,11686.0498046875,12221.5498046875,4666.2998046875,386.5
2022-06-28,15850.2001953125,28509.099609375,33642.05859375,38173.1015625,11832.5498046875,12214.5498046875,4744.0,389.1000061035156
2022-06-29,15799.099609375,28140.099609375,33269.51171875,37688.3515625,11850.5,12210.9501953125,4755.39990234375,389.95001220703125
2022-06-30,15780.25,27843.349609375,33424.71484375,37664.55078125,11701.150390625,12159.349609375,4660.89990234375,385.29998779296875
2022-07-01,15752.0498046875,28064.25,33539.05859375,38725.8515625,11711.9501953125,12260.900390625,4696.5,391.3999938964844
2022-07-04,15835.349609375,27890.650390625,33940.50390625,39755.6484375,11692.099609375,12218.2001953125,4649.9501953125,392.6000061035156
2022-07-05,15810.849609375,27695.150390625,33815.50390625,39690.6015625,11649.7998046875,12233.75,4663.75,391.8500061035156
2022-07-06,15989.7998046875,28007.599609375,34323.8515625,40740.1484375,11952.2001953125,12331.150390625,4665.2998046875,400.75
2022-07-07,16132.900390625,28196.349609375,34919.89453125,40708.69921875,12114.099609375,12389.7001953125,4842.2001953125,411.25
2022-07-08,16220.599609375,28250.30078125,35123.640625,40925.25,12124.599609375,12449.4501953125,4799.5498046875,411.0
2022-07-11,16216.0,27380.55078125,35469.234375,41043.1484375,12252.5,12564.849609375,4893.89990234375,417.04998779296875
2022-07-12,16058.2998046875,27063.75,35131.83984375,40574.80078125,12107.349609375,12450.650390625,4834.0498046875,417.45001220703125
2022-07-13,15966.650390625,26949.75,34827.39453125,40954.3984375,12099.349609375,12622.2998046875,4872.5498046875,418.6000061035156
2022-07-14,15938.650390625,26523.30078125,34650.796875,40897.30078125,12115.2998046875,12721.0,4870.35009765625,417.6499938964844
2022-07-15,16049.2001953125,26484.75,34682.24609375,41498.80078125,12361.650390625,12732.0,4830.7001953125,420.0
2022-07-18,16278.5,27322.94921875,35358.2890625,41460.30078125,12408.7001953125,12713.4501953125,4950.9501953125,425.1000061035156
2022-07-19,16340.5498046875,27346.150390625,35719.9375,41479.8515625,12538.900390625,12682.2001953125,4991.0,435.95001220703125
2022-07-20,16520.849609375,28146.349609375,35971.68359375,41950.1484375,12511.2998046875,12711.5,5046.7001953125,435.20001220703125
2022-07-21,16605.25,28342.900390625,36200.578125,42283.0,12581.349609375,12651.75,5090.10009765625,438.0
2022-07-22,16719.44921875,28168.150390625,36738.5234375,42502.75,12634.2001953125,12617.5498046875,5094.10009765625,439.5
2022-07-25,16631.0,28216.0,36725.97265625,42386.94921875,12423.7001953125,12488.7998046875,5168.5498046875,437.5
2022-07-26,16483.849609375,27418.849609375,36408.078125,41799.05078125,12276.5,12341.900390625,5153.39990234375,433.1000061035156
2022-07-27,16641.80078125,27878.80078125,36783.32421875,42036.30078125,12326.349609375,12628.9501953125,5193.64990234375,437.75
2022-07-28,16929.599609375,28663.05078125,37377.71484375,42271.6484375,12383.7001953125,12660.650390625,5282.10009765625,446.79998779296875
2022-07-29,17158.25,29152.30078125,37490.9609375,42487.3984375,12543.2001953125,12776.5498046875,5485.7998046875,450.95001220703125
2022-08-01,17340.05078125,29220.0,37902.7578125,42526.75,12953.650390625,12766.849609375,5578.14990234375,452.6499938964844
2022-08-02,17345.44921875,29024.650390625,38023.55859375,42798.5,13023.650390625,12780.400390625,5563.4501953125,445.0
2022-08-03,17388.150390625,29416.94921875,37988.80859375,42624.1484375,12919.400390625,12682.0,5553.14990234375,441.6000061035156
2022-08-04,17382.0,29782.900390625,37755.11328125,42830.25,12945.7001953125,12982.349609375,5620.35009765625,436.54998779296875
2022-08-05,17397.5,29973.55078125,37920.16015625,42930.8984375,12804.349609375,12939.75,5595.85009765625,437.8999938964844
2022-08-08,17525.099609375,29967.69921875,38236.953125,42978.5,12927.9501953125,12940.25,5668.0,438.6000061035156
2022-08-10,17534.75,29701.150390625,38287.40625,42821.6015625,12951.650390625,12950.7001953125,5759.60009765625,434.79998779296875
2022-08-11,17659.0,30233.69921875,38879.3984375,42478.5,12923.5498046875,13014.2001953125,5758.85009765625,440.3999938964844
2022-08-12,17698.150390625,29885.900390625,39041.84765625,42457.30078125,12923.75,12864.0,5853.4501953125,443.25
2022-08-16,17825.25,29909.0,39239.19140625,42964.1015625,13250.0,12933.849609375,5893.39990234375,452.0
2022-08-17,17944.25,30256.900390625,39461.2421875,43275.8515625,13194.25,12979.25,5922.7998046875,452.3500061035156
2022-08-18,17956.5,30018.900390625,39655.6875,43522.30078125,13131.900390625,12935.75,5977.14990234375,459.3500061035156
2022-08-19,17758.44921875,30036.099609375,38985.49609375,42945.3515625,12946.4501953125,12799.9501953125,5883.25,450.3999938964844
2022-08-22,17490.69921875,29478.900390625,38297.3046875,42890.6484375,12695.75,12588.25,5708.10009765625,439.1000061035156
2022-08-23,17577.5,28957.849609375,38697.19921875,42937.6484375,12925.75,12683.5498046875,5789.2001953125,440.8500061035156
2022-08-24,17604.94921875,28859.849609375,39038.046875,42999.69921875,12913.349609375,12644.0,5830.0498046875,448.8500061035156
2022-08-25,17522.44921875,28608.650390625,38950.296875,42830.05078125,12877.900390625,12593.25,5800.10009765625,455.45001220703125
2022-08-26,17558.900390625,28691.599609375,38986.6953125,42768.94921875,12929.150390625,12580.4501953125,5902.7001953125,453.75
2022-08-29,17312.900390625,27678.94921875,38276.25390625,42933.8984375,12886.400390625,12545.75,5812.25,447.6000061035156
2022-08-30,17759.30078125,28407.900390625,39536.2890625,43821.1484375,13217.349609375,12699.400390625,5934.60009765625,463.20001220703125
2022-09-01,17542.80078125,27846.80078125,39300.79296875,43497.3515625,13266.150390625,12555.0,5878.9501953125,468.20001220703125
2022-09-02,17539.44921875,27745.80078125,39420.54296875,43666.55078125,13220.650390625,12506.150390625,5887.7001953125,467.3500061035156
2022-09-05,17665.80078125,27836.599609375,39805.2890625,43755.8515625,13246.099609375,12565.5498046875,5985.75,471.5
2022-09-06,17655.599609375,27742.80078125,39666.0390625,43528.8984375,13225.2998046875,12598.0,6064.7001953125,473.20001220703125
2022-09-07,17624.400390625,27832.400390625,39455.44140625,43614.94921875,13072.650390625,12696.2998046875,6066.39990234375,473.6000061035156
2022-09-08,17798.75,28102.400390625,40208.48046875,43786.44921875,13151.400390625,12689.9501953125,6011.5,472.25
2022-09-09,17833.349609375,28724.05078125,40415.23046875,43837.69921875,13219.599609375,12689.2998046875,6025.2998046875,470.04998779296875
2022-09-12,17936.349609375,29131.19921875,40573.52734375,43921.8515625,13256.099609375,12715.25,6080.9501953125,480.3999938964844
2022-09-13,18070.05078125,29116.849609375,40872.625,44251.55078125,13264.150390625,12745.599609375,6158.89990234375,479.54998779296875
2022-09-14,18003.75,28137.650390625,41404.91796875,44182.6484375,13222.25,12682.2001953125,6256.2998046875,476.25
2022-09-15,17877.400390625,27734.349609375,41208.71875,44041.6015625,13315.5,12518.849609375,6263.89990234375,471.8999938964844
2022-09-16,17530.849609375,26706.44921875,40776.328125,43192.6484375,12954.4501953125,12346.849609375,6137.64990234375,454.3500061035156
2022-09-19,17622.25,26810.150390625,40903.921875,43655.6484375,13074.0,12369.599609375,6110.10009765625,450.04998779296875
2022-09-20,17816.25,27020.599609375,41467.8203125,43981.25,13291.349609375,12750.7001953125,6205.60009765625,457.20001220703125
2022-09-21,17718.349609375,26843.25,41202.96875,44500.1484375,13223.4501953125,12573.5498046875,6076.10009765625,451.29998779296875
2022-09-22,17629.80078125,26782.650390625,40630.12890625,45080.44921875,13320.75,12612.849609375,6100.75,450.04998779296875
2022-09-23,17327.349609375,26592.349609375,39545.7890625,44854.6484375,13093.5,12610.650390625,6027.35009765625,436.75
2022-09-26,17016.30078125,26743.650390625,38615.80078125,43937.3984375,12594.349609375,12475.5,5778.25,418.20001220703125
2022-09-27,17007.400390625,27004.150390625,38358.703125,44218.1484375,12529.7998046875,12598.0,5728.64990234375,417.04998779296875
2022-09-28,16858.599609375,27067.650390625,37759.4140625,43964.6484375,12537.349609375,12705.400390625,5617.64990234375,414.25
2022-09-29,16818.099609375,26819.05078125,37647.3125,44356.25,12497.349609375,12874.2998046875,5645.9501953125,415.79998779296875
2022-09-30,17094.349609375,26981.150390625,38631.5,44405.6484375,12699.2998046875,12971.900390625,5768.2001953125,424.0
2022-10-03,16887.349609375,26729.099609375,38029.20703125,43477.30078125,12441.0498046875,13118.9501953125,5593.9501953125,418.75
2022-10-04,17274.30078125,27496.94921875,39109.59765625,44287.05078125,12690.5498046875,13233.4501953125,5769.2998046875,428.25
2022-10-06,17331.80078125,27928.75,39282.39453125,44097.19921875,12784.5498046875,13188.0,5956.9501953125,437.1499938964844
2022-10-07,17314.650390625,27733.599609375,39177.59375,43813.30078125,12761.9501953125,13134.7001953125,5931.5498046875,438.54998779296875
2022-10-10,17241.0,28027.599609375,39092.6484375,43329.19921875,12693.599609375,13028.400390625,5916.39990234375,434.25
2022-10-11,16983.55078125,27469.5,38712.0,42564.6484375,12488.349609375,12826.7998046875,5785.9501953125,420.8999938964844
2022-10-12,17123.599609375,27694.650390625,39118.09765625,43196.8515625,12598.2998046875,12839.349609375,5798.14990234375,427.70001220703125
2022-10-13,17014.349609375,27506.19921875,38623.55078125,43036.6484375,12562.75,12867.150390625,5804.25,423.45001220703125
2022-10-14,17185.69921875,27954.05078125,39305.14453125,43153.05078125,12478.25,12950.4501953125,5767.2001953125,420.04998779296875
2022-10-17,17311.80078125,28019.150390625,39919.984375,43182.8984375,12562.5498046875,12982.400390625,5711.39990234375,418.25
2022-10-18,17486.94921875,28315.19921875,40318.28125,43715.75,12732.650390625,13008.25,5775.0498046875,425.45001220703125
2022-10-19,17512.25,28060.349609375,40372.73046875,43890.55078125,12721.0498046875,13021.75,5736.14990234375,427.1499938964844
2022-10-20,17563.94921875,28432.19921875,40099.0859375,44281.1484375,12729.599609375,13089.2001953125,5801.7001953125,426.6000061035156
2022-10-21,17576.30078125,28336.94921875,40783.578125,44269.19921875,12695.650390625,12979.400390625,5748.35009765625,426.79998779296875
2022-10-24,17730.75,28534.30078125,41304.41796875,44210.1015625,12794.650390625,13061.099609375,5789.0498046875,428.0
2022-10-25,17656.349609375,28722.849609375,41122.2734375,43752.8515625,12952.7998046875,13112.2001953125,5812.4501953125,425.3500061035156
2022-10-27,17736.94921875,28572.19921875,41298.8203125,43954.6015625,12979.400390625,13228.0498046875,5970.25,437.95001220703125
2022-10-28,17786.80078125,28318.349609375,40990.375,43944.1015625,13190.900390625,13048.2998046875,5883.35009765625,436.1499938964844
2022-10-31,18012.19921875,28727.599609375,41307.41796875,44296.30078125,13381.650390625,13212.25,5896.35009765625,438.6499938964844
2022-11-01,18145.400390625,29270.650390625,41289.0703125,44564.8984375,13416.900390625,13492.0498046875,6036.9501953125,442.70001220703125
2022-11-02,18082.849609375,29138.650390625,41146.171875,44533.3515625,13318.25,13556.900390625,6075.7001953125,439.1499938964844
2022-11-03,18052.69921875,28795.75,41297.87109375,44661.8515625,13262.650390625,13559.9501953125,6068.75,441.70001220703125
2022-11-04,18117.150390625,28693.05078125,41257.96875,44509.55078125,13271.7001953125,13422.150390625,6324.14990234375,443.04998779296875
2022-11-07,18202.80078125,28741.30078125,41686.21484375,44709.44921875,13443.900390625,13230.0,6423.85009765625,447.70001220703125
2022-11-09,18157.0,28626.80078125,41782.71484375,44826.55078125,13341.400390625,13079.5,6364.0498046875,441.54998779296875
2022-11-10,18028.19921875,28505.75,41603.265625,44586.8984375,13080.75,12983.099609375,6318.75,440.8999938964844
2022-11-11,18349.69921875,29591.94921875,42136.5625,44520.5,13040.900390625,13015.650390625,6447.2001953125,448.25
2022-11-14,18329.150390625,29849.30078125,42076.26171875,43919.1484375,13071.400390625,13019.849609375,6558.5,453.29998779296875
2022-11-15,18403.400390625,29865.30078125,42372.20703125,43911.05078125,13155.5498046875,13036.900390625,6589.5498046875,452.79998779296875
2022-11-16,18409.650390625,29951.5,42534.8046875,43910.30078125,13105.9501953125,12998.5,6461.60009765625,448.1499938964844
2022-11-17,18343.900390625,29681.400390625,42457.55859375,43845.1015625,12927.400390625,12948.25,6455.7001953125,448.3500061035156
2022-11-18,18307.650390625,29669.25,42436.95703125,43747.0,12774.900390625,12861.400390625,6444.39990234375,448.79998779296875
2022-11-21,18159.94921875,29209.55078125,42346.05859375,43611.0,12696.099609375,12794.599609375,6392.25,443.1000061035156
2022-11-22,18244.19921875,29446.900390625,42456.55859375,43854.1484375,12745.5,12836.349609375,6448.85009765625,437.70001220703125
2022-11-23,18267.25,29405.650390625,42728.60546875,43854.19921875,12774.75,12876.9501953125,6422.85009765625,438.79998779296875
2022-11-24,18484.099609375,30178.650390625,43074.8984375,44241.75,12845.599609375,12888.150390625,6440.7001953125,439.75
2022-11-25,18512.75,30334.599609375,42983.44921875,44102.6015625,12958.0,12968.4501953125,6455.14990234375,444.8999938964844
2022-11-28,18562.75,30309.650390625,43019.94921875,44251.05078125,13036.400390625,12993.9501953125,6381.35009765625,445.20001220703125
2022-11-29,18618.05078125,30345.650390625,43052.94921875,45078.55078125,13007.650390625,13087.349609375,6447.35009765625,443.70001220703125
2022-11-30,18758.349609375,30391.69921875,43230.49609375,45536.55078125,13231.849609375,13144.2001953125,6564.2001953125,450.1499938964844
2022-12-01,18812.5,31120.5,43260.14453125,45370.6484375,13191.75,13120.650390625,6664.85009765625,459.04998779296875
2022-12-02,18696.099609375,31052.099609375,43103.25,45154.19921875,13046.349609375,13086.9501953125,6694.5,463.3500061035156
2022-12-05,18701.05078125,30891.5,43332.4453125,45151.1484375,13007.5498046875,13052.900390625,6819.75,466.54998779296875
2022-12-06,18642.75,30443.0,43138.05078125,45287.8515625,12973.7998046875,12955.349609375,6768.85009765625,463.3999938964844
2022-12-07,18560.5,30187.05078125,43098.19921875,45724.6015625,12870.650390625,12869.7998046875,6709.2998046875,457.8999938964844
2022-12-08,18609.349609375,30115.0,43596.34375,45767.05078125,12908.150390625,12728.7001953125,6756.9501953125,454.3500061035156
2022-12-09,18496.599609375,29168.44921875,43632.94140625,46159.5,12869.400390625,12774.7001953125,6681.5498046875,447.54998779296875
2022-12-12,18497.150390625,29050.5,43708.2421875,46215.19921875,12874.349609375,12758.0498046875,6708.14990234375,449.6000061035156
2022-12-13,18608.0,29376.55078125,43946.0390625,46145.55078125,12931.0,12797.75,6722.0,446.0
2022-12-14,18660.30078125,29713.900390625,44048.58984375,45949.3515625,13004.099609375,12883.599609375,6805.85009765625,452.45001220703125
2022-12-15,18414.900390625,29087.94921875,43497.6953125,45544.55078125,12912.900390625,12816.099609375,6708.5498046875,446.54998779296875
2022-12-16,18269.0,28702.19921875,43218.99609375,45320.75,12775.25,12636.2001953125,6657.7001953125,439.79998779296875
2022-12-19,18420.44921875,28556.44921875,43413.24609375,45981.44921875,12978.7998046875,12646.4501953125,6742.4501953125,443.04998779296875
2022-12-20,18385.30078125,28612.5,43358.99609375,45694.69921875,12879.400390625,12618.4501953125,6750.2998046875,437.70001220703125
2022-12-21,18199.099609375,28764.25,42617.453125,45284.69921875,12695.4501953125,12920.400390625,6593.64990234375,430.6000061035156
2022-12-22,18127.349609375,28763.900390625,42408.30859375,45085.55078125,12554.7001953125,12892.75,6519.25,424.5
2022-12-23,17806.80078125,28237.05078125,41667.56640625,44314.8984375,12236.0,12784.4501953125,6228.0,409.8500061035156
2022-12-27,18132.30078125,28636.25,42859.0,44559.3984375,12522.75,12694.75,6633.9501953125,425.04998779296875
2022-12-28,18122.5,28583.44921875,42827.203125,44589.1484375,12605.4501953125,12624.150390625,6615.75,427.1499938964844
2022-12-29,18191.0,28687.19921875,43251.84765625,44508.0,12634.599609375,12634.2998046875,6687.10009765625,427.75
2022-12-30,18105.30078125,28621.69921875,42985.94921875,44171.44921875,12611.7001953125,12597.599609375,6723.39990234375,431.79998779296875
2023-01-02,18197.44921875,28737.30078125,43203.1015625,44192.8515625,12667.75,12551.400390625,6886.64990234375,436.1000061035156
2023-01-03,18232.55078125,28962.30078125,43425.25,44013.6484375,12614.75,12641.75,6850.0498046875,436.6499938964844
2023-01-04,18042.94921875,28677.80078125,42958.80078125,43723.55078125,12512.0498046875,12622.75,6705.85009765625,427.70001220703125
2023-01-05,17992.150390625,28527.75,42608.69921875,44401.5,12656.650390625,12753.2001953125,6761.2001953125,428.70001220703125
2023-01-06,17859.44921875,27956.44921875,42188.80078125,44412.8515625,12627.7998046875,12654.9501953125,6697.2998046875,425.8500061035156
2023-01-09,18101.19921875,28748.150390625,42582.75,44796.6484375,12783.0,12770.599609375,6792.89990234375,428.45001220703125
2023-01-10,17914.150390625,28502.69921875,42014.75,44626.05078125,12819.099609375,12766.599609375,6741.7001953125,425.1499938964844
2023-01-11,17895.69921875,28596.349609375,42232.69921875,44123.0,12753.0498046875,12682.25,6792.14990234375,424.95001220703125
2023-01-12,17858.19921875,28720.30078125,42082.25,43966.3515625,12769.400390625,12671.4501953125,6783.64990234375,425.1499938964844
2023-01-13,17956.599609375,28933.75,42371.25,43955.6015625,12832.400390625,12668.7998046875,6869.7998046875,426.3999938964844
2023-01-16,17894.849609375,29264.650390625,42167.55078125,44006.75,12748.7998046875,12659.400390625,6779.25,425.79998779296875
2023-01-17,18053.30078125,29498.0,42235.05078125,44536.1015625,12821.849609375,12648.0,6793.5,430.79998779296875
2023-01-18,18165.349609375,29617.80078125,42458.0,44711.44921875,12817.599609375,12734.5,6905.7998046875,430.95001220703125
2023-01-19,18107.849609375,29632.349609375,42328.8515625,44326.05078125,12763.0,12699.0498046875,6867.2998046875,430.54998779296875
2023-01-20,18027.650390625,29529.650390625,42506.80078125,43899.6015625,12691.7001953125,12606.4501953125,6805.25,427.45001220703125
2023-01-23,18118.55078125,30086.0,42821.25,44261.8984375,12797.0498046875,12718.4501953125,6777.85009765625,424.75
2023-01-24,18118.30078125,30316.900390625,42733.44921875,44324.3515625,12960.849609375,12593.849609375,6717.60009765625,420.45001220703125
2023-01-25,17891.94921875,30043.900390625,41647.6484375,44284.1484375,12957.150390625,12440.099609375,6703.7998046875,412.75
2023-01-27,17604.349609375,29766.44921875,40345.30078125,44486.6484375,13089.7001953125,12508.0498046875,6389.25,407.54998779296875
2023-01-30,17648.94921875,30094.849609375,40387.44921875,44220.3515625,13076.849609375,12484.0,6371.64990234375,407.0
2023-01-31,17662.150390625,29740.349609375,40655.05078125,44456.8984375,13323.900390625,12360.25,6468.39990234375,411.54998779296875
2023-02-01,17616.30078125,30018.25,40513.0,44958.30078125,13206.849609375,12355.7998046875,6177.0498046875,407.70001220703125
2023-02-02,17610.400390625,30566.75,40669.30078125,45981.55078125,13213.25,12306.2998046875,5908.2001953125,409.25
2023-02-03,17854.05078125,30597.650390625,41499.69921875,46037.19921875,13377.9501953125,12184.599609375,5901.9501953125,405.8999938964844
2023-02-06,17764.599609375,30411.099609375,41374.6484375,46293.6015625,13360.150390625,12193.099609375,5772.39990234375,408.0
2023-02-07,17721.5,30310.69921875,41490.94921875,45758.1015625,13226.0498046875,12191.400390625,5757.35009765625,411.6000061035156
2023-02-08,17871.69921875,30774.05078125,41537.6484375,45771.6015625,13257.349609375,12357.2998046875,5975.14990234375,411.6499938964844
2023-02-09,17893.44921875,30990.849609375,41554.30078125,45671.25,13187.849609375,12302.5,5880.7001953125,409.25
2023-02-10,17856.5,30870.19921875,41559.3984375,45488.1015625,13235.0498046875,12327.0,5773.60009765625,414.79998779296875
2023-02-13,17770.900390625,30289.650390625,41282.19921875,45508.3984375,13154.349609375,12268.099609375,5704.75,407.8500061035156
2023-02-14,17929.849609375,30588.75,41648.3515625,45976.94921875,13106.5498046875,12248.7998046875,5762.85009765625,400.3500061035156
2023-02-15,18015.849609375,30934.349609375,41731.05078125,45799.19921875,13235.2001953125,12237.099609375,5789.64990234375,405.54998779296875
2023-02-16,18035.849609375,31434.849609375,41631.3515625,45758.19921875,13206.0498046875,12298.599609375,5860.75,410.95001220703125
2023-02-17,17944.19921875,31054.849609375,41131.75,45617.30078125,13140.0,12154.0498046875,5807.7001953125,403.6499938964844
2023-02-20,17844.599609375,31222.349609375,40701.69921875,45501.19921875,13177.400390625,12055.400390625,5762.9501953125,400.8500061035156
2023-02-21,17826.69921875,30947.25,40673.6015625,45551.94921875,13148.75,12019.5,5744.14990234375,396.04998779296875
2023-02-22,17554.30078125,30608.19921875,39995.8984375,45412.8515625,12989.9501953125,11991.849609375,5592.2998046875,389.45001220703125
2023-02-23,17511.25,30598.400390625,40001.55078125,45530.1015625,12982.25,11968.2001953125,5611.7998046875,382.5
2023-02-24,17465.80078125,30514.900390625,39909.3984375,45372.5,12869.099609375,11996.2001953125,5443.60009765625,380.45001220703125
2023-02-27,17392.69921875,29919.19921875,40307.1015625,45040.75,12675.2998046875,11902.5,5313.75,388.75
2023-02-28,17303.94921875,29663.94921875,40269.05078125,44940.44921875,12731.7998046875,11747.099609375,5269.10009765625,393.20001220703125
2023-03-01,17450.900390625,30097.75,40698.1484375,45062.55078125,12849.2998046875,11764.599609375,5477.7001953125,397.75
2023-03-02,17321.900390625,29717.44921875,40389.80078125,44831.6015625,12738.7998046875,11761.099609375,5473.35009765625,405.95001220703125
2023-03-03,17594.349609375,29817.05078125,41251.3515625,45410.0,12787.0498046875,11781.7998046875,5667.89990234375,412.0
2023-03-06,17711.44921875,30179.75,41350.3984375,45552.1015625,12909.5,11807.900390625,5679.5498046875,409.8500061035156
2023-03-08,17754.400390625,30065.75,41577.1015625,45722.0,13019.5,11750.150390625,5679.25,407.04998779296875
2023-03-09,17589.599609375,29742.349609375,41256.75,45260.44921875,12781.2001953125,11700.400390625,5682.75,402.29998779296875
2023-03-10,17412.900390625,29545.5,40485.44921875,45334.75,12741.599609375,11683.9501953125,5635.7001953125,398.1499938964844
2023-03-13,17154.30078125,29267.0,39564.69921875,44953.6015625,12456.0,11597.349609375,5585.25,390.25
2023-03-14,17043.30078125,28784.69921875,39411.3984375,44714.94921875,12345.5498046875,11597.9501953125,5517.35009765625,386.29998779296875
2023-03-15,16972.150390625,28716.5,39051.5,44464.3515625,12282.0,11633.9501953125,5616.5,383.0
2023-03-16,16985.599609375,28517.25,39132.6015625,44971.19921875,12304.900390625,11743.2001953125,5471.75,387.25
2023-03-17,17100.05078125,28854.44921875,39598.1015625,44858.30078125,12245.9501953125,11676.150390625,5602.60009765625,399.0
2023-03-20,16988.400390625,28442.94921875,39361.94921875,45213.05078125,12131.7001953125,11663.2998046875,5470.85009765625,395.0
2023-03-21,17107.5,28164.849609375,39894.69921875,44913.3984375,12141.9501953125,11633.75,5494.5,394.70001220703125
2023-03-22,17151.900390625,28217.599609375,39999.05078125,45109.5,12201.349609375,11754.7001953125,5492.35009765625,394.29998779296875
2023-03-23,17076.900390625,27999.25,39616.8984375,45267.44921875,12205.7001953125,11780.849609375,5497.85009765625,390.04998779296875
2023-03-24,16945.05078125,27935.650390625,39395.3515625,45060.0,12113.400390625,11755.349609375,5372.89990234375,380.95001220703125
2023-03-27,16985.69921875,27948.75,39431.30078125,45188.0,12035.099609375,11882.75,5372.85009765625,376.54998779296875
2023-03-28,16951.69921875,27702.80078125,39567.8984375,45044.25,11917.9501953125,11873.2001953125,5330.2998046875,372.0
2023-03-29,17080.69921875,28011.30078125,39910.1484375,45421.6484375,12121.2998046875,11942.5,5460.2001953125,381.1499938964844
2023-03-31,17359.75,28698.599609375,40608.6484375,45904.8984375,12243.7998046875,12017.0498046875,5497.4501953125,387.3500061035156
2023-04-03,17398.05078125,28633.0,40813.05078125,45738.44921875,12425.849609375,12067.9501953125,5477.85009765625,390.8500061035156
2023-04-05,17557.05078125,28977.19921875,40999.1484375,46361.25,12357.650390625,12181.849609375,5496.2998046875,392.8500061035156
2023-04-06,17599.150390625,28764.55078125,41041.0,46109.1484375,12469.349609375,12274.349609375,5528.10009765625,404.0
2023-04-10,17624.05078125,29041.599609375,40834.6484375,45909.6484375,12616.75,12298.75,5570.25,421.3500061035156
2023-04-11,17722.30078125,28675.75,41366.5,46269.69921875,12742.0498046875,12300.0,5668.25,420.1499938964844
2023-04-12,17812.400390625,28980.349609375,41557.94921875,46112.6015625,12862.2001953125,12574.2001953125,5695.5498046875,420.45001220703125
2023-04-13,17828.0,28342.80078125,42132.55078125,46211.94921875,12918.650390625,12478.900390625,5710.0498046875,425.20001220703125
2023-04-17,17706.849609375,27008.19921875,42262.55078125,46688.6015625,12996.150390625,12403.599609375,5734.5,429.3999938964844
2023-04-18,17660.150390625,27166.94921875,42265.19921875,46536.3515625,13005.099609375,12607.349609375,5749.0,433.8500061035156
2023-04-19,17618.75,26687.44921875,42154.0,46421.44921875,13002.5498046875,12625.2998046875,5779.64990234375,434.54998779296875
2023-04-20,17624.44921875,26637.150390625,42269.5,46256.05078125,13032.349609375,12485.25,5756.9501953125,432.70001220703125
2023-04-21,17624.05078125,26822.099609375,42118.0,46669.69921875,12898.75,12545.75,5677.89990234375,423.5
2023-04-24,17743.400390625,27013.650390625,42635.75,46943.05078125,12893.349609375,12454.349609375,5703.2998046875,428.0
2023-04-25,17769.25,26985.80078125,42678.5,47051.8515625,12904.5498046875,12456.599609375,5738.25,430.1000061035156
2023-04-26,17813.599609375,27065.0,42829.8984375,47387.5,12972.75,12457.849609375,5713.2001953125,435.95001220703125
2023-04-27,17915.05078125,27355.25,43000.8515625,47360.1484375,13071.7998046875,12519.349609375,5753.75,442.6000061035156
2023-04-28,18065.0,27708.19921875,43233.8984375,47814.1015625,13189.25,12613.9501953125,5799.39990234375,445.1000061035156
2023-05-02,18147.650390625,28025.0,43352.1015625,47750.19921875,13283.150390625,12590.2998046875,5882.0,444.95001220703125
2023-05-03,18089.849609375,27743.75,43312.69921875,48120.6484375,13278.599609375,12586.7998046875,5824.25,446.20001220703125
2023-05-04,18255.80078125,27883.19921875,43685.44921875,48057.3515625,13292.5498046875,12654.650390625,5895.0498046875,446.3999938964844
2023-05-05,18069.0,27719.94921875,42661.19921875,48186.1484375,13345.7998046875,12608.349609375,5807.0498046875,445.04998779296875
2023-05-08,18264.400390625,27920.94921875,43284.0,48538.44921875,13584.25,12663.099609375,5845.64990234375,452.3500061035156
2023-05-09,18265.94921875,28125.5,43198.1484375,48369.1015625,13648.5,12716.7001953125,5836.85009765625,448.5
2023-05-10,18315.099609375,28091.75,43331.05078125,48643.3515625,13750.849609375,12716.900390625,5822.10009765625,452.3500061035156
2023-05-11,18297.0,28102.0,43475.30078125,48865.0,13803.75,12557.0498046875,5797.2998046875,454.5
2023-05-12,18314.80078125,28028.400390625,43793.55078125,48950.75,13910.5,12486.7001953125,5690.89990234375,452.8999938964844
2023-05-15,18398.849609375,28165.400390625,44072.1015625,49506.55078125,14007.849609375,12487.400390625,5701.75,472.45001220703125
2023-05-16,18286.5,28216.0,43903.69921875,49406.1015625,13877.7001953125,12454.5,5683.4501953125,472.1000061035156
2023-05-17,18181.75,27942.94921875,43698.69921875,49434.0,13889.900390625,12398.5498046875,5632.85009765625,465.79998779296875
2023-05-18,18129.94921875,27892.55078125,43752.30078125,48889.30078125,13767.7001953125,12241.349609375,5601.64990234375,454.75
2023-05-19,18203.400390625,28303.650390625,43969.3984375,48874.25,13863.5498046875,12124.25,5618.0498046875,458.70001220703125
2023-05-22,18314.400390625,29007.30078125,43885.1015625,49052.25,13890.5,12244.2001953125,5797.5,461.95001220703125
2023-05-23,18348.0,28873.69921875,43954.44921875,49118.80078125,13982.599609375,12314.2001953125,5947.7001953125,461.6000061035156
2023-05-24,18285.400390625,28890.80078125,43677.8515625,49355.25,13989.599609375,12440.4501953125,5855.14990234375,461.54998779296875
2023-05-25,18321.150390625,28928.75,43681.3984375,49657.0,14029.5,12455.5,5872.5498046875,466.70001220703125
2023-05-26,18499.349609375,29355.900390625,44018.0,50388.0,14130.4501953125,12601.5498046875,5935.39990234375,472.54998779296875
2023-05-29,18598.650390625,29240.19921875,44311.8984375,50626.3984375,14219.599609375,12624.2001953125,5991.2001953125,476.20001220703125
2023-05-30,18633.849609375,29297.650390625,44436.3515625,50927.19921875,14177.849609375,12604.7001953125,5936.5498046875,475.20001220703125
2023-05-31,18534.400390625,29319.75,44128.1484375,51042.75,14199.0,12678.400390625,5890.0498046875,478.79998779296875
2023-06-01,18487.75,29446.25,43790.19921875,50998.94921875,14257.0,12812.7998046875,5884.2001953125,484.0
2023-06-02,18534.099609375,29328.150390625,43937.8515625,51288.6484375,14388.599609375,12900.599609375,5956.0,490.8500061035156
2023-06-05,18593.849609375,29238.75,44101.6484375,51058.3984375,14570.25,12934.5,5975.89990234375,492.54998779296875
2023-06-06,18599.0,28689.05078125,44164.55078125,51038.3984375,14729.5,13012.900390625,5967.4501953125,498.3999938964844
2023-06-07,18726.400390625,28913.69921875,44275.30078125,51609.3984375,14819.4501953125,13045.650390625,6057.75,506.29998779296875
2023-06-08,18634.55078125,28591.099609375,43995.25,51143.5,14692.0,12911.349609375,6067.7001953125,498.25
2023-06-09,18563.400390625,28355.349609375,43989.0,50674.8515625,14626.0,12861.0498046875,6039.35009765625,498.45001220703125
2023-06-12,18601.5,28784.0,43944.19921875,50762.55078125,14673.849609375,12856.0498046875,6076.2998046875,505.5
2023-06-13,18716.150390625,28899.30078125,44079.8515625,51462.69921875,14658.2998046875,12993.75,6127.64990234375,520.7000122070312
2023-06-14,18755.900390625,28855.05078125,43988.0,51767.8984375,14682.7001953125,12976.7998046875,6214.75,522.1500244140625
2023-06-15,18688.099609375,28699.0,43443.6015625,52046.44921875,14707.849609375,13160.599609375,6203.0498046875,518.2000122070312
2023-06-16,18826.0,28588.80078125,43938.1484375,52440.19921875,14768.4501953125,13241.9501953125,6231.5,517.0999755859375
2023-06-19,18755.44921875,28708.30078125,43633.75,52123.8515625,14676.7001953125,13264.650390625,6203.5,513.3499755859375
2023-06-20,18816.69921875,28930.80078125,43766.5,52164.69921875,14785.650390625,13238.849609375,6246.64990234375,515.8499755859375
2023-06-21,18856.849609375,29025.69921875,43859.19921875,51934.25,14777.7001953125,13247.7001953125,6187.75,514.1500244140625
2023-06-22,18771.25,28811.150390625,43724.8515625,51557.80078125,14702.099609375,13166.849609375,6190.9501953125,510.04998779296875
2023-06-23,18665.5,28554.30078125,43622.8984375,51283.75,14550.2001953125,13186.2998046875,6037.2001953125,506.8999938964844
2023-06-26,18691.19921875,28590.099609375,43641.05078125,51635.0,14717.849609375,13388.599609375,6083.10009765625,508.54998779296875
2023-06-27,18817.400390625,28800.150390625,44121.5,51598.6015625,14729.900390625,13426.900390625,6127.64990234375,514.8499755859375
2023-06-28,18972.099609375,28843.0,44327.80078125,51893.3984375,14840.5498046875,13622.75,6211.0498046875,517.25
2023-06-30,19189.05078125,29563.0,44747.3515625,52194.75,15147.650390625,13767.5,6209.10009765625,520.0
2023-07-03,19322.55078125,29424.80078125,45158.1015625,52741.5,15106.849609375,13614.0,6275.4501953125,523.9000244140625
2023-07-04,19389.0,29729.849609375,45301.44921875,52814.80078125,15035.0498046875,13675.4501953125,6275.2001953125,522.9500122070312
2023-07-05,19398.5,29841.849609375,45151.80078125,53776.19921875,15281.900390625,13772.0,6292.2998046875,525.9000244140625
2023-07-06,19497.30078125,29805.19921875,45339.8984375,53765.6484375,15453.7001953125,13871.599609375,6325.35009765625,537.75
2023-07-07,19331.80078125,29560.44921875,44925.0,52942.44921875,15498.849609375,13769.0,6279.25,531.4000244140625
2023-07-10,19355.900390625,29194.75,44860.8515625,52536.1484375,15403.2001953125,13751.7998046875,6385.10009765625,526.9000244140625
2023-07-11,19439.400390625,29324.80078125,44745.05078125,53184.3984375,15617.4501953125,13895.400390625,6369.10009765625,526.8499755859375
2023-07-12,19384.30078125,29118.05078125,44639.44921875,53279.5,15614.900390625,13936.7001953125,6363.25,528.2000122070312
2023-07-13,19413.75,29628.19921875,44665.05078125,53029.94921875,15519.7001953125,13876.5498046875,6379.7001953125,533.5999755859375
2023-07-14,19564.5,30945.5,44819.30078125,53453.69921875,15576.099609375,13945.650390625,6469.4501953125,539.7999877929688
2023-07-17,19711.44921875,31041.599609375,45449.75,53471.6015625,15526.7998046875,14053.7001953125,6500.5498046875,539.6500244140625
2023-07-18,19749.25,31371.150390625,45410.8515625,53340.6484375,15513.7998046875,14017.150390625,6446.75,535.0499877929688
2023-07-19,19833.150390625,31353.55078125,45669.30078125,53517.30078125,15513.150390625,14092.599609375,6474.5498046875,536.1500244140625
2023-07-20,19979.150390625,31145.94921875,46186.8984375,54239.69921875,15577.0,14299.0498046875,6485.25,536.2999877929688
2023-07-21,19745.0,29871.05078125,46075.19921875,53697.44921875,15590.349609375,14274.0,6442.2998046875,536.0999755859375
2023-07-24,19672.349609375,29843.44921875,45923.05078125,52771.69921875,15617.5498046875,14332.0498046875,6395.5498046875,537.1500244140625
2023-07-25,19680.599609375,29761.150390625,45845.0,52315.94921875,15765.599609375,14383.25,6583.64990234375,535.0
2023-07-26,19778.30078125,29800.400390625,46062.3515625,52865.30078125,15763.25,14478.349609375,6604.9501953125,541.3499755859375
2023-07-27,19659.900390625,29745.0,45679.30078125,52499.8984375,15572.0,14919.9501953125,6581.5498046875,552.8499755859375
2023-07-28,19646.05078125,29490.25,45468.1015625,52964.05078125,15537.900390625,14962.5498046875,6640.7998046875,562.9500122070312
2023-07-31,19753.80078125,29928.44921875,45651.1015625,52636.8515625,15708.0498046875,14992.150390625,6758.2001953125,566.75
2023-08-01,19733.55078125,30288.650390625,45592.5,52501.1484375,15688.7001953125,15001.2998046875,6770.14990234375,556.7000122070312
2023-08-02,19526.55078125,30043.599609375,44995.69921875,52368.69921875,15428.900390625,14943.400390625,6633.4501953125,548.4000244140625
2023-08-03,19381.650390625,29971.150390625,44513.44921875,52062.3515625,15379.7998046875,15099.2001953125,6602.2001953125,538.6500244140625
2023-08-04,19517.0,30436.099609375,44879.5,52050.6484375,15328.400390625,15241.0,6622.89990234375,539.1500244140625
2023-08-07,19597.30078125,30779.25,44837.5,52072.5,15390.900390625,15479.25,6622.14990234375,542.2999877929688
2023-08-08,19570.849609375,30824.94921875,44964.44921875,51924.3984375,15343.650390625,15578.5,6544.7998046875,541.3499755859375
2023-08-09,19632.55078125,30940.05078125,44880.69921875,52206.19921875,15486.2001953125,15696.849609375,6677.85009765625,534.6500244140625
2023-08-10,19543.099609375,30867.0,44541.80078125,51728.6484375,15444.7998046875,15580.7001953125,6723.2998046875,533.25
2023-08-11,19428.30078125,30819.150390625,44199.1015625,51351.69921875,15378.099609375,15355.5,6688.85009765625,531.1500244140625
2023-08-14,19434.55078125,31028.900390625,44090.94921875,51604.3984375,15327.4501953125,15305.400390625,6545.9501953125,527.6500244140625
2023-08-16,19465.0,31212.099609375,43946.3984375,51815.3984375,15425.0,15398.7998046875,6484.10009765625,533.4500122070312
2023-08-17,19365.25,31060.19921875,43891.3515625,51353.75,15399.25,15358.4501953125,6480.5,534.0999755859375
2023-08-18,19310.150390625,30604.05078125,43851.05078125,51464.75,15391.75,15271.5,6493.7001953125,530.2000122070312
2023-08-21,19393.599609375,30937.599609375,44002.0,51799.0,15427.599609375,15333.349609375,6578.39990234375,535.4500122070312
2023-08-22,19396.44921875,30902.400390625,43993.25,52141.6484375,15507.900390625,15302.599609375,6634.39990234375,536.5999755859375
2023-08-23,19444.0,30924.099609375,44479.05078125,51888.30078125,15498.099609375,15282.5,6625.5498046875,538.9000244140625
2023-08-24,19386.69921875,31112.150390625,44496.19921875,52036.75,15459.2998046875,15193.150390625,6602.85009765625,540.0
2023-08-25,19265.80078125,30914.55078125,44231.44921875,51506.80078125,15363.599609375,15025.2001953125,6519.35009765625,532.9500122070312
2023-08-28,19306.05078125,30773.599609375,44494.6484375,51390.80078125,15475.25,15161.7998046875,6533.2998046875,537.9500122070312
2023-08-29,19342.650390625,30866.05078125,44495.25,51223.05078125,15578.900390625,15121.099609375,6616.7001953125,547.0499877929688
2023-08-30,19347.44921875,31103.900390625,44232.6015625,51513.55078125,15678.099609375,15125.5,6677.7998046875,554.7999877929688
2023-08-31,19253.80078125,31164.900390625,43989.1484375,51092.6484375,15670.25,15095.900390625,6659.35009765625,558.4000244140625
2023-09-01,19435.30078125,31514.349609375,44436.1015625,51240.5,15928.2998046875,15011.7998046875,6851.0,563.6500244140625
2023-09-04,19528.80078125,32163.94921875,44578.30078125,51171.75,15943.599609375,15052.599609375,7007.0498046875,570.1500244140625
2023-09-05,19574.900390625,32365.30078125,44532.1484375,51548.44921875,15942.75,15218.25,7039.14990234375,576.2000122070312
2023-09-06,19611.05078125,32312.30078125,44409.1015625,52064.8515625,15921.25,15355.2998046875,6983.7001953125,570.6500244140625
2023-09-07,19727.05078125,32448.349609375,44878.3515625,51853.1015625,15995.849609375,15306.150390625,6981.14990234375,579.0999755859375
2023-09-08,19819.94921875,32415.650390625,45156.3984375,51778.30078125,16102.900390625,15250.5498046875,6977.89990234375,591.4000244140625
2023-09-11,19996.349609375,32642.80078125,45570.69921875,52239.05078125,16374.9501953125,15309.9501953125,7104.39990234375,596.5999755859375
2023-09-12,19993.19921875,32977.8984375,45511.3515625,52065.8984375,16070.0498046875,15328.650390625,6914.5498046875,577.25
2023-09-13,20070.0,32886.69921875,45909.44921875,52223.6484375,15995.9501953125,15448.9501953125,6943.64990234375,581.1500244140625
2023-09-14,20103.099609375,33045.3984375,46000.8515625,52143.19921875,16169.650390625,15489.2998046875,7046.89990234375,589.25
2023-09-15,20192.349609375,33355.05078125,46231.5,51895.1484375,16425.80078125,15583.5498046875,7035.7998046875,586.9500122070312
2023-09-18,20133.30078125,33129.5,45979.8515625,52198.6015625,16563.900390625,15503.4501953125,6957.7998046875,578.9000244140625
2023-09-20,19901.400390625,32949.19921875,45384.6015625,51924.1484375,16479.69921875,15460.2001953125,6844.0498046875,572.1500244140625
2023-09-21,19742.349609375,32919.94921875,44623.8515625,51672.6484375,16200.400390625,15306.7001953125,6806.60009765625,565.25
2023-09-22,19674.25,32906.30078125,44612.05078125,51608.5,16234.349609375,15069.099609375,6761.7998046875,561.5
2023-09-25,19674.55078125,32648.599609375,44766.1015625,51642.44921875,16221.5498046875,15017.400390625,6754.25,570.0499877929688
2023-09-26,19664.69921875,32471.0,44624.19921875,51912.8515625,16278.25,14981.650390625,6775.2998046875,571.7999877929688
2023-09-27,19716.44921875,32594.650390625,44588.30078125,52329.5,16283.400390625,15159.7998046875,6777.2998046875,576.0
2023-09-28,19523.55078125,31879.599609375,44300.94921875,51329.1015625,16092.2001953125,15023.150390625,6712.0,570.4000244140625
2023-09-29,19638.30078125,31784.400390625,44584.55078125,51602.6484375,16184.400390625,15422.75,6839.2998046875,575.6500244140625
2023-10-03,19528.75,31717.25,44399.05078125,51320.8515625,15990.599609375,15281.2998046875,6798.0,578.2999877929688
2023-10-04,19436.099609375,31811.5,43964.05078125,51435.75,15782.599609375,15067.150390625,6725.9501953125,568.2999877929688
2023-10-05,19545.75,32125.400390625,44213.3515625,51384.55078125,15916.099609375,15021.400390625,6709.10009765625,569.9500122070312
2023-10-06,19653.5,32341.69921875,44360.6015625,51577.8984375,15990.650390625,15128.4501953125,6744.39990234375,587.5
2023-10-09,19512.349609375,32308.55078125,43886.5,51502.8515625,15832.849609375,15103.849609375,6647.14990234375,582.8499755859375
2023-10-10,19689.849609375,32569.44921875,44360.1484375,51803.94921875,16028.7001953125,15106.7001953125,6783.14990234375,606.2000122070312
2023-10-11,19811.349609375,32548.05078125,44516.8984375,52254.44921875,16175.7998046875,15176.599609375,6812.14990234375,611.2999877929688
2023-10-12,19794.0,32003.650390625,44599.19921875,52363.94921875,16301.7001953125,15186.2001953125,6863.0498046875,610.2000122070312
2023-10-13,19751.05078125,31807.94921875,44287.94921875,52520.69921875,16444.94921875,15235.0498046875,6820.7998046875,612.7999877929688
2023-10-16,19731.75,31750.400390625,44225.8984375,52401.94921875,16519.349609375,15164.75,6882.7998046875,610.7000122070312
2023-10-17,19811.5,31794.900390625,44409.5,52665.30078125,16522.75,15211.9501953125,6902.0,610.9000244140625
2023-10-18,19671.099609375,31606.650390625,43888.69921875,52442.05078125,16535.400390625,15331.2998046875,6863.39990234375,608.0499877929688
2023-10-19,19624.69921875,31540.05078125,43754.5,52516.3515625,16618.0,15273.400390625,6803.2998046875,605.9000244140625
2023-10-20,19542.650390625,31469.349609375,43723.05078125,51823.3515625,16497.849609375,15107.150390625,6712.75,599.3499755859375
2023-10-23,19281.75,30848.400390625,43151.19921875,51421.6484375,16277.849609375,14911.650390625,6494.0,584.4000244140625
2023-10-25,19122.150390625,30530.5,42832.0,51216.8515625,16210.4501953125,14800.150390625,6503.64990234375,578.7999877929688
2023-10-26,18857.25,30225.650390625,42280.1484375,50941.1015625,15953.0498046875,14648.5498046875,6398.0498046875,571.8499755859375
2023-10-27,19047.25,30599.69921875,42782.0,51395.0,16169.150390625,14738.5,6453.10009765625,583.0
2023-10-30,19140.900390625,30641.0,43039.1484375,51180.69921875,16023.4501953125,14775.599609375,6467.9501953125,595.4500122070312
2023-10-31,19079.599609375,30582.25,42845.94921875,51262.6015625,15916.2001953125,14683.650390625,6452.4501953125,603.0
2023-11-01,18989.150390625,30344.849609375,42700.94921875,51087.80078125,15835.650390625,14735.25,6359.89990234375,612.3499755859375
2023-11-02,19133.25,30582.75,43017.19921875,51589.0,15948.650390625,14834.4501953125,6448.9501953125,627.7999877929688
2023-11-03,19230.599609375,30779.94921875,43318.25,51901.5,16045.400390625,14882.349609375,6479.14990234375,643.75
2023-11-06,19411.75,30972.94921875,43619.3984375,52075.69921875,16172.75,15072.2998046875,6567.10009765625,651.5
2023-11-07,19406.69921875,30981.599609375,43737.8984375,52130.0,16143.75,15271.75,6576.85009765625,642.7999877929688
2023-11-08,19443.5,30917.19921875,43658.6484375,52455.19921875,16220.7998046875,15497.25,6626.2998046875,652.5499877929688
2023-11-09,19395.30078125,30717.69921875,43683.6015625,51983.0,16355.2998046875,15491.849609375,6599.64990234375,660.5999755859375
2023-11-10,19425.349609375,30639.05078125,43820.1015625,52076.05078125,16286.7001953125,15516.5,6646.0498046875,662.0999755859375
2023-11-13,19443.55078125,30635.849609375,43891.25,52025.6015625,16365.2998046875,15497.150390625,6714.10009765625,663.4500122070312
2023-11-15,19675.44921875,31429.349609375,44201.69921875,52383.44921875,16648.5,15516.25,6792.39990234375,683.0499877929688
2023-11-16,19765.19921875,32273.349609375,44161.55078125,52305.75,16788.900390625,15651.099609375,6792.39990234375,689.3499755859375
2023-11-17,19731.80078125,32191.349609375,43583.94921875,52756.1015625,16905.5,15804.5,6803.89990234375,692.7000122070312
2023-11-20,19694.0,32383.19921875,43584.94921875,52550.1015625,16777.30078125,15806.75,6771.5498046875,691.0
2023-11-21,19783.400390625,32325.69921875,43689.1484375,52466.19921875,16860.099609375,15968.900390625,6854.2001953125,698.7999877929688
2023-11-22,19811.849609375,32564.400390625,43449.6015625,52691.19921875,16972.19921875,16069.7998046875,6792.64990234375,693.9500122070312
2023-11-23,19802.0,32370.650390625,43577.5,52823.05078125,17033.55078125,15817.4501953125,6828.35009765625,701.0999755859375
2023-11-24,19794.69921875,32055.150390625,43769.1015625,52576.8984375,17040.349609375,15954.5,6874.25,702.9500122070312
2023-11-28,19889.69921875,32118.5,43880.94921875,52489.5,17202.75,15900.2998046875,7001.64990234375,706.9500122070312
2023-11-29,20096.599609375,32608.400390625,44566.44921875,52725.44921875,17482.44921875,15990.099609375,7016.39990234375,703.4500122070312
2023-11-30,20133.150390625,32582.19921875,44481.75,53013.80078125,17551.849609375,16238.900390625,7017.4501953125,713.5999755859375
2023-12-01,20267.900390625,32598.69921875,44814.19921875,53851.44921875,17489.05078125,16257.0498046875,7087.0,723.0499877929688
2023-12-04,20686.80078125,32665.55078125,46431.3984375,54237.69921875,17687.25,16228.400390625,7202.60009765625,737.75
2023-12-05,20855.099609375,32479.150390625,47012.25,54110.8984375,17792.099609375,16229.650390625,7423.39990234375,734.3499755859375
2023-12-06,20937.69921875,33022.6015625,46834.55078125,54662.55078125,17788.400390625,16169.5498046875,7425.35009765625,732.2000122070312
2023-12-07,20901.150390625,32961.6015625,46841.3984375,54173.1484375,17867.349609375,16294.2001953125,7369.85009765625,734.7999877929688
2023-12-08,20969.400390625,33392.8984375,47262.0,53636.3515625,17769.099609375,16163.150390625,7362.89990234375,738.7000122070312
2023-12-11,20997.099609375,33514.25,47314.25,53976.8984375,17852.30078125,16039.900390625,7439.7001953125,744.9500122070312
2023-12-12,20906.400390625,33493.8984375,47097.55078125,53837.0,17726.5,15963.5,7462.60009765625,731.9500122070312
2023-12-13,20926.349609375,33066.6484375,47092.25,54215.3515625,17917.900390625,16142.400390625,7528.2001953125,743.7000122070312
2023-12-14,21182.69921875,34223.3515625,47732.30078125,54361.44921875,18045.05078125,16155.7001953125,7574.25,772.5499877929688
2023-12-15,21456.650390625,35782.44921875,48143.55078125,54186.19921875,18038.25,16179.7998046875,7735.35009765625,767.0499877929688
2023-12-18,21418.650390625,35685.55078125,47867.69921875,54017.05078125,18068.25,16332.150390625,7768.5498046875,759.7000122070312
2023-12-19,21453.099609375,35345.0,47870.8984375,54776.55078125,17932.69921875,16391.25,7716.64990234375,755.6500244140625
2023-12-20,21150.150390625,34741.05078125,47445.30078125,54597.8984375,17523.55078125,16121.25,7421.5498046875,737.2999877929688
2023-12-21,21255.05078125,34846.05078125,47840.1484375,54803.30078125,17537.849609375,16238.150390625,7524.0,744.0999755859375
2023-12-22,21349.400390625,35637.80078125,47491.8515625,55101.05078125,17778.900390625,16394.349609375,7652.64990234375,763.0499877929688
2023-12-26,21441.349609375,35493.44921875,47724.8515625,55484.3984375,17953.55078125,16562.599609375,7739.7998046875,764.9000244140625
2023-12-27,21654.75,35741.0,48282.19921875,55750.3515625,18224.849609375,16655.94921875,7847.75,770.0999755859375
2023-12-28,21778.69921875,35691.6484375,48508.55078125,56504.5,18408.599609375,16860.849609375,7926.35009765625,777.4000244140625
2023-12-29,21731.400390625,35515.0,48292.25,56987.19921875,18618.19921875,16831.80078125,7978.0,783.0499877929688
2024-01-02,21665.80078125,35283.1015625,47761.6484375,57209.5,18339.349609375,17274.30078125,8023.89990234375,778.4500122070312
2024-01-03,21517.349609375,34395.44921875,47704.94921875,57213.30078125,18317.5,17379.80078125,7878.39990234375,788.0
2024-01-04,21658.599609375,34409.3984375,48195.8515625,57703.8984375,18326.75,17413.19921875,7883.0498046875,841.2999877929688
2024-01-05,21710.80078125,34851.75,48159.0,57667.3515625,18406.94921875,17358.599609375,7871.7998046875,844.3499755859375
2024-01-08,21513.0,34514.6484375,47450.25,56672.8515625,18350.19921875,17195.94921875,7747.0,845.4500122070312
2024-01-09,21544.849609375,34662.44921875,47242.6484375,56573.1015625,18519.80078125,17346.30078125,7808.2998046875,866.75
2024-01-10,21618.69921875,34834.3515625,47360.8515625,56348.94921875,18559.099609375,17401.900390625,7882.64990234375,865.7999877929688
2024-01-11,21647.19921875,34735.25,47438.3515625,56228.55078125,18755.099609375,17380.55078125,7876.14990234375,865.4500122070312
2024-01-12,21894.55078125,36521.69921875,47709.80078125,56485.75,18715.19921875,17347.44921875,7898.35009765625,881.0499877929688
2024-01-15,22097.44921875,37201.94921875,48158.30078125,56657.30078125,18765.25,17520.44921875,7864.10009765625,883.2999877929688
2024-01-16,22032.30078125,36727.1015625,48125.1015625,56755.8515625,18712.69921875,17320.150390625,7941.85009765625,868.5999755859375
2024-01-17,21571.94921875,36960.3984375,46064.44921875,56259.5,18447.25,17154.0,7693.5498046875,856.2999877929688
2024-01-18,21462.25,36730.5,45713.55078125,55953.6015625,18496.25,17331.25,7629.10009765625,862.5
2024-01-19,21622.400390625,37069.25,45701.1484375,56640.5,18694.599609375,17388.0,7732.35009765625,868.5
2024-01-23,21238.80078125,36521.3515625,45015.05078125,54973.8984375,18361.0,17520.30078125,7486.85009765625,816.1500244140625
2024-01-24,21453.94921875,37090.1484375,45082.3984375,55858.69921875,18593.69921875,17763.69921875,7708.64990234375,818.0999755859375
2024-01-25,21352.599609375,36496.19921875,44866.1484375,55214.1015625,18614.900390625,17532.55078125,7719.64990234375,823.5499877929688
2024-01-29,21737.599609375,36531.8984375,45442.3515625,55139.1015625,18927.25,17623.599609375,7843.75,833.9000244140625
2024-01-30,21522.099609375,36381.94921875,45367.75,54574.3515625,18878.349609375,17470.150390625,7864.0,837.0999755859375
2024-01-31,21725.69921875,36638.3984375,45996.80078125,55071.3984375,19227.150390625,17938.650390625,7973.10009765625,856.2000122070312
2024-02-01,21697.44921875,36534.55078125,46188.6484375,55215.80078125,19328.69921875,17839.19921875,7891.0498046875,848.1500244140625
2024-02-02,21853.80078125,37323.25,45970.94921875,55118.3984375,19380.5,17972.099609375,8078.25,856.2000122070312
2024-02-05,21771.69921875,37162.1484375,45825.55078125,54698.3984375,19615.30078125,18292.94921875,8109.5498046875,862.75
2024-02-06,21929.400390625,38246.30078125,45690.80078125,54608.80078125,19903.849609375,18488.05078125,8238.25,866.25
2024-02-07,21930.5,37767.75,45818.5,54772.6015625,19903.80078125,18564.849609375,8276.650390625,882.1500244140625
2024-02-08,21717.94921875,37851.6015625,45012.0,53646.19921875,19649.5,18520.30078125,8221.849609375,876.0499877929688
2024-02-09,21782.5,37699.25,45634.55078125,53867.1015625,19576.0,18617.099609375,8095.60009765625,875.9500122070312
2024-02-12,21616.05078125,37998.0,44882.25,53292.94921875,19419.599609375,18669.55078125,7901.64990234375,849.9500122070312
2024-02-13,21743.25,38204.0,45502.3984375,53432.05078125,19433.05078125,18753.94921875,7737.85009765625,850.4000244140625
2024-02-14,21840.05078125,37775.3984375,45908.30078125,53839.05078125,19716.0,18584.349609375,7874.7998046875,861.0
2024-02-15,21910.75,37999.55078125,46218.8984375,53321.3515625,19981.69921875,18567.69921875,7910.60009765625,869.4000244140625
2024-02-16,22040.69921875,38477.05078125,46384.8515625,53518.6015625,20423.44921875,18870.80078125,7976.4501953125,882.7000122070312
2024-02-20,22196.94921875,38029.69921875,47094.19921875,53882.5,20354.25,18993.0,7955.7998046875,887.0
2024-02-21,22055.05078125,37405.8984375,47019.69921875,53892.3515625,20252.55078125,18916.44921875,7976.4501953125,904.75
2024-02-22,22217.44921875,38130.1484375,46919.80078125,54419.19921875,20584.849609375,18969.44921875,8069.39990234375,909.6500244140625
2024-02-23,22212.69921875,38045.6484375,46811.75,54337.75,20621.349609375,19048.400390625,8047.75,918.75
2024-02-26,22122.05078125,37598.6484375,46576.5,54317.30078125,20642.400390625,18956.44921875,7971.75,919.3499755859375
2024-02-27,22198.349609375,37870.25,46588.05078125,54306.44921875,20788.55078125,19064.19921875,8000.5498046875,929.1500244140625
2024-02-28,21951.150390625,37741.75,45963.1484375,53824.8984375,20372.349609375,18942.55078125,7850.35009765625,909.5
2024-02-29,21982.80078125,37720.3984375,46120.8984375,54015.6015625,20412.400390625,19003.150390625,7921.89990234375,910.5499877929688
2024-03-01,22338.75,37516.05078125,47286.8984375,54225.1484375,20871.94921875,18822.30078125,8208.5,917.0999755859375
2024-03-04,22405.599609375,37314.80078125,47456.1015625,54221.75,20840.19921875,18960.19921875,8318.9501953125,927.4500122070312
2024-03-05,22356.30078125,36720.75,47581.0,53653.1015625,21121.19921875,19018.5,8300.5498046875,930.3499755859375
2024-03-06,22474.05078125,37001.80078125,47965.3984375,53879.6015625,21181.30078125,19140.0,8257.650390625,917.8499755859375
2024-03-07,22493.55078125,37099.8984375,47835.80078125,54406.30078125,21126.80078125,19194.099609375,8371.2998046875,916.5
2024-03-11,22332.650390625,36988.30078125,47327.8515625,54087.44921875,21001.150390625,19202.05078125,8250.75,906.5499877929688
2024-03-12,22335.69921875,37224.25,47282.3984375,53636.1015625,20931.849609375,18958.69921875,8108.39990234375,872.9000244140625
2024-03-13,21997.69921875,36946.44921875,46981.30078125,53664.1484375,20338.25,18635.69921875,7647.39990234375,826.5
2024-03-14,22146.650390625,37679.6015625,46789.94921875,54145.80078125,20514.25,18897.099609375,7799.9501953125,831.5499877929688
2024-03-15,22023.349609375,37500.69921875,46594.1015625,54155.44921875,20192.30078125,18718.44921875,7802.64990234375,830.1500244140625
2024-03-18,22055.69921875,36886.05078125,46575.8984375,53907.8515625,20446.599609375,18814.349609375,7996.89990234375,834.0499877929688
2024-03-19,21817.44921875,35814.6484375,46384.80078125,52740.8984375,20354.099609375,18405.650390625,7923.60009765625,829.2000122070312
2024-03-20,21839.099609375,35748.8984375,46310.8984375,52993.5,20406.44921875,18361.400390625,7860.89990234375,834.3499755859375
2024-03-21,22011.94921875,36026.80078125,46684.8984375,53338.3515625,20700.25,18582.599609375,8052.75,859.4000244140625
2024-03-22,22096.75,35188.3984375,46863.75,53775.69921875,21046.400390625,18815.599609375,8130.7998046875,874.5
2024-03-26,22004.69921875,34969.1015625,46600.19921875,53687.69921875,21038.30078125,18809.44921875,8161.2001953125,888.2000122070312
2024-03-27,22123.650390625,34744.3515625,46785.94921875,53543.55078125,21146.19921875,18768.400390625,8154.9501953125,895.75
2024-03-28,22326.900390625,34898.1484375,47124.6015625,53949.19921875,21419.099609375,18996.150390625,8257.2001953125,900.6500244140625
2024-04-01,22462.0,35042.80078125,47578.25,53889.1484375,21385.25,19207.900390625,8562.7001953125,939.9000244140625
2024-04-02,22453.30078125,34793.94921875,47545.44921875,54096.94921875,21614.25,19185.150390625,8690.849609375,949.3499755859375
2024-04-03,22434.650390625,35047.3984375,47624.25,53866.69921875,21555.349609375,19153.05078125,8691.2001953125,924.8499755859375
2024-04-04,22514.650390625,35426.69921875,48060.80078125,53634.44921875,21651.849609375,19125.19921875,8684.4501953125,924.5
2024-04-05,22513.69921875,35247.8984375,48493.05078125,53925.94921875,21600.900390625,19160.75,8699.0498046875,937.75
2024-04-08,22666.30078125,35064.1484375,48581.69921875,53966.05078125,22067.94921875,19218.849609375,8794.650390625,950.25
2024-04-09,22642.75,35079.3515625,48730.55078125,53629.3515625,21999.349609375,19182.30078125,8894.400390625,955.2999877929688
2024-04-10,22753.80078125,35293.1484375,48986.6015625,54290.8984375,21985.150390625,19117.0,8999.599609375,960.9000244140625
2024-04-12,22519.400390625,35018.1015625,48564.55078125,53701.3984375,21851.30078125,18788.650390625,8951.2998046875,952.4000244140625
2024-04-15,22272.5,34463.6015625,47773.25,53174.94921875,21680.30078125,18617.650390625,8899.7001953125,942.0499877929688
2024-04-16,22147.900390625,33574.94921875,47484.80078125,53402.25,21703.05078125,18695.599609375,8851.9501953125,937.75
2024-04-18,21995.849609375,33498.6484375,47069.44921875,52825.5,21520.75,18525.75,8824.25,932.75
2024-04-19,22147.0,33368.30078125,47574.1484375,53055.44921875,21609.69921875,18404.599609375,8909.0,926.25
2024-04-22,22336.400390625,33538.80078125,47924.8984375,53499.44921875,21812.69921875,18643.0,8931.2001953125,933.0999755859375
2024-04-23,22368.0,33714.55078125,47970.44921875,53905.30078125,21914.30078125,18463.75,8900.4501953125,957.2000122070312
2024-04-24,22402.400390625,33442.55078125,48189.0,53932.5,21896.900390625,18586.19921875,9140.099609375,965.75
2024-04-25,22570.349609375,33554.44921875,48494.94921875,54291.6484375,22174.05078125,18878.150390625,9242.0,963.3499755859375
2024-04-26,22419.94921875,33666.25,48201.05078125,54300.75,22111.55078125,18994.650390625,9222.650390625,969.0499877929688
2024-04-29,22643.400390625,33579.3984375,49424.05078125,54332.1484375,22078.75,19096.900390625,9268.7998046875,959.3499755859375
2024-04-30,22604.849609375,33200.94921875,49396.75,54240.6015625,22479.900390625,18970.599609375,9175.7998046875,973.25
2024-05-02,22648.19921875,33203.3515625,49231.05078125,54490.55078125,22733.5,19124.44921875,9279.5498046875,972.6500244140625
2024-05-03,22475.849609375,32908.3984375,48923.55078125,54273.8984375,22541.349609375,19133.400390625,9276.2998046875,962.6500244140625
2024-05-06,22442.69921875,33217.1484375,48895.30078125,54660.1484375,22526.599609375,19203.30078125,9189.75,989.2000122070312
2024-05-07,22302.5,33473.0,48285.3515625,55765.55078125,22114.0,18846.30078125,8969.900390625,954.7000122070312
2024-05-08,22302.5,33335.1484375,48021.1015625,56008.80078125,22458.650390625,18850.849609375,9102.349609375,960.8499755859375
2024-05-09,21957.5,33205.8515625,47487.8984375,54625.1015625,22633.30078125,18437.05078125,8841.25,939.4500122070312
2024-05-10,22055.19921875,32935.1484375,47421.1015625,55276.5,22846.900390625,18609.44921875,8977.4501953125,935.3499755859375
2024-05-13,22104.05078125,33074.6015625,47754.1015625,55340.69921875,22462.650390625,18939.0,9094.7998046875,946.9000244140625
2024-05-14,22217.849609375,33122.8515625,47859.44921875,55054.30078125,22874.80078125,18860.849609375,9347.150390625,955.25
2024-05-15,22200.55078125,33117.3984375,47687.44921875,54555.94921875,22759.849609375,18886.55078125,9376.900390625,965.0
2024-05-16,22403.849609375,33668.44921875,47977.05078125,54997.0,22886.849609375,18996.150390625,9405.400390625,980.75
2024-05-17,22466.099609375,33381.8515625,48115.6484375,55064.69921875,23285.650390625,18981.599609375,9557.9501953125,997.0999755859375
2024-05-21,22529.05078125,33379.75,48048.19921875,54969.25,23353.75,19205.19921875,9981.150390625,1004.7000122070312
2024-05-22,22597.80078125,33613.1015625,47781.94921875,55753.8984375,23324.099609375,19317.400390625,9919.4501953125,1018.9000244140625
2024-05-23,22967.650390625,34042.8515625,48768.6015625,55899.0,23849.25,19216.349609375,9959.4501953125,1030.4000244140625
2024-05-24,22957.099609375,33824.30078125,48971.6484375,55449.1484375,23891.44921875,19119.5,9928.400390625,1023.6500244140625
2024-05-27,22932.44921875,33995.25,49281.80078125,55260.5,23877.150390625,19111.94921875,9866.400390625,1032.3499755859375
2024-05-28,22888.150390625,33880.8515625,49142.1484375,55271.94921875,23814.25,19215.75,9815.0498046875,1010.0
2024-05-29,22704.69921875,33542.69921875,48501.3515625,54974.25,23757.94921875,19321.349609375,9841.2001953125,1000.9500122070312
2024-05-30,22488.650390625,32806.75,48682.3515625,54280.1015625,23471.0,18971.0,9545.25,996.0499877929688
2024-05-31,22530.69921875,32386.099609375,48983.94921875,54107.3515625,23419.599609375,18796.30078125,9723.599609375,1019.4000244140625
2024-06-03,23263.900390625,32511.400390625,50979.94921875,54653.6015625,23992.69921875,18864.150390625,10048.5498046875,1080.050048828125
2024-06-04,21884.5,32315.55078125,46928.6015625,55172.5,23193.30078125,18603.150390625,8980.150390625,976.0999755859375
2024-06-05,22620.349609375,33087.94921875,49054.6015625,57567.3984375,24283.75,19281.25,9496.599609375,1000.7999877929688
2024-06-06,22821.400390625,34023.80078125,49291.8984375,57373.6015625,24396.69921875,19232.099609375,9632.5,1047.75
2024-06-07,23290.150390625,35169.8984375,49803.19921875,57953.3515625,25020.19921875,19578.0,9833.599609375,1069.5
2024-06-10,23259.19921875,34526.25,49780.8984375,57991.75,25022.650390625,19774.69921875,9795.849609375,1083.6500244140625
2024-06-11,23264.849609375,34531.44921875,49705.75,57792.8515625,25230.80078125,19689.69921875,9789.5498046875,1095.8499755859375
2024-06-12,23322.94921875,34547.44921875,49895.1015625,57495.55078125,25217.599609375,19739.099609375,9838.349609375,1095.4000244140625
2024-06-13,23398.900390625,34902.05078125,49846.69921875,57117.0,25393.19921875,19838.5,9840.25,1119.9000244140625
2024-06-14,23465.599609375,34598.55078125,50002.0,57225.8515625,25722.099609375,19895.650390625,9912.099609375,1129.0999755859375
2024-06-18,23557.900390625,34802.94921875,50440.8984375,57167.3984375,25715.30078125,19826.650390625,9890.2001953125,1150.300048828125
2024-06-19,23516.0,34927.1015625,51398.05078125,56646.55078125,25381.69921875,19644.5,9773.2998046875,1117.699951171875
2024-06-20,23567.0,34936.44921875,51783.25,56669.6484375,25267.849609375,19544.55078125,9951.0498046875,1140.300048828125
2024-06-21,23501.099609375,35200.30078125,51661.44921875,55990.1015625,25092.30078125,19528.400390625,9990.900390625,1131.9000244140625
2024-06-24,23537.849609375,35143.80078125,51703.94921875,56392.69921875,25309.80078125,19521.150390625,9926.849609375,1135.3499755859375
2024-06-25,23721.30078125,35426.8984375,52606.0,56246.3515625,25250.25,19532.30078125,9857.4501953125,1115.5
2024-06-26,23868.80078125,35406.6015625,52870.5,56465.19921875,25018.900390625,19545.349609375,9714.2998046875,1099.5
2024-06-27,24044.5,36123.69921875,52811.30078125,56670.6015625,25191.400390625,19514.80078125,9767.400390625,1098.949951171875
2024-06-28,24010.599609375,36157.5,52342.25,56756.8515625,25200.599609375,19731.55078125,9814.2998046875,1104.75
2024-07-01,24141.94921875,36869.19921875,52574.75,57154.69921875,25323.849609375,19758.25,9882.7998046875,1101.050048828125
2024-07-02,24123.849609375,37299.1484375,52168.1015625,56669.19921875,25130.849609375,19786.400390625,9835.7001953125,1110.1500244140625
2024-07-03,24286.5,37314.3515625,53089.25,57177.55078125,25182.80078125,19915.30078125,9940.099609375,1113.8499755859375
2024-07-04,24302.150390625,37725.8984375,53103.69921875,57058.3984375,25366.44921875,20192.599609375,9936.7998046875,1119.5
2024-07-05,24323.849609375,37720.75,52660.3515625,57673.0,25398.30078125,20453.849609375,9970.5,1119.1500244140625
2024-07-08,24320.55078125,37742.25,52425.80078125,58611.19921875,25260.5,20325.80078125,9877.349609375,1114.300048828125
2024-07-09,24433.19921875,37668.6484375,52568.80078125,59182.6484375,25823.55078125,20645.80078125,9881.900390625,1127.050048828125
2024-07-10,24324.44921875,37280.75,52189.30078125,59349.6015625,25302.80078125,20725.94921875,9722.7998046875,1126.6500244140625
2024-07-11,24315.94921875,37332.6015625,52270.6484375,59516.69921875,25257.25,20601.69921875,9723.25,1109.9000244140625
2024-07-12,24502.150390625,39023.0,52278.8984375,59725.75,25145.44921875,20612.650390625,9708.2001953125,1093.199951171875
2024-07-15,24586.69921875,38911.3515625,52455.8984375,60070.69921875,25419.80078125,20844.55078125,9729.599609375,1107.9000244140625
2024-07-16,24613.0,39141.5,52396.80078125,60645.1484375,25482.900390625,20765.44921875,9722.0,1126.25
2024-07-18,24800.849609375,40010.3984375,52620.69921875,61225.3515625,25576.69921875,20768.349609375,9636.9501953125,1122.699951171875
2024-07-19,24530.900390625,39923.30078125,52265.6015625,61087.8984375,24963.349609375,20425.400390625,9256.2998046875,1096.199951171875
2024-07-22,24509.25,39773.1484375,52280.3984375,60881.75,25250.75,20641.55078125,9350.599609375,1090.9000244140625
2024-07-23,24479.05078125,40044.69921875,51778.30078125,62511.25,25321.69921875,20755.349609375,9263.099609375,1065.949951171875
2024-07-24,24413.5,40115.05078125,51317.0,62182.3515625,25309.05078125,20908.5,9267.150390625,1074.25
2024-07-25,24406.099609375,40055.5,50888.75,62139.5,25627.349609375,21105.5,9148.0,1065.3499755859375
2024-07-26,24834.849609375,40977.3515625,51295.94921875,62728.80078125,26250.69921875,21603.099609375,9423.400390625,1077.6500244140625
2024-07-29,24836.099609375,40820.1015625,51406.25,62513.8515625,26426.55078125,21674.94921875,9450.2998046875,1093.050048828125
2024-07-30,24857.30078125,40776.3515625,51499.30078125,61819.0,26580.94921875,21540.80078125,9468.349609375,1097.800048828125
2024-07-31,24951.150390625,40851.1015625,51553.3984375,62082.19921875,26685.25,21777.150390625,9583.400390625,1093.75
2024-08-01,25010.900390625,40709.3984375,51564.0,62173.19921875,26487.44921875,21790.349609375,9573.2001953125,1075.1500244140625
2024-08-02,24717.69921875,39730.30078125,51350.1484375,61745.1484375,25714.44921875,21902.849609375,9314.5498046875,1037.1500244140625
2024-08-05,24055.599609375,38435.94921875,50092.1015625,61550.44921875,24706.5,21583.05078125,8862.5,992.2999877929688
2024-08-06,23992.55078125,38624.19921875,49748.30078125,61604.1484375,24520.05078125,21562.55078125,8888.9501953125,1000.5999755859375
2024-08-07,24297.5,39194.80078125,50119.0,62322.6484375,24937.599609375,22036.94921875,9128.4501953125,1018.9500122070312
2024-08-08,24117.0,38448.30078125,50156.69921875,62042.55078125,24917.349609375,22114.25,8969.25,1006.6500244140625
2024-08-09,24367.5,39043.30078125,50484.5,62157.3515625,25346.650390625,22209.55078125,9038.2998046875,1022.25
2024-08-12,24347.0,39109.55078125,50577.94921875,61668.44921875,25278.94921875,22205.599609375,9106.25,1035.699951171875
2024-08-13,24139.0,39114.8515625,49831.8515625,61495.75,25081.849609375,22191.599609375,8957.150390625,1028.0999755859375
2024-08-14,24143.75,39731.25,49727.30078125,61305.30078125,25093.5,22012.69921875,8844.2998046875,1023.1500244140625
2024-08-16,24541.150390625,40878.25,50516.8984375,62213.0,25597.349609375,22106.5,8994.099609375,1048.6500244140625
2024-08-19,24572.650390625,41236.8515625,50368.3515625,62326.05078125,25368.75,22237.849609375,9161.9501953125,1050.199951171875
2024-08-20,24698.849609375,41572.80078125,50803.1484375,62240.6015625,25500.0,22374.25,9204.650390625,1052.3499755859375
2024-08-21,24770.19921875,41570.8515625,50685.55078125,63091.8984375,25586.75,22577.900390625,9264.0498046875,1038.550048828125
2024-08-22,24811.5,41506.19921875,50985.69921875,63483.6015625,25563.650390625,22546.099609375,9326.25,1043.449951171875
2024-08-23,24823.150390625,41089.8515625,50933.44921875,63409.25,25850.69921875,22527.849609375,9290.5,1018.0999755859375
2024-08-26,25010.599609375,41662.1015625,51148.1015625,63657.94921875,25941.44921875,22554.94921875,9490.75,1036.0
2024-08-27,25017.75,41709.25,51278.75,62981.1484375,25911.900390625,22729.0,9432.75,1038.0999755859375
2024-08-28,25052.349609375,42394.3984375,51143.8515625,62713.6015625,25879.400390625,22989.099609375,9414.7998046875,1036.199951171875
2024-08-29,25151.94921875,42591.6484375,51152.75,63162.94921875,26020.400390625,22878.05078125,9369.9501953125,1034.5
2024-08-30,25235.900390625,42787.80078125,51351.0,63059.75,26172.80078125,23217.599609375,9405.25,1053.4000244140625
2024-09-02,25278.69921875,42975.6015625,51439.55078125,63578.6015625,26071.400390625,22987.44921875,9307.150390625,1050.9000244140625
2024-09-03,25279.849609375,42851.30078125,51689.1015625,63485.75,26034.650390625,23014.30078125,9254.75,1045.4000244140625
2024-09-04,25198.69921875,42450.5,51400.25,63742.8984375,25934.25,23184.400390625,9185.5,1052.199951171875
2024-09-05,25145.099609375,42644.6484375,51473.05078125,63700.3984375,25835.30078125,23156.69921875,9212.9501953125,1041.949951171875
2024-09-06,24852.150390625,42228.8984375,50576.8515625,63175.69921875,25527.150390625,23043.400390625,9161.150390625,1032.0999755859375
2024-09-09,24936.400390625,41919.05078125,51117.80078125,64465.8515625,25495.25,23009.400390625,9099.0,1029.6500244140625
2024-09-10,25041.099609375,42644.19921875,51272.30078125,64584.94921875,25556.44921875,23256.849609375,9156.2001953125,1038.75
2024-09-11,24918.44921875,42473.30078125,51010.0,64768.1484375,25240.599609375,23220.400390625,9028.2001953125,1026.6500244140625
2024-09-12,25388.900390625,43152.1015625,51772.3984375,65513.19921875,25779.80078125,23429.599609375,9290.849609375,1035.699951171875
2024-09-13,25356.5,43394.3515625,51938.05078125,65062.80078125,25820.849609375,23457.650390625,9370.650390625,1053.6500244140625
2024-09-16,25383.75,43352.6484375,52153.1484375,64597.0,25829.650390625,23448.75,9427.7001953125,1059.699951171875
2024-09-17,25418.55078125,43415.0,52188.6484375,64686.44921875,25896.400390625,23383.650390625,9388.150390625,1066.199951171875
2024-09-18,25377.55078125,42089.30078125,52750.3984375,64615.05078125,25804.44921875,23025.19921875,9310.5498046875,1063.75
2024-09-19,25415.80078125,41945.6015625,53037.6015625,64975.80078125,25907.650390625,22930.150390625,9251.2001953125,1069.0
2024-09-20,25790.94921875,42204.3984375,53793.19921875,65870.796875,26394.55078125,23005.25,9404.2998046875,1101.5999755859375
2024-09-23,25939.05078125,41987.44921875,54105.80078125,66305.203125,26805.400390625,23134.25,9454.849609375,1126.1500244140625
2024-09-24,25940.400390625,42243.94921875,53968.6015625,65796.6484375,26920.44921875,23188.400390625,9735.400390625,1122.75
2024-09-25,26004.150390625,41960.94921875,54101.6484375,65521.69921875,26888.349609375,23249.0,9777.150390625,1130.1500244140625
2024-09-26,26216.05078125,42160.8984375,54375.3515625,66156.8984375,27496.25,23250.900390625,9985.7001953125,1131.300048828125
2024-09-27,26178.94921875,42312.6015625,53834.30078125,65845.453125,27610.75,23519.099609375,10064.599609375,1117.800048828125
2024-09-30,25810.849609375,41946.1015625,52978.1015625,65540.3515625,27027.19921875,23281.19921875,10198.349609375,1099.0
2024-10-01,25796.900390625,42434.80078125,52922.6015625,65470.94921875,27083.44921875,23296.55078125,10222.9501953125,1096.8499755859375
2024-10-03,25250.099609375,41762.6015625,51845.19921875,64502.05078125,26302.099609375,23178.75,10155.0,1049.0
2024-10-04,25014.599609375,41912.5,51462.05078125,63380.05078125,25926.30078125,23094.69921875,10113.2001953125,1031.800048828125
2024-10-07,24795.75,42190.6015625,50478.8984375,63028.3515625,25807.150390625,22977.80078125,9886.2998046875,1020.1500244140625
2024-10-08,25013.150390625,42387.55078125,51021.0,63326.55078125,26236.099609375,23307.94921875,9794.4501953125,1029.949951171875
2024-10-09,24981.94921875,42622.75,51007.0,62334.3515625,26450.25,23783.80078125,9800.75,1052.050048828125
2024-10-10,24998.44921875,42088.80078125,51530.8984375,62056.30078125,26528.5,23305.150390625,9839.9501953125,1047.8499755859375
2024-10-11,24964.25,42335.69921875,51172.30078125,62080.19921875,26436.599609375,23582.25,9932.7001953125,1040.5999755859375
2024-10-14,25127.94921875,42872.75,51816.8984375,62372.30078125,26463.55078125,23680.0,9905.0,1057.3499755859375
2024-10-15,25057.349609375,42731.30078125,51906.0,62607.69921875,26242.599609375,23555.69921875,9762.0498046875,1079.050048828125
2024-10-16,24971.30078125,42230.69921875,51801.05078125,62373.25,25909.0,23467.349609375,9741.7001953125,1084.949951171875
2024-10-17,24749.849609375,42734.3515625,51288.80078125,61352.75,24991.19921875,23254.0,9603.2998046875,1044.1500244140625
2024-10-18,24854.05078125,42106.5,52094.19921875,61042.1015625,25146.900390625,23356.19921875,9753.900390625,1047.300048828125
2024-10-21,24781.099609375,41562.69921875,51962.69921875,60280.25,25251.849609375,23122.69921875,9606.7998046875,1032.6500244140625
2024-10-22,24472.099609375,41238.80078125,51257.1484375,60000.94921875,24627.25,22828.19921875,9318.7998046875,997.75
2024-10-23,24435.5,42222.1015625,51239.0,60097.6484375,24451.30078125,22471.599609375,9295.25,997.1500244140625
2024-10-24,24399.400390625,42139.8515625,51531.1484375,58396.8984375,24324.849609375,22570.80078125,9273.4501953125,985.8499755859375
2024-10-25,24180.80078125,42038.8515625,50787.44921875,58908.5,23799.30078125,22574.55078125,9048.9501953125,974.3499755859375
2024-10-28,24339.150390625,42205.3984375,51259.30078125,59252.6484375,23964.44921875,22857.25,9278.400390625,987.75
2024-10-29,24466.849609375,42031.44921875,52320.69921875,59203.8515625,23588.599609375,22601.400390625,9338.75,1001.8499755859375
2024-10-30,24340.849609375,41668.6015625,51807.5,59748.8984375,23594.0,22374.94921875,9342.4501953125,1001.0499877929688
2024-10-31,24205.349609375,40407.55078125,51475.3515625,59203.0,23514.69921875,22735.55078125,9326.849609375,999.5499877929688
2024-11-01,24304.349609375,40433.6484375,51673.8984375,59433.19921875,23805.599609375,22807.150390625,9390.2998046875,1009.0999755859375
2024-11-04,23995.349609375,40421.80078125,51215.25,58743.69921875,23573.19921875,22638.30078125,9242.900390625,979.5
2024-11-05,24213.30078125,40424.6015625,52207.25,58542.19921875,23839.599609375,22661.25,9505.400390625,985.5999755859375
2024-11-06,24484.05078125,42039.5,52317.3984375,58754.80078125,24137.900390625,22920.349609375,9656.4501953125,1011.0499877929688
2024-11-07,24199.349609375,41752.3984375,51916.5,58180.25,23812.5,22526.94921875,9392.849609375,996.5499877929688
2024-11-08,24148.19921875,42050.1484375,51561.19921875,58359.3984375,23805.19921875,22542.25,9308.900390625,967.6500244140625
2024-11-11,24141.30078125,42590.30078125,51876.75,57843.94921875,23729.44921875,22344.25,9216.25,966.2000122070312
2024-11-12,23883.44921875,42609.55078125,51157.80078125,56902.55078125,23269.099609375,22151.599609375,9078.5,967.9500122070312
2024-11-13,23559.05078125,42369.5,50088.3515625,56647.8515625,22765.19921875,21809.30078125,8836.75,937.25
2024-11-14,23532.69921875,42390.8515625,50179.55078125,55782.69921875,22914.5,21752.0,8828.7001953125,946.9500122070312
2024-11-18,23453.80078125,41406.55078125,50363.80078125,56314.3515625,23043.849609375,21544.150390625,8996.650390625,952.25
2024-11-19,23518.5,41748.3515625,50626.5,56378.55078125,23359.5,21768.849609375,8920.349609375,966.2999877929688
2024-11-21,23349.900390625,41952.80078125,50372.8984375,55693.69921875,23145.900390625,21740.099609375,8717.400390625,975.2999877929688
2024-11-22,23907.25,43332.1015625,51135.3984375,56956.44921875,23554.099609375,21962.05078125,8846.2001953125,1006.25
2024-11-25,24221.900390625,43618.1484375,52207.5,57358.19921875,23716.44921875,22177.05078125,8883.0,1028.5
2024-11-26,24194.5,44085.94921875,52191.5,57838.25,23413.0,21961.75,8916.7001953125,1029.1500244140625
2024-11-27,24274.900390625,44018.69921875,52301.80078125,58028.6015625,23517.349609375,21828.599609375,8987.349609375,1024.9000244140625
2024-11-28,23914.150390625,42968.75,51906.8515625,57706.05078125,23134.69921875,21728.599609375,8964.849609375,1025.3499755859375
2024-11-29,24131.099609375,43146.25,52055.6015625,57943.69921875,23368.55078125,22240.19921875,9034.0,1020.1500244140625
2024-12-02,24276.05078125,43547.0,52109.0,57917.0,23599.599609375,22450.19921875,9133.599609375,1051.199951171875
2024-12-03,24457.150390625,43754.94921875,52695.75,57689.19921875,23752.400390625,22445.69921875,9246.25,1054.5999755859375
2024-12-04,24467.44921875,43949.25,53266.8984375,57270.3515625,23584.0,22422.900390625,9230.099609375,1077.1500244140625
2024-12-05,24708.400390625,44806.3984375,53603.55078125,57605.19921875,23736.25,22463.400390625,9282.75,1074.449951171875
2024-12-06,24677.80078125,44716.05078125,53509.5,57744.30078125,23960.25,22434.75,9397.150390625,1073.9000244140625
2024-12-09,24619.0,44832.0,53407.75,56460.6015625,23775.05078125,22309.099609375,9455.25,1076.9000244140625
2024-12-10,24610.05078125,45199.75,53577.69921875,56530.25,23767.05078125,22291.44921875,9475.349609375,1092.3499755859375
2024-12-11,24641.80078125,45350.3515625,53391.3515625,56766.80078125,23851.849609375,22302.599609375,9483.650390625,1094.3499755859375
2024-12-12,24548.69921875,45701.6484375,53216.44921875,56146.69921875,23660.30078125,22229.30078125,9507.75,1089.8499755859375
2024-12-13,24768.30078125,45995.80078125,53583.80078125,56869.3984375,23773.099609375,22157.349609375,9439.2998046875,1085.050048828125
2024-12-16,24668.25,45653.6015625,53581.3515625,56697.19921875,23790.5,22255.55078125,9347.75,1118.6500244140625
2024-12-17,24336.0,45413.75,52834.80078125,56467.44921875,23417.80078125,22074.55078125,9194.9501953125,1117.5999755859375
2024-12-18,24198.849609375,45526.8515625,52139.55078125,56467.80078125,23241.25,22314.55078125,9069.900390625,1112.4000244140625
2024-12-19,23951.69921875,44954.19921875,51575.69921875,56157.8984375,23070.900390625,22697.900390625,8977.2001953125,1103.25
2024-12-20,23587.5,43771.05078125,50759.19921875,55600.80078125,22580.0,22501.849609375,8813.25,1060.0999755859375
2024-12-23,23753.44921875,43828.3515625,51317.6015625,56135.05078125,22557.75,22572.05078125,8891.400390625,1075.6500244140625
2024-12-24,23727.650390625,43668.8984375,51233.0,56439.30078125,22685.55078125,22558.900390625,8817.599609375,1074.75
2024-12-26,23750.19921875,43664.25,51170.69921875,56258.0,22876.099609375,22712.55078125,8805.25,1077.25
2024-12-27,23813.400390625,43721.3984375,51311.30078125,56444.25,23099.05078125,23008.349609375,8720.7001953125,1071.3499755859375
2024-12-30,23644.900390625,43971.44921875,50952.75,56618.3984375,22768.25,23241.150390625,8609.849609375,1054.8499755859375
2024-12-31,23644.80078125,43337.80078125,50860.19921875,56799.6484375,22834.0,23412.25,8649.900390625,1052.3499755859375
2025-01-02,24188.650390625,44351.75,51605.55078125,57671.3515625,24016.19921875,23553.400390625,8723.349609375,1051.6500244140625
2025-01-03,24004.75,43726.55078125,50988.80078125,57817.0,24005.0,23263.5,8729.9501953125,1045.0999755859375
2025-01-06,23616.05078125,43674.8515625,49922.0,56714.3984375,23482.19921875,23073.05078125,8455.5,1012.0499877929688
2025-01-07,23707.900390625,43375.8515625,50202.1484375,56719.55078125,23482.099609375,23228.55078125,8560.5498046875,1020.0999755859375
2025-01-08,23688.94921875,43634.25,49835.05078125,56967.6015625,23370.150390625,23011.099609375,8503.2001953125,1018.5
2025-01-09,23526.5,43126.44921875,49503.5,57495.6015625,23305.19921875,22868.099609375,8398.849609375,990.7000122070312
2025-01-10,23431.5,44609.5,48734.1484375,57117.69921875,23017.75,22380.849609375,8262.9501953125,963.2999877929688
2025-01-13,23085.94921875,43999.1015625,48041.25,56420.1484375,22382.25,21903.349609375,7951.35009765625,901.0
2025-01-14,23176.05078125,43061.19921875,48729.1484375,55627.19921875,22833.05078125,22203.900390625,8267.5,908.2000122070312
2025-01-15,23213.19921875,43401.25,48751.69921875,55549.8515625,22712.75,21972.69921875,8280.9501953125,920.8499755859375
2025-01-16,23311.80078125,43188.8515625,49278.69921875,55240.0,22861.25,21909.75,8422.0,927.0499877929688
2025-01-17,23203.19921875,42032.19921875,48540.6015625,55800.8515625,22791.099609375,22061.69921875,8521.7001953125,939.25
2025-01-20,23344.75,42192.80078125,49350.80078125,55738.05078125,22671.80078125,22182.400390625,8613.349609375,945.3499755859375
2025-01-21,23024.650390625,41697.94921875,48570.8984375,55622.6484375,22303.19921875,21882.900390625,8532.099609375,906.4000244140625
2025-01-22,23155.349609375,42590.69921875,48724.3984375,55596.05078125,22274.349609375,22034.94921875,8470.25,865.0499877929688
2025-01-23,23205.349609375,43351.75,48589.0,55781.80078125,22518.94921875,22343.30078125,8515.5498046875,873.7000122070312
2025-01-24,23092.19921875,43524.1015625,48367.80078125,56069.3515625,22171.05078125,21872.400390625,8438.7998046875,853.5499877929688
2025-01-27,22829.150390625,42060.69921875,48064.6484375,55654.5,21970.44921875,21292.30078125,8189.7998046875,844.5999755859375
2025-01-28,22957.25,41820.6484375,48866.8515625,55441.94921875,22264.150390625,20796.599609375,8157.4501953125,862.9000244140625
2025-01-29,23163.099609375,42914.5,49165.94921875,55163.05078125,22586.349609375,21163.900390625,8308.650390625,888.0
2025-01-30,23249.5,42426.6484375,49311.94921875,55558.94921875,22495.69921875,21419.650390625,8299.75,903.7999877929688
2025-01-31,23508.400390625,42662.75,49587.19921875,56691.94921875,22867.599609375,21438.599609375,8399.7001953125,921.3499755859375
2025-02-03,23361.05078125,42314.25,49210.55078125,57419.55078125,23327.0,21361.599609375,8155.14990234375,949.7000122070312
2025-02-04,23739.25,42860.19921875,50157.94921875,57274.69921875,23535.05078125,21733.94921875,8301.4501953125,954.9500122070312
2025-02-05,23696.30078125,42888.30078125,50343.05078125,56383.75,23517.099609375,21868.5,8427.099609375,937.2999877929688
2025-02-06,23603.349609375,43020.94921875,50382.1015625,55841.80078125,23298.849609375,22009.05078125,8363.650390625,916.7999877929688
2025-02-07,23559.94921875,42921.6484375,50158.8515625,55113.30078125,23459.94921875,22077.0,8585.7998046875,917.7000122070312
2025-02-10,23381.599609375,42596.55078125,49981.0,54856.6484375,23112.650390625,21665.650390625,8359.25,890.2999877929688
2025-02-11,23071.80078125,41968.30078125,49403.3984375,53794.25,22573.900390625,21249.5,8213.5498046875,863.0
2025-02-12,23045.25,41733.0,49479.44921875,53739.0,22407.44921875,21142.05078125,8268.400390625,839.3499755859375
2025-02-13,23031.400390625,41315.55078125,49359.8515625,53314.75,22344.30078125,21427.099609375,8336.349609375,846.1500244140625
2025-02-14,22929.25,41311.1484375,49099.44921875,53138.55078125,22069.30078125,20811.55078125,8187.5,831.4500122070312
2025-02-17,22959.5,41073.19921875,49258.8984375,52945.0,21951.849609375,21076.0,8250.2001953125,831.5499877929688
2025-02-18,22945.30078125,41464.3515625,49087.30078125,52480.5,21818.900390625,20969.19921875,8255.599609375,832.0499877929688
2025-02-19,22932.900390625,40924.25,49570.1015625,52360.44921875,21809.150390625,20820.0,8359.2001953125,845.9500122070312
2025-02-20,22913.150390625,40865.94921875,49334.55078125,52337.30078125,22074.900390625,20785.75,8523.0,855.4000244140625
2025-02-21,22795.900390625,40544.55078125,48981.19921875,52098.1484375,21505.900390625,20385.650390625,8609.7001953125,844.5
2025-02-24,22553.349609375,39446.6015625,48651.94921875,52285.80078125,21552.5,20389.69921875,8422.7998046875,837.6500244140625
2025-02-25,22547.55078125,39131.30078125,48608.3515625,52453.3515625,21662.650390625,20249.150390625,8293.4501953125,826.6500244140625
2025-02-27,22545.05078125,38946.6484375,48743.80078125,52055.1484375,21335.349609375,20201.25,8334.7998046875,809.3499755859375
2025-02-28,22124.69921875,37318.30078125,48344.69921875,50689.0,20498.599609375,19813.5,8219.25,797.9000244140625
2025-03-03,22119.30078125,37614.44921875,48114.30078125,50786.6484375,20538.150390625,19879.80078125,8316.2998046875,807.9500122070312
2025-03-04,22082.650390625,37276.94921875,48245.19921875,50524.25,20269.19921875,19820.650390625,8347.75,808.75
2025-03-05,22337.30078125,38072.30078125,48489.94921875,51279.1015625,20796.75,20126.80078125,8685.2001953125,827.5499877929688
2025-03-06,22544.69921875,38145.30078125,48627.69921875,51890.30078125,20959.69921875,20423.349609375,8888.650390625,826.1500244140625
2025-03-07,22552.5,37820.44921875,48497.5,51891.80078125,21009.69921875,20378.30078125,8926.900390625,816.3499755859375
2025-03-10,22460.30078125,37644.3984375,48216.80078125,52006.3984375,20752.80078125,20256.55078125,8850.2998046875,799.7000122070312
2025-03-11,22497.900390625,37400.1015625,47853.94921875,51951.44921875,20682.650390625,20332.099609375,8897.2998046875,828.7000122070312
2025-03-12,22470.5,36310.6484375,48056.6484375,51957.25,20783.69921875,20424.0,8854.2998046875,815.0499877929688
2025-03-13,22397.19921875,36122.5,48060.3984375,51879.25,20554.05078125,20386.849609375,8777.650390625,800.1500244140625
2025-03-17,22508.75,36137.19921875,48354.1484375,51773.1484375,20741.150390625,20703.94921875,8845.25,797.0999755859375
2025-03-18,22834.30078125,36619.3515625,49314.5,52475.0,21234.94921875,21041.30078125,9033.4501953125,822.2999877929688
2025-03-19,22907.599609375,36223.5,49702.6015625,52184.1015625,21319.5,21145.650390625,9148.5498046875,845.3499755859375
2025-03-20,23190.650390625,36676.6484375,50062.8515625,52857.8984375,21623.05078125,21340.599609375,9254.099609375,854.4000244140625
2025-03-21,23350.400390625,36702.80078125,50593.55078125,52986.05078125,21756.0,21625.900390625,9203.5498046875,862.75
2025-03-24,23658.349609375,37217.05078125,51704.94921875,53232.75,21938.69921875,21771.150390625,9262.849609375,875.9500122070312
2025-03-25,23668.650390625,37706.8984375,51607.94921875,53131.30078125,21737.599609375,21542.5,9132.900390625,863.2000122070312
2025-03-26,23486.849609375,37336.69921875,51209.0,52988.5,21742.80078125,21360.599609375,9097.7001953125,852.0499877929688
2025-03-27,23591.94921875,37548.30078125,51575.8515625,53276.6015625,21516.75,21275.150390625,9159.7998046875,863.5499877929688
2025-03-28,23519.349609375,36886.1484375,51564.8515625,53589.80078125,21295.5,21137.44921875,9092.5,851.2999877929688
2025-04-01,23165.69921875,35980.6484375,50827.5,53101.75,21235.25,20771.80078125,9016.849609375,824.8499755859375
2025-04-02,23332.349609375,36283.5,51348.05078125,53702.6015625,21408.849609375,20952.849609375,9080.0498046875,854.6500244140625
2025-04-03,23250.099609375,34757.25,51597.3515625,53806.75,21164.0,21423.55078125,9005.150390625,853.7999877929688
2025-04-04,22904.44921875,33511.44921875,51502.69921875,53830.69921875,20593.150390625,20560.0,8414.4501953125,823.0499877929688
2025-04-07,22161.599609375,32668.80078125,49860.1015625,53241.1484375,19815.55078125,19995.5,7846.35009765625,776.2000122070312
2025-04-08,22535.849609375,33244.3984375,50511.0,54300.25,20138.150390625,20377.900390625,7965.60009765625,795.4000244140625
2025-04-09,22399.150390625,32517.349609375,50240.1484375,55264.75,20140.400390625,19976.30078125,7847.5,780.2999877929688
2025-04-11,22828.55078125,32740.849609375,51002.3515625,55741.1015625,20548.650390625,20461.900390625,8168.2998046875,790.1500244140625
2025-04-15,23328.55078125,33275.30078125,52379.5,55896.94921875,21246.19921875,20912.19921875,8429.849609375,834.75
2025-04-16,23437.19921875,33295.5,53117.75,56345.6015625,21155.80078125,20874.30078125,8454.7998046875,840.7999877929688
2025-04-17,23851.650390625,33372.3515625,54290.19921875,56674.19921875,21373.099609375,21126.75,8476.5,845.0999755859375
2025-04-21,24125.55078125,34135.05078125,55304.5,56130.19921875,21826.0,21351.05078125,8653.5,864.0999755859375
2025-04-22,24167.25,33941.05078125,55647.19921875,57193.80078125,21903.69921875,21438.05078125,8669.5,885.0
2025-04-23,24328.94921875,35414.6484375,55370.05078125,57497.8984375,22424.44921875,21738.94921875,8737.2998046875,896.75
2025-04-24,24246.69921875,35307.1015625,55201.3984375,56887.55078125,22367.55078125,21974.599609375,8753.2998046875,884.1500244140625
2025-04-25,24039.349609375,35562.25,54664.05078125,56532.3515625,21994.5,21482.55078125,8569.75,859.3499755859375
2025-04-28,24328.5,35482.94921875,55432.80078125,56620.30078125,22352.94921875,21908.099609375,8689.900390625,871.5
2025-04-29,24335.94921875,35920.3984375,55391.25,56474.5,22299.05078125,21676.650390625,8607.150390625,869.25
2025-04-30,24334.19921875,35794.94921875,55087.1484375,56445.3515625,22308.400390625,21772.44921875,8581.7998046875,885.8499755859375
2025-05-02,24346.69921875,35891.8515625,55115.3515625,56252.25,22286.5,21627.44921875,8518.400390625,881.5499877929688
2025-05-05,24461.150390625,35991.25,54919.5,56936.19921875,22699.19921875,21775.75,8600.150390625,887.3499755859375
2025-05-06,24379.599609375,35869.19921875,54271.3984375,56883.3984375,22737.599609375,21534.349609375,8524.7001953125,855.5999755859375
2025-05-07,24414.400390625,35920.30078125,54610.8984375,56590.25,23114.099609375,21462.44921875,8608.0498046875,865.1500244140625
2025-05-08,24273.80078125,36002.44921875,54365.6484375,56020.69921875,22674.150390625,21115.05078125,8428.400390625,843.7999877929688
2025-05-09,24008.0,35880.1015625,53595.25,55633.0,22627.80078125,21071.75,8420.5498046875,823.75
2025-05-12,24924.69921875,38282.55078125,55382.8515625,57101.3984375,23400.44921875,21102.69921875,8914.25,872.5999755859375
2025-05-13,24578.349609375,37354.6015625,54940.8515625,56334.1484375,23167.25,21359.75,8834.650390625,866.2999877929688
2025-05-14,24666.900390625,37853.55078125,54801.30078125,56351.69921875,23356.849609375,21480.5,9052.099609375,881.0
2025-05-15,25062.099609375,38293.80078125,55355.6015625,56685.94921875,23804.849609375,21650.650390625,9210.0498046875,897.9500122070312
2025-05-16,25019.80078125,37972.3515625,55354.8984375,57061.80078125,23953.150390625,21633.19921875,9201.849609375,912.5499877929688
2025-05-19,24945.44921875,37477.80078125,55420.69921875,56955.69921875,24052.599609375,21740.44921875,9210.75,933.2000122070312
2025-05-20,24683.900390625,37283.5,54877.3515625,56206.25,23531.19921875,21456.150390625,9156.0498046875,922.7999877929688
2025-05-21,24813.44921875,37540.1015625,55075.1015625,56413.1484375,23700.099609375,21723.650390625,9208.150390625,938.7000122070312
2025-05-22,24609.69921875,37050.1484375,54941.30078125,55598.05078125,23459.900390625,21521.75,9179.650390625,934.4000244140625
2025-05-23,24853.150390625,37403.55078125,55398.25,56502.05078125,23515.25,21434.25,9249.599609375,936.8499755859375
2025-05-26,25001.150390625,37785.8984375,55572.0,57049.69921875,23763.150390625,21501.80078125,9336.4501953125,944.0
2025-05-27,24826.19921875,37501.44921875,55352.80078125,56547.6015625,23596.900390625,21524.94921875,9294.9501953125,946.2999877929688
2025-05-28,24752.44921875,37465.75,55417.0,55703.8515625,23437.05078125,21393.30078125,9239.5,944.9000244140625
2025-05-29,24833.599609375,37754.1484375,55546.05078125,55630.44921875,23555.75,21589.349609375,9351.650390625,955.7000122070312
2025-05-30,24750.69921875,37321.75,55749.69921875,55283.0,23325.599609375,21442.05078125,9193.25,949.3499755859375
2025-06-02,24716.599609375,37061.8515625,55903.3984375,55732.55078125,23327.05078125,21394.099609375,9128.5498046875,971.25
2025-06-03,24542.5,36814.8984375,55599.94921875,55460.80078125,23268.69921875,21354.19921875,9122.2998046875,982.9000244140625
2025-06-04,24620.19921875,36938.1015625,55676.8515625,55530.55078125,23332.599609375,21371.69921875,9177.400390625,976.0
2025-06-05,24750.900390625,37107.94921875,55760.8515625,55632.44921875,23306.19921875,21644.19921875,9231.5,993.0999755859375
2025-06-06,25003.05078125,37294.8515625,56578.3984375,55802.69921875,23661.30078125,21684.400390625,9406.4501953125,1039.5999755859375
2025-06-09,25103.19921875,37669.19921875,56839.6015625,56026.1015625,23777.150390625,21826.80078125,9477.0,1038.1500244140625
2025-06-10,25104.25,38300.0,56629.1015625,56198.80078125,23759.0,21948.0,9509.7001953125,1026.300048828125
2025-06-11,25141.400390625,38784.30078125,56459.75,55820.6015625,23805.19921875,22057.150390625,9495.7998046875,1027.25
2025-06-12,24888.19921875,38460.30078125,56082.55078125,55104.1015625,23411.80078125,22036.150390625,9348.5,1006.4500122070312
2025-06-13,24718.599609375,38469.25,55527.3515625,54527.1484375,23327.400390625,21985.150390625,9258.7998046875,1007.0499877929688
2025-06-16,24946.5,39073.05078125,55944.8984375,54873.30078125,23368.25,22039.44921875,9358.25,1020.2999877929688
2025-06-17,24853.400390625,39356.1015625,55714.1484375,54708.75,23227.30078125,21622.80078125,9224.400390625,1013.7000122070312
2025-06-18,24812.05078125,39030.8984375,55828.75,54452.3984375,23312.349609375,21588.400390625,9158.25,1008.9000244140625
2025-06-19,24793.25,38664.94921875,55577.44921875,54283.5,23434.650390625,21441.849609375,9040.4501953125,992.75
2025-06-20,25112.400390625,38991.44921875,56252.8515625,54630.94921875,23679.349609375,21613.0,9138.599609375,1013.6500244140625
2025-06-23,24971.900390625,38414.1015625,56059.3515625,54226.8515625,23461.150390625,21626.19921875,9198.5498046875,1012.6500244140625
2025-06-24,25044.349609375,38417.94921875,56461.8984375,54346.30078125,23598.25,21672.099609375,9291.099609375,1014.25
2025-06-25,25244.75,39046.30078125,56621.1484375,54747.25,23827.80078125,21804.80078125,9329.2001953125,1019.7000122070312
2025-06-26,25549.0,38996.25,57206.69921875,55118.80078125,23961.69921875,21808.19921875,9544.5498046875,1009.5499877929688
2025-06-27,25637.80078125,38822.94921875,57443.8984375,55109.0,24007.94921875,21928.599609375,9578.2001953125,993.9500122070312
2025-06-30,25517.05078125,38950.0,57312.75,54883.8984375,23872.55078125,22038.69921875,9534.7998046875,986.5499877929688
2025-07-01,25541.80078125,38833.1484375,57459.44921875,54502.94921875,23824.0,22041.25,9564.5498046875,984.2000122070312
2025-07-02,25453.400390625,38879.1015625,56999.19921875,54439.69921875,23899.849609375,22110.80078125,9699.2001953125,970.0499877929688
2025-07-03,25405.30078125,38854.30078125,56791.94921875,54515.75,24004.94921875,22204.25,9623.4501953125,963.1500244140625
2025-07-04,25461.0,39166.55078125,57031.8984375,54735.6015625,23980.400390625,22384.599609375,9580.400390625,971.9500122070312
2025-07-07,25461.30078125,38866.94921875,56949.19921875,55652.8515625,23943.900390625,22365.05078125,9522.150390625,972.75
2025-07-08,25522.5,38983.25,57256.30078125,55504.0,23852.900390625,22165.900390625,9517.400390625,982.3499755859375
2025-07-09,25476.099609375,38680.8515625,57213.55078125,55946.19921875,23944.400390625,22208.5,9384.5,967.75
2025-07-10,25355.25,38376.6484375,56956.0,55628.19921875,23916.849609375,22076.80078125,9423.5498046875,974.7000122070312
2025-07-11,25149.849609375,37693.25,56754.69921875,55910.25,23493.80078125,22225.900390625,9382.849609375,962.9000244140625
2025-07-14,25082.30078125,37273.69921875,56765.3515625,56025.6015625,23552.0,22410.349609375,9407.9501953125,976.25
2025-07-15,25195.80078125,37424.6015625,57006.6484375,56429.05078125,23905.25,22665.69921875,9411.9501953125,983.9500122070312
2025-07-16,25212.05078125,37660.75,57168.94921875,56685.55078125,24011.150390625,22593.900390625,9360.7001953125,988.8499755859375
2025-07-17,25111.44921875,37138.55078125,56828.80078125,56843.05078125,24002.5,22680.349609375,9423.349609375,1001.0999755859375
2025-07-18,24968.400390625,37141.8984375,56283.0,56506.8984375,23894.349609375,22592.75,9458.2001953125,999.9000244140625
2025-07-21,25090.69921875,37031.75,56952.75,56222.69921875,24055.0,22531.849609375,9555.5,1006.25
2025-07-22,25060.900390625,36858.8984375,56756.0,56003.94921875,23875.849609375,22307.19921875,9533.2998046875,996.0499877929688
2025-07-23,25219.900390625,36951.5,57210.44921875,55710.3515625,24079.400390625,22417.44921875,9579.0498046875,970.2000122070312
2025-07-24,25062.099609375,36135.80078125,57066.05078125,55085.8515625,24087.30078125,22541.05078125,9582.2998046875,960.0999755859375
2025-07-25,24837.0,35623.75,56528.8984375,54579.94921875,23781.55078125,22662.69921875,9425.099609375,950.5999755859375
2025-07-28,24680.900390625,35370.05078125,56084.8984375,54732.94921875,23693.0,22761.150390625,9316.4501953125,911.9000244140625
2025-07-29,24821.099609375,35373.25,56222.0,54891.1484375,23888.349609375,23072.44921875,9409.7001953125,926.5
2025-07-30,24855.05078125,35481.69921875,56150.69921875,55020.3984375,23745.80078125,23073.900390625,9399.75,917.6500244140625
2025-07-31,24768.349609375,35301.6484375,55961.94921875,55812.1484375,23655.849609375,22771.05078125,9285.4501953125,912.3499755859375
2025-08-01,24565.349609375,34649.6015625,55617.6015625,56197.05078125,23410.94921875,22011.69921875,9102.349609375,896.1500244140625
2025-08-04,24722.75,35203.3515625,55619.3515625,56139.6484375,23787.5,22153.80078125,9327.849609375,912.0499877929688
2025-08-05,24649.55078125,35034.5,55360.25,55733.69921875,23876.30078125,21970.150390625,9336.0498046875,907.8499755859375
2025-08-06,24574.19921875,34426.25,55411.1484375,55230.80078125,23748.849609375,21523.75,9298.75,894.1500244140625
2025-08-07,24596.150390625,34726.80078125,55521.1484375,55298.5,23808.099609375,21684.80078125,9310.650390625,893.0
2025-08-08,24363.30078125,34398.5,55004.8984375,54900.94921875,23474.650390625,21402.150390625,9147.099609375,874.1500244140625
2025-08-11,24585.05078125,34544.6484375,55510.75,55309.8984375,23723.75,21604.650390625,9194.7998046875,890.4000244140625
2025-08-12,24487.400390625,34674.30078125,55043.69921875,55034.44921875,23856.599609375,21753.5,9229.7001953125,883.9000244140625
2025-08-13,24619.349609375,34692.94921875,55181.44921875,55010.1484375,24122.650390625,22130.30078125,9345.9501953125,886.0499877929688
2025-08-14,24631.30078125,34833.19921875,55341.8515625,54656.30078125,24118.80078125,22151.849609375,9216.25,879.3499755859375
2025-08-18,24876.94921875,34634.94921875,55734.8984375,55304.25,25127.19921875,22141.150390625,9387.5,898.4500122070312
2025-08-19,24980.650390625,34756.69921875,55865.1484375,55886.6484375,25456.69921875,22066.75,9457.5,904.2999877929688
2025-08-20,25050.55078125,35690.05078125,55698.5,56664.05078125,25469.25,21969.5,9497.75,913.8499755859375
2025-08-21,25083.75,35723.8984375,55755.44921875,56303.05078125,25377.5,22177.69921875,9493.650390625,917.3499755859375
2025-08-22,24870.099609375,35440.8515625,55149.3984375,55737.44921875,25329.44921875,22265.0,9375.4501953125,909.6500244140625
2025-08-25,24967.75,36280.1015625,55139.30078125,55681.6484375,25423.400390625,22362.80078125,9436.75,916.4500122070312
2025-08-26,24712.05078125,36063.19921875,54450.44921875,56187.0,25320.30078125,21990.0,9280.0498046875,895.9500122070312
2025-08-28,24500.900390625,35488.80078125,53820.3515625,55612.94921875,25183.5,21808.349609375,9210.5,882.5
2025-08-29,24426.849609375,35181.25,53655.6484375,56141.8515625,24960.849609375,21804.05078125,9154.7998046875,870.75
2025-09-01,24625.05078125,35740.6484375,54002.44921875,56175.19921875,25660.0,21778.849609375,9305.2998046875,879.7999877929688
2025-09-02,24579.599609375,35737.8984375,53661.0,56806.6015625,25584.94921875,21719.94921875,9384.349609375,886.1500244140625
2025-09-03,24715.05078125,35474.94921875,54067.55078125,56969.19921875,25775.44921875,21959.599609375,9676.400390625,889.6500244140625
2025-09-04,24734.30078125,35143.1015625,54075.44921875,57104.05078125,25994.849609375,21915.400390625,9616.349609375,882.75
2025-09-05,24741.0,34635.8515625,54114.55078125,56292.1015625,26320.599609375,21924.80078125,9681.650390625,872.5
2025-09-08,24773.150390625,34310.44921875,54186.8984375,56171.30078125,27189.19921875,21865.19921875,9717.849609375,876.5499877929688
2025-09-09,24868.599609375,35255.94921875,54216.1015625,56497.25,27182.5,22052.650390625,9734.2001953125,873.9500122070312
2025-09-10,24973.099609375,36183.80078125,54536.0,56856.8515625,26833.94921875,22122.05078125,9759.4501953125,883.7999877929688
2025-09-11,25005.5,36003.5,54669.6015625,56960.6015625,26744.44921875,22224.0,9792.9501953125,883.7999877929688
2025-09-12,25114.0,36110.75,54809.30078125,56557.1484375,26866.650390625,22341.19921875,9883.599609375,884.3499755859375
2025-09-15,25069.19921875,35902.19921875,54887.8515625,56551.3515625,26760.650390625,22198.69921875,9891.0,905.6500244140625
2025-09-16,25239.099609375,36212.1484375,55147.6015625,56398.6484375,27146.400390625,22264.55078125,9973.4501953125,915.3499755859375
2025-09-17,25330.25,36447.1484375,55493.30078125,56321.0,27294.650390625,22241.349609375,9923.150390625,919.0999755859375
2025-09-18,25423.599609375,36750.25,55727.44921875,56522.3515625,27329.349609375,22574.349609375,9955.150390625,918.4500122070312
2025-09-19,25327.05078125,36578.25,55458.8515625,56273.05078125,27219.55078125,22686.599609375,9989.900390625,923.5
2025-09-22,25202.349609375,35500.1484375,55284.75,56006.75,27154.30078125,22365.75,10029.099609375,921.5499877929688
2025-09-23,25169.5,35249.1015625,55509.75,55281.55078125,27321.94921875,22299.099609375,10129.0498046875,913.3499755859375
2025-09-24,25056.900390625,34994.30078125,55121.5,55378.94921875,27007.599609375,22180.69921875,10060.099609375,890.5999755859375
2025-09-25,24890.849609375,34548.30078125,54976.19921875,55108.0,26758.5,21977.69921875,10082.5498046875,875.9000244140625
2025-09-26,24654.69921875,33702.0,54389.3515625,54847.55078125,26484.55078125,21507.19921875,9888.25,867.1500244140625
2025-09-29,24634.900390625,33693.1015625,54461.0,54945.80078125,26436.55078125,21475.30078125,9923.099609375,874.75
2025-09-30,24611.099609375,33655.1015625,54635.8515625,54710.69921875,26542.349609375,21454.25,10038.150390625,867.5999755859375
2025-10-01,24836.30078125,33905.19921875,55347.94921875,55105.3515625,26768.650390625,21733.5,10092.9501953125,877.1500244140625
2025-10-03,24894.25,33949.75,55589.25,55170.6015625,26753.099609375,21756.349609375,10277.099609375,876.0999755859375
2025-10-06,25077.650390625,34722.55078125,56104.8515625,55057.6484375,26857.19921875,21779.849609375,10185.5,882.0999755859375
2025-10-07,25108.30078125,34709.44921875,56239.3515625,54763.8515625,26933.55078125,21875.30078125,10156.650390625,891.7000122070312
2025-10-08,25046.150390625,35232.25,56018.25,54489.6484375,26522.400390625,21707.349609375,10136.5498046875,875.4000244140625
2025-10-09,25181.80078125,35628.5,56192.05078125,54707.44921875,26587.0,21936.19921875,10356.2001953125,881.9000244140625
2025-10-10,25285.349609375,35609.05078125,56609.75,54966.44921875,26721.19921875,22218.25,10261.5498046875,896.6500244140625
2025-10-13,25227.349609375,35330.80078125,56625.0,54473.8515625,26698.150390625,22205.099609375,10217.4501953125,896.7999877929688
2025-10-14,25145.5,35214.8515625,56496.44921875,54213.75,26640.55078125,22039.25,10116.7998046875,888.3499755859375
2025-10-15,25323.55078125,35401.80078125,56799.8984375,54748.69921875,26708.650390625,22057.30078125,10218.0,915.4000244140625
2025-10-16,25585.30078125,35531.05078125,57422.55078125,55853.8984375,27048.75,22103.19921875,10287.25,932.7999877929688
2025-10-17,25709.849609375,34950.69921875,57713.3515625,56616.3984375,27228.599609375,22253.75,10199.2998046875,933.75
2025-10-20,25843.150390625,35292.6015625,58033.19921875,56597.1484375,27185.44921875,22439.900390625,10191.849609375,938.2000122070312
2025-10-21,25868.599609375,35299.75,58007.19921875,56609.1484375,27229.849609375,22515.69921875,10232.75,937.4000244140625
2025-10-23,25891.400390625,36078.6484375,58078.05078125,56772.44921875,27218.75,22481.25,10241.849609375,939.2000122070312
2025-10-24,25795.150390625,35986.3515625,57699.6015625,56348.1015625,27108.69921875,22357.349609375,10347.4501953125,940.9000244140625
2025-10-27,25966.05078125,36129.1015625,58114.25,56428.94921875,27263.650390625,22310.400390625,10467.150390625,954.6500244140625
2025-10-28,25936.19921875,35860.3984375,58214.1015625,56110.05078125,27148.349609375,22250.900390625,10596.2001953125,944.5999755859375
2025-10-29,26053.900390625,36090.1015625,58385.25,56615.3515625,26948.900390625,22430.69921875,10777.5,950.5
2025-10-30,25877.849609375,35906.3984375,58031.1015625,56343.5,26829.55078125,22298.19921875,10729.2001953125,950.9000244140625
2025-10-31,25722.099609375,35712.3515625,57776.3515625,56208.5,26809.849609375,22175.400390625,10612.150390625,947.5499877929688
2025-11-03,25763.349609375,35653.1015625,58101.44921875,56153.69921875,26841.80078125,22442.599609375,10652.7998046875,968.6500244140625
2025-11-04,25597.650390625,35274.55078125,57827.05078125,55815.6015625,26610.05078125,22334.44921875,10499.0498046875,961.0999755859375
2025-11-06,25509.69921875,35337.6015625,57554.25,55711.75,26626.5,22250.55078125,10281.900390625,946.5999755859375
2025-11-07,25492.30078125,35117.6484375,57876.80078125,55437.19921875,26779.55078125,22169.80078125,10426.7998046875,946.4000244140625
2025-11-10,25574.349609375,35688.25,57937.55078125,55334.44921875,26859.849609375,22379.849609375,10484.5,944.1500244140625
2025-11-11,25694.94921875,36116.8984375,58138.1484375,55523.05078125,27148.25,22369.599609375,10559.099609375,942.5999755859375
2025-11-12,25875.80078125,36855.3984375,58274.6484375,55529.19921875,27485.150390625,22593.400390625,10542.5498046875,937.9500122070312
2025-11-13,25879.150390625,36679.5,58381.94921875,55243.5,27382.80078125,22686.80078125,10588.599609375,941.9000244140625
2025-11-14,25910.05078125,36301.25,58517.55078125,55560.80078125,27239.80078125,22821.05078125,10494.75,941.1500244140625
2025-11-17,26013.44921875,36375.19921875,58962.69921875,55677.1484375,27472.650390625,22867.599609375,10495.849609375,945.3499755859375
2025-11-18,25910.05078125,35975.19921875,58899.25,55363.44921875,27368.25,22713.650390625,10383.7001953125,927.2999877929688
2025-11-19,26052.650390625,37044.6484375,59216.05078125,55380.80078125,27434.44921875,22727.650390625,10384.150390625,924.0499877929688
2025-11-20,26192.150390625,37043.30078125,59347.69921875,55426.69921875,27554.0,22687.55078125,10386.0498046875,922.7999877929688
2025-11-21,26068.150390625,36885.3515625,58867.69921875,55504.69921875,27537.849609375,22580.94921875,10142.5498046875,905.5999755859375
2025-11-24,25959.5,37037.94921875,58835.3515625,55138.1484375,27442.19921875,22492.44921875,10017.900390625,887.0
2025-11-25,25884.80078125,36826.8984375,58820.30078125,55052.1015625,27378.69921875,22590.94921875,10073.400390625,901.3499755859375
2025-11-26,26205.30078125,37364.6015625,59528.05078125,55442.6015625,27696.400390625,22862.349609375,10280.7001953125,911.4500122070312
2025-11-27,26215.55078125,37446.30078125,59737.30078125,55470.55078125,27603.650390625,22863.0,10273.75,904.9000244140625
2025-11-28,26202.94921875,37405.5,59752.69921875,55595.80078125,27774.599609375,22998.30078125,10293.0498046875,903.1500244140625
2025-12-01,26175.75,37549.75,59681.3515625,55500.5,27993.0,22887.75,10353.2001953125,893.9000244140625
2025-12-02,26032.19921875,37541.25,59273.80078125,55390.94921875,27979.5,22905.0,10315.849609375,892.0499877929688
2025-12-03,25986.0,37825.25,59348.25,54949.1015625,27643.80078125,22907.849609375,10265.2001953125,885.3499755859375
2025-12-04,26033.75,38360.25,59288.69921875,55209.30078125,27732.69921875,22958.94921875,10271.4501953125,890.0999755859375
2025-12-05,26186.44921875,38703.6484375,59777.19921875,55202.8515625,27939.099609375,22947.150390625,10340.349609375,893.1500244140625
2025-12-08,25960.55078125,38590.69921875,59238.55078125,54540.5,27596.80078125,22640.69921875,10141.7998046875,861.6500244140625
2025-12-09,25839.650390625,38130.6015625,59222.3515625,54521.19921875,27399.25,22522.849609375,10112.650390625,869.8499755859375
2025-12-10,25758.0,37789.8984375,58960.3984375,54506.0,27358.25,22561.5,10159.0,866.7000122070312
2025-12-11,25898.55078125,38097.0,59209.8515625,54619.6484375,27661.0,22783.44921875,10266.849609375,873.2000122070312
2025-12-12,26046.94921875,38274.75,59389.94921875,54490.80078125,27820.849609375,22808.69921875,10536.4501953125,886.5499877929688
2025-12-15,26027.30078125,38386.30078125,59461.80078125,54868.3984375,27568.099609375,22719.400390625,10553.150390625,886.1500244140625
2025-12-16,25860.099609375,38062.5,59034.6015625,54863.44921875,27542.19921875,22591.5,10464.349609375,874.75
2025-12-17,25818.55078125,38172.05078125,58926.75,54603.3984375,27489.25,22612.150390625,10490.150390625,867.4000244140625
2025-12-18,25815.55078125,38633.3515625,58912.8515625,54546.44921875,27321.900390625,22557.599609375,10516.150390625,870.3499755859375
2025-12-19,25966.400390625,38691.6015625,59069.19921875,54781.3515625,27657.25,22751.25,10521.099609375,884.9000244140625
2025-12-22,26172.400390625,39488.0,59304.0,55062.6484375,27885.30078125,22927.900390625,10669.0,885.1500244140625
2025-12-23,26177.150390625,39173.69921875,59299.55078125,55348.6484375,27892.05078125,22875.099609375,10727.0498046875,883.6500244140625
2025-12-24,26142.099609375,38974.80078125,59183.6015625,55113.75,27885.650390625,22757.400390625,10742.75,885.1500244140625
2025-12-26,26042.30078125,38572.30078125,59011.3515625,55132.05078125,27739.849609375,22684.650390625,10806.150390625,883.1500244140625
2025-12-29,25942.099609375,38282.69921875,58932.3515625,55192.44921875,27592.5,22578.30078125,10789.099609375,877.2000122070312
2025-12-30,25938.849609375,37998.6015625,59171.25,55033.1484375,27889.650390625,22540.05078125,11007.650390625,869.7999877929688
2025-12-31,26129.599609375,37884.05078125,59581.8515625,55475.6484375,28189.599609375,22723.650390625,11167.650390625,877.9500122070312
2026-01-02,26328.55078125,38320.30078125,60150.94921875,53078.80078125,28803.650390625,22790.900390625,11421.849609375,898.7999877929688
2026-01-05,26250.30078125,37771.1484375,60044.19921875,53441.1015625,28894.150390625,22743.400390625,11490.7998046875,917.4000244140625
2026-01-06,26178.69921875,37977.3984375,60118.3984375,53561.94921875,28922.349609375,23126.849609375,11524.0498046875,914.3499755859375
2026-01-07,26140.75,38688.80078125,59990.8515625,53493.80078125,28692.400390625,23286.25,11524.0,909.7999877929688
2026-01-08,25876.849609375,37920.30078125,59686.5,53010.1484375,28414.94921875,22962.55078125,11132.0,894.25
2026-01-09,25683.30078125,38027.19921875,59251.55078125,52438.1484375,28087.650390625,22761.0,11094.7998046875,874.0
2026-01-12,25790.25,37988.25,59450.5,52745.5,28011.75,22668.44921875,11315.75,863.2999877929688
2026-01-13,25732.30078125,38236.6015625,59578.80078125,52577.1484375,27915.099609375,22562.30078125,11355.2001953125,857.9500122070312
2026-01-14,25665.599609375,37822.69921875,59580.1484375,52258.6484375,27721.849609375,22505.400390625,11661.400390625,850.0499877929688
2026-01-16,25694.349609375,39086.6484375,60095.1484375,52142.5,27596.25,22217.05078125,11600.0498046875,853.0
2026-01-19,25585.5,38902.5,59891.3515625,52489.94921875,27632.44921875,22136.25,11593.0498046875,836.0
2026-01-20,25232.5,38101.05078125,59404.19921875,51713.0,26948.099609375,21714.30078125,11374.4501953125,793.9000244140625
2026-01-21,25157.5,37992.30078125,58800.30078125,51402.5,26871.25,21584.400390625,11438.9501953125,788.2999877929688
2026-01-22,25289.900390625,38301.75,59200.1015625,51978.3984375,27110.19921875,21928.0,11573.7001953125,782.5
2026-01-23,25048.650390625,38238.5,58473.1015625,51662.05078125,26804.55078125,21722.25,11477.7998046875,756.3499755859375
2026-01-27,25175.400390625,38566.1015625,59205.44921875,51349.75,26554.0,21788.44921875,11829.650390625,759.4000244140625
2026-01-28,25342.75,38725.3515625,59598.80078125,50985.44921875,26737.599609375,21739.849609375,12106.4501953125,771.2999877929688
2026-01-29,25418.900390625,38431.30078125,59957.8515625,50523.8984375,26555.400390625,21564.0,12478.0498046875,776.5
2026-01-30,25320.650390625,38036.1484375,59610.44921875,51215.19921875,26750.349609375,21715.099609375,11827.5498046875,783.0
2026-02-02,25088.400390625,38074.1484375,58619.0,50623.19921875,26749.150390625,21549.55078125,11561.5498046875,778.0
2026-02-03,25727.55078125,38611.75,60041.30078125,50806.6484375,27500.30078125,22200.25,11893.2001953125,815.2999877929688
2026-02-04,25776.0,36345.6484375,60238.1484375,50922.75,27825.400390625,22125.80078125,12044.25,824.4500122070312
2026-02-05,25642.80078125,36143.30078125,60063.6484375,50731.6484375,27664.5,22119.900390625,11921.2001953125,819.7000122070312
2026-02-06,25693.69921875,35611.05078125,60120.55078125,51882.75,27519.55078125,21961.349609375,11943.150390625,824.8499755859375
2026-02-09,25867.30078125,35616.6484375,60669.3515625,52047.30078125,27791.44921875,22290.69921875,12129.4501953125,846.3499755859375
2026-02-10,25935.150390625,35722.19921875,60626.3984375,52130.44921875,28173.19921875,22210.5,12228.2998046875,849.4000244140625
2026-02-11,25953.849609375,35095.1484375,60745.3515625,52152.1015625,28538.69921875,22434.19921875,12276.5498046875,854.75
2026-02-12,25807.19921875,33160.19921875,60739.75,51885.75,28504.05078125,22386.30078125,12279.2001953125,842.3499755859375
2026-02-13,25471.099609375,32681.5,60186.6484375,50902.1484375,28234.30078125,22194.900390625,11872.7998046875,823.5999755859375
2026-02-16,25682.75,32738.05078125,60949.1015625,51318.8515625,28028.19921875,22403.150390625,11955.0,836.7000122070312
2026-02-17,25725.400390625,33075.05078125,61174.0,51778.30078125,28174.55078125,22494.900390625,11828.400390625,834.1500244140625
2026-02-18,25819.349609375,32668.30078125,61550.80078125,52406.5,28327.599609375,22541.94921875,11985.75,839.2999877929688
2026-02-19,25454.349609375,32319.400390625,60739.55078125,51483.6015625,27734.0,22429.099609375,11842.400390625,817.8499755859375
2026-02-20,25571.25,32004.05078125,61172.0,51772.69921875,27846.80078125,22452.400390625,11989.9501953125,820.7000122070312
2026-02-23,25713.0,31550.5,61264.25,52136.3515625,28077.0,22578.55078125,11962.75,819.1500244140625
2026-02-24,25424.650390625,30053.5,61047.30078125,52235.25,27950.0,22632.05078125,12073.849609375,798.3499755859375
2026-02-25,25482.5,30526.349609375,61043.3515625,52105.30078125,28466.5,23051.849609375,12399.400390625,796.8499755859375
2026-02-26,25496.55078125,30554.19921875,61187.69921875,52023.0,28693.400390625,23301.650390625,12448.0,798.6500244140625
2026-02-27,25178.650390625,30603.849609375,60529.0,51142.19921875,28158.849609375,22952.349609375,12240.650390625,780.5999755859375
2026-03-02,24865.69921875,30272.94921875,59839.6484375,50751.6484375,27540.099609375,22956.69921875,12269.7998046875,768.0499877929688
2026-03-04,24480.5,30305.30078125,58755.25,49797.5,26867.150390625,22672.19921875,11779.75,744.1500244140625
2026-03-05,24765.900390625,30126.80078125,59055.8515625,50000.80078125,27366.80078125,23005.5,12049.2001953125,757.7999877929688
2026-03-06,24450.44921875,30138.400390625,57783.25,49970.6015625,27076.400390625,22970.19921875,12000.4501953125,742.0
2026-03-09,24028.05078125,30162.05078125,56019.80078125,49192.3984375,25965.94921875,22933.75,11688.7998046875,732.7999877929688
2026-03-10,24261.599609375,30024.05078125,56950.80078125,49603.55078125,26770.55078125,23253.650390625,11868.5,744.1500244140625
2026-03-11,23866.849609375,29651.69921875,55735.75,49059.69921875,25926.0,23348.05078125,11822.099609375,731.4000244140625
2026-03-12,23639.150390625,29579.44921875,55100.94921875,48189.1484375,25098.0,23275.19921875,11863.900390625,719.5
2026-03-13,23151.099609375,29071.30078125,53757.8515625,47924.1484375,24195.099609375,22832.19921875,11292.5,709.7999877929688
2026-03-16,23408.80078125,29042.55078125,54413.3984375,48468.8515625,24599.099609375,22547.19921875,11318.0,698.6500244140625
2026-03-17,23581.150390625,28760.900390625,54876.0,48104.44921875,25117.099609375,22597.55078125,11637.349609375,711.25
2026-03-18,23777.80078125,29559.30078125,55326.05078125,48079.0,25598.849609375,22632.599609375,11625.4501953125,730.7999877929688
2026-03-19,23002.150390625,28579.599609375,53451.0,46861.94921875,24509.900390625,22101.650390625,11249.349609375,702.9500122070312
2026-03-20,23114.5,29199.599609375,53427.05078125,47007.55078125,24715.900390625,22540.69921875,11412.75,696.4000244140625
2026-03-23,22512.650390625,29147.05078125,51437.75,45837.05078125,23934.75,22053.099609375,10863.4501953125,663.4000244140625
2026-03-24,22912.400390625,29648.900390625,52605.6484375,46408.30078125,24515.25,22239.80078125,11059.150390625,673.9500122070312
2026-03-25,23306.44921875,29671.30078125,53708.1015625,47283.3515625,25058.599609375,22679.75,11342.2001953125,692.0999755859375
2026-03-27,22819.599609375,29541.650390625,52274.6015625,46427.19921875,24351.94921875,22565.599609375,11161.650390625,670.1500244140625
2026-03-30,22331.400390625,29062.599609375,50275.3515625,45538.6484375,23769.599609375,22232.25,11138.400390625,651.1500244140625
2026-04-01,22679.400390625,29669.05078125,51448.6484375,46135.94921875,24238.849609375,22011.599609375,11412.0498046875,665.0
2026-04-02,22713.099609375,30441.44921875,51548.75,46232.1484375,24089.650390625,21808.400390625,11456.599609375,672.0999755859375
2026-04-06,22968.25,30636.55078125,52609.1015625,46600.05078125,24350.400390625,21835.349609375,11583.5,687.0999755859375
2026-04-07,23123.650390625,31403.349609375,52716.25,46980.1015625,24373.30078125,21868.69921875,11762.650390625,698.5999755859375
2026-04-08,23997.349609375,31565.80078125,55703.8984375,47704.25,26002.94921875,21991.19921875,12078.9501953125,745.75
2026-04-09,23775.099609375,31636.19921875,54821.69921875,47640.69921875,25901.900390625,22135.400390625,12229.7001953125,743.75
2026-04-10,24050.599609375,31030.599609375,55912.75,48194.05078125,26640.900390625,22164.849609375,12356.400390625,759.25
2026-04-13,23842.650390625,30669.80078125,55605.05078125,47570.3984375,26084.55078125,22100.099609375,12329.2998046875,757.2000122070312
2026-04-15,24231.30078125,31539.75,56301.94921875,48290.3984375,26483.099609375,22435.650390625,12548.0,776.5499877929688
2026-04-16,24196.75,31817.5,56086.3984375,48377.8984375,26382.75,22465.0,12740.2001953125,779.5499877929688
2026-04-17,24353.55078125,31809.849609375,56565.69921875,49657.75,26435.0,22497.25,12880.0,786.9000244140625
2026-04-20,24364.849609375,31585.75,56582.3515625,49555.75,26522.30078125,22456.75,12829.650390625,782.0499877929688
2026-04-21,24576.599609375,31729.099609375,57371.44921875,50820.1015625,26625.19921875,22438.44921875,12835.0,798.75
2026-04-22,24378.099609375,30496.25,57124.44921875,51199.0,26450.25,22455.44921875,12892.2001953125,803.3499755859375
2026-04-23,24173.05078125,30124.30078125,56305.0,51140.5,25828.099609375,22986.349609375,12786.25,788.6500244140625
2026-04-24,23897.94921875,28530.599609375,56089.75,50766.25,25652.849609375,22580.099609375,12746.650390625,778.0
2026-04-27,24092.69921875,29159.150390625,56264.30078125,51046.5,26053.150390625,23171.849609375,12980.849609375,797.1500244140625
2026-04-28,23995.69921875,28959.900390625,55400.3515625,50882.75,25790.349609375,23158.150390625,13046.4501953125,793.8499755859375
2026-04-29,24177.650390625,29245.25,55403.6015625,51771.80078125,26085.75,23260.849609375,13111.349609375,805.5999755859375
2026-04-30,23997.55078125,29353.900390625,54863.3515625,51072.1015625,25917.599609375,23267.69921875,12833.0498046875,793.5499877929688
2026-05-04,24119.30078125,29076.150390625,54878.5,51266.0,26027.69921875,23475.55078125,12972.7001953125,812.7000122070312
2026-05-05,24032.80078125,29107.30078125,54547.05078125,51593.55078125,26192.099609375,23568.94921875,12989.599609375,801.25
2026-05-06,24330.94921875,29267.94921875,55981.05078125,51460.55078125,26823.0,24110.30078125,13129.5498046875,822.2999877929688
2026-05-07,24326.650390625,29043.5,56047.3984375,51068.44921875,27339.94921875,24135.5,13165.400390625,827.5
2026-05-08,24176.150390625,29394.19921875,55310.55078125,51165.8984375,27259.849609375,24110.30078125,13050.9501953125,823.5999755859375
2026-05-11,23815.849609375,29329.44921875,54439.8984375,51205.6484375,26753.400390625,24170.44921875,12926.400390625,798.5
2026-05-12,23379.55078125,28234.900390625,53555.19921875,50453.8984375,26142.599609375,23840.900390625,12881.400390625,765.7000122070312
2026-05-13,23412.599609375,27916.650390625,53456.1484375,50604.8515625,25888.94921875,23896.05078125,13290.7998046875,764.25
2026-05-14,23689.599609375,27360.349609375,54128.94921875,50779.1484375,26049.69921875,24551.05078125,13562.25,770.0999755859375
2026-05-15,23643.5,27716.900390625,53710.3515625,51051.3515625,26070.69921875,24634.80078125,13300.599609375,756.2999877929688
2026-05-18,23649.94921875,28389.80078125,53537.0,50900.1015625,25624.30078125,24762.849609375,13169.9501953125,751.9500122070312
2026-05-19,23618.0,29308.0,53409.1484375,50883.3515625,25698.80078125,24867.400390625,13163.75,762.7000122070312
2026-05-20,23659.0,29185.150390625,53562.19921875,50520.55078125,25914.349609375,24843.150390625,13186.5,767.0499877929688
2026-05-21,23654.69921875,29021.099609375,53439.3984375,50263.55078125,25986.25,24890.900390625,13213.5,775.0999755859375
2026-05-22,23719.30078125,28912.5,54055.3515625,50249.80078125,26017.099609375,24573.94921875,13271.599609375,774.4000244140625
2026-05-25,24031.69921875,28979.849609375,55293.6484375,50157.75,26463.05078125,24674.69921875,13345.650390625,786.0499877929688
2026-05-26,23913.69921875,28978.5,55092.8984375,50227.3515625,26480.5,24659.19921875,13492.5498046875,782.0
2026-05-27,23907.150390625,28906.69921875,54853.8515625,50141.8984375,26864.19921875,24716.0,13718.2998046875,784.5499877929688
2026-05-29,23547.75,29080.150390625,54239.19921875,49383.3515625,26338.44921875,24345.80078125,13440.9501953125,782.5499877929688
2026-06-01,23382.599609375,29854.25,53643.1015625,48247.69921875,25891.900390625,24214.25,13506.5498046875,768.2000122070312
2026-06-02,23483.55078125,31116.55078125,53714.6484375,48612.80078125,26079.44921875,24006.30078125,13557.650390625,773.3499755859375
2026-06-03,23405.599609375,29384.44921875,54185.94921875,48123.94921875,26092.80078125,24086.599609375,13535.2001953125,762.5999755859375
2026-06-04,23416.55078125,29300.599609375,54307.8515625,48216.0,26144.349609375,24177.94921875,13436.0,764.5999755859375
2026-06-05,23366.69921875,29010.30078125,54496.25,48302.44921875,26165.94921875,24248.05078125,13221.650390625,768.9000244140625
2026-06-08,23123.0,28653.55078125,54063.75,48098.6484375,25681.80078125,24147.650390625,12913.650390625,749.2000122070312
2026-06-09,23242.099609375,28516.25,55194.5,48447.3984375,26025.650390625,24290.30078125,12987.099609375,761.4000244140625
2026-06-10,23214.94921875,28279.94921875,55100.30078125,48957.0,25833.55078125,24160.75,12766.4501953125,748.1500244140625
2026-06-11,23161.599609375,27821.05078125,55176.75,48521.80078125,25790.349609375,24306.94921875,12733.599609375,743.3499755859375
2026-06-12,23622.900390625,27795.75,56814.80078125,48827.6015625,26293.849609375,24380.05078125,12854.5,769.5999755859375
