Date,IT_3M_Ret,IT_6M_Ret,IT_12M_Ret,IT_RSI,IT_RS_52W,Bank_3M_Ret,Bank_6M_Ret,Bank_12M_Ret,Bank_RSI,Bank_RS_52W,FMCG_3M_Ret,FMCG_6M_Ret,FMCG_12M_Ret,FMCG_RSI,FMCG_RS_52W,Auto_3M_Ret,Auto_6M_Ret,Auto_12M_Ret,Auto_RSI,Auto_RS_52W,Pharma_3M_Ret,Pharma_6M_Ret,Pharma_12M_Ret,Pharma_RSI,Pharma_RS_52W,Metal_3M_Ret,Metal_6M_Ret,Metal_12M_Ret,Metal_RSI,Metal_RS_52W,Realty_3M_Ret,Realty_6M_Ret,Realty_12M_Ret,Realty_RSI,Realty_RS_52W
2022-01-21,1.864556236984094,21.070057230988716,43.5863347175006,34.329540413547065,15.188399997837765,-6.818203394565825,8.354163648664702,20.38241646677832,53.25367180122522,-3.426339505332776,-5.303956039163782,1.514733372672028,6.335119218950824,39.47555913291487,-14.695418122422533,1.1177222438828904,12.954045806027569,22.762912950575085,58.13231577682594,-1.5166481568592904,-5.065364121328642,-9.141090812122577,0.7091362711602489,33.29271914162622,-19.208716518444124,0.5175604387589017,6.928455039640702,67.01365536378634,52.44442090259442,33.98235825849849,-3.7994503847599392,24.056066943671773,54.73302671876592,46.7966836586869,24.13054354806208
2022-01-24,-0.5250529438428186,16.482408527649707,35.12902456872753,27.498202294336394,11.887191051984104,-10.304926510633205,5.4607790514167975,16.472037889363513,45.582614465683925,-3.5608434447543913,-6.624011944350627,-1.6885112042785755,3.516972264024587,31.163253943381775,-14.287672172627397,0.29390284663588506,10.389317360160867,19.595801093856213,48.245227024117916,-0.9743592191950423,-6.778974433032259,-10.955380708765027,-1.2740813131724482,28.58830041615505,-18.254677252720285,-4.5636564134752255,1.244917498906939,60.54647005738616,39.53391790614359,32.932903388910795,-6.8989826080852135,15.247481928768835,46.103999775423055,34.94205129757306,20.97449965693732
2022-01-25,-1.2937199121663578,15.921793850217414,36.54055578329116,26.963248290276027,11.79201957332312,-8.563759640393819,7.88862748586987,18.582515741689853,54.19069651003768,-2.911051996236791,-6.294612881669959,-0.2847566239799426,5.9879364601068685,38.255973361937556,-13.22281208456646,0.6155995546726523,13.65956409341793,22.84971283207451,55.360516917371605,0.5826981054446234,-6.288546035333842,-10.649683612153948,-0.19819944027120728,32.51621505625201,-18.287685460033774,-5.925583010242463,1.8144188620093926,60.39387753747081,42.813428801426205,31.321828845993018,-8.514777650027938,18.479353383863018,47.70872476085704,39.70646450441789,20.93591208039467
2022-01-27,-5.714436288796632,11.984591165258163,32.56816237223883,21.989549677632127,9.535124808465966,-7.075949720328689,9.151976477886326,18.857495396754366,56.85633091741092,-1.7933841750869095,-7.64980488860707,-1.0835844963105745,5.684147964907482,34.63437625155039,-12.677930126934545,1.4607022552939775,14.53535945136386,22.608995354372773,56.321091104371284,1.306311926325887,-8.842965105450807,-8.351374543036904,-1.629689025323966,28.15971025874363,-18.721025491749966,-5.155088124736862,-0.36590498101555236,53.386189841832746,41.34829631224045,26.736126891795454,-10.43705879047594,17.195034341757555,43.10932636674381,36.771861809418745,18.24481568071723
2022-01-28,-3.0407987037644912,13.012550105059661,29.39160288549236,26.45745334053396,8.549829657052822,-4.6054086676191925,9.140563819020553,17.470281554319467,53.30539430605797,-1.451262924905583,-5.287429014427292,-0.47318239196412204,5.576814549950049,37.99955220458237,-11.428987820226698,2.0646661628723972,14.929402240730605,17.986915340690366,54.11946933363126,-1.0178460086991414,-5.7874826008653795,-7.029844396158181,-2.1738229840956635,33.47217561527489,-17.931190167922896,-1.4158047590019707,-1.2064416273194656,54.88070611789768,42.43736561701955,29.9332714901152,-6.213495690536885,19.031180819609126,42.183204243201345,38.80604124707605,19.281021770416174
2022-01-31,1.2084158280960544,14.66231498498698,28.847391222909778,36.55555878636373,7.63197444382635,-2.9150810537557525,9.465865083137203,18.67704857285006,56.18441470126225,-0.8637665238925951,-4.5911959069819925,1.3259198261498684,5.1497567129212385,42.04603434915158,-12.163716937658975,3.5941721155449358,17.54455103716208,17.08652264365549,59.386572474435894,-2.1924037942207653,-5.039495642342972,-5.319185505594815,-1.7330984169061758,40.386929906284855,-17.913272907732992,-1.6168118166978385,-5.804755060663425,56.65732700701711,42.857031884795106,30.862854550829088,-3.6996213666367295,20.81761006289309,45.729029825273315,46.43816147369283,21.733960346482583
2022-02-01,0.23136423207708035,16.048522003313394,31.093017035672155,41.42757801772389,8.618248831916308,-3.1643214404932674,11.337923085933,19.068299228090257,60.986991576152526,-1.3449347189062322,-3.827490979394199,3.1396469889436673,7.814607025364095,50.90920956478313,-10.669278361259703,1.7082532998423883,15.600334471562928,14.78529877177106,56.48171977884343,-4.8936516515945545,-4.070979201046077,-6.570399350587586,1.7576827051916988,49.01470297079442,-15.68779519641309,-0.25027421244822046,-0.8829654085147243,62.95051316205904,54.68222687433631,35.01405174852859,-5.811487009617277,22.576195002619247,44.2935191801157,50.28032258874498,19.555638626227424
2022-02-02,1.7380456752513762,16.185731907388945,32.52981549090632,44.901475756525755,8.564501202658503,-1.5222135412285676,13.311722475895715,20.73959347829333,67.04123726735261,-1.0936996114501163,-2.679443445194374,3.816443975933592,8.561824920622696,55.02080436299827,-11.069367081655301,0.9647424595855547,14.228480205848705,13.947628342702556,56.90511051779281,-6.657476369155302,-2.4979975974659063,-5.743023592279473,3.97103149687692,53.09619535259627,-14.830009140404755,2.4197530693281344,-0.027668680556980352,64.04456667317109,57.03006427200201,34.3804523526337,-7.616291124337382,18.611609814482357,46.77132436071958,53.2268685171277,20.230723637945893
2022-02-03,-0.34198605316091424,12.484662605522434,30.005877000762403,40.37593708301737,8.057642395235543,-0.9950025815897323,10.800419216593982,19.95787606881907,62.95398525806776,-0.29400536515424847,-2.3531403540313467,1.7410187188098947,7.399880345848198,53.63052687382552,-10.731898192304856,2.4751797221184146,12.963866260805812,14.114653931855713,58.27294578199674,-5.15074586549491,-1.9491240765204032,-7.03345560935179,2.909868546658334,52.388069419280534,-14.463884011256734,1.1614516864389968,-0.28728837864975265,65.21191314434849,56.09069477473138,37.32002153933418,-10.946503173939758,16.246863268792854,44.309425816370094,49.27835525368709,19.946395415921426
2022-02-04,-0.7192693703701125,13.245089106442553,33.066671684785476,40.5812458155459,9.648976063609883,-1.981985734717151,7.664310185519496,20.28899762994567,60.23148411862894,-0.8800231128828773,-3.1043657249510748,2.812171991519463,8.31170498256515,54.0809204575235,-10.749495747702175,-0.07951905363801082,12.821562143592269,13.580851725854037,53.84154362864563,-6.407638107352199,-2.6376190868599547,-6.948235665370817,4.34946158777878,51.332444741353896,-14.014445006989963,2.3087215608820433,1.2083560276443306,69.01266007716178,58.83027175393009,39.26902119523488,-13.611892573222406,14.956903044948099,42.92830557193399,43.80522014424988,17.77511346788423
2022-02-07,-3.2449001024204227,10.925728157223213,33.5889644528047,37.819474224872934,10.832370639618683,-3.658382094031587,6.029624828406854,19.43841099026875,51.5869938649088,-0.9076663652313632,-5.959369944174087,0.1730176909950476,6.556262899465959,45.4936053132852,-11.59536813522839,-2.0479574093553388,11.563434011142748,14.517979413276215,48.84613912248374,-4.989912967575405,-3.38994534563668,-8.217844807480567,5.754931009700881,46.015767178906614,-12.260194854827445,0.8398966005601194,-0.09255283206728304,76.18256007254043,58.8011780839525,46.1702385236711,-15.730735640643957,14.938015267404348,44.261294043152844,41.85128108177519,19.686691755069162
2022-02-08,-3.6117467906454426,10.28086470014582,32.55342323900396,37.22665722862811,11.475998299954737,-3.4046033178624646,6.197286131291158,17.281808144287236,51.896046470043586,-1.36726516874206,-5.641840356865591,0.26220059954391584,6.076476272416231,45.506139445648294,-10.790828334265523,-2.859451357165621,11.515681786306642,12.755504941530816,49.58683834316041,-5.173837310042173,-3.1270939921778984,-7.389700738333049,4.497498450644732,47.860617354405996,-12.11873164052789,1.9786170172826356,0.5863370526916656,72.54787330870849,60.74943006587424,45.11089915000017,-16.524322643136568,15.070017586656824,37.29114546195076,40.391463613425906,15.460371555397522
2022-02-09,-2.070513363750437,11.266501641964322,31.418843217465685,41.778510983333284,10.20450719988155,-1.0583457025720944,7.1645150154434845,18.641246223483353,57.09608427573859,-0.5104614107489192,-5.304831693607104,0.43866120820694743,6.49466021444931,46.65419593649537,-10.696280221157329,-1.2596001832734127,14.075108805791592,12.6421910034477,57.02652222619405,-5.5411168936533866,-2.4512447060130116,-6.627128298383312,5.349653750632366,51.424656542191094,-11.65645358744406,5.733639436599303,4.413817166782974,74.13441955193483,64.94098213736508,46.024705616248895,-14.87422151245702,16.60424469413233,38.00236655525886,41.91063021495764,15.72528281559622
2022-02-10,-0.6795168163396648,11.441381646818382,33.61682652294702,45.10708190577503,10.731163557531609,1.1689549173685032,8.261193980501957,21.201327637287083,60.2807051435462,0.44217022090073943,-4.047474721779187,1.2187583390922851,7.213206945058781,48.40140203680158,-11.150088931935919,-0.13772779134143542,14.916203319182975,12.59964606291144,56.806525410740484,-6.686229951950374,-0.7636064200631232,-6.135673292720945,7.213424948788183,52.61200297610396,-11.149908267514796,6.661682719811646,8.722846565980834,80.22546202025276,67.48568510583686,49.356751178108674,-12.056733306776158,20.081554417998927,42.896137136324874,44.247651428437706,18.42112961921338
2022-02-11,-5.376070213004547,8.553996783233341,32.10872467807921,38.70764577562456,8.265325913965537,-0.5579276259292998,7.570859049275014,23.45905175449552,54.87599238072517,1.1767732055585567,-5.759298848063943,0.6747869012156293,7.294174603490267,44.62808382840169,-12.070615998882017,-1.3120882362362751,13.929430255100028,10.728905838165526,52.47697544853039,-9.255795876629358,-1.9191092219474126,-5.463874947742053,5.907067275657996,49.48135964708628,-13.20737382688587,5.151248962486554,4.792721489149554,86.12942428725212,65.05082888915959,52.53619949585235,-15.202426255212897,17.384671946710384,45.28153978320135,40.35529549972076,19.060669855372158
2022-02-14,-7.087977579713245,5.072239961849823,30.98880513332518,35.87061453030471,8.627190896687399,-4.6348658370011115,2.7033369718269196,21.872534344242787,41.742781071369954,1.067194557583373,-9.208776116345252,-2.356401786002682,4.02507372917027,35.06163060089119,-13.73345584365735,-4.966781009001053,9.101675289785028,8.784313710487002,40.30506233210945,-9.786684442487337,-5.16803457003463,-6.232903911301102,6.051984861910187,42.6196459977395,-12.05256668429251,1.6837686218927006,-0.8709970966763403,81.27931759492546,48.829707988765826,50.33241213218258,-19.868093164800182,9.844294446950519,40.64308485417505,32.343036456462826,16.633350546280013
2022-02-15,-4.7227443859493174,6.837766217180419,37.99041858109777,44.884282724208376,9.880136070575052,-0.3576401947115948,5.531616721275134,25.73200656824508,51.53781602213687,0.11890776333709496,-6.602518084653697,-1.0948130029321712,8.365134340231627,44.856546714914714,-13.710126912812559,-3.548379074836794,13.499307608990051,14.315827375254319,52.22315268039185,-8.971660524160818,-3.2024481861993914,-4.926663537284659,7.752130172932459,45.89811394740747,-14.198254871313365,4.638984270829649,0.7966512659882907,86.27512883880992,53.96086927549961,48.328679004210784,-17.317917374227363,14.231409492154379,48.18346909466793,39.392246899812214,17.996741476385147
2022-02-16,-5.0706591981622084,6.8267035013977795,41.208724501181734,44.16345024365344,11.147804941541906,-0.23067150627754662,5.151197202190239,24.172026525823377,49.986000120636916,-2.2620717505830723,-6.543126203573824,-1.335435031153387,10.083312998754913,45.10943787741117,-13.351539405754476,-4.5772572776447635,14.083938804740836,17.28853362227385,51.17029044973168,-7.6801868795375094,-1.444738073297347,-3.868852779994081,10.310795664633021,47.981988248883034,-13.172483904305011,4.382999594246284,-1.2362147395408751,88.86253211463332,52.46712482728287,48.65693288000266,-14.986483812791974,15.979640659788497,49.12481495004914,41.892371570411925,17.37869527936202
2022-02-17,-3.8128653803427115,3.649141658997901,38.9660937545796,43.04135519867511,14.686421533528705,-1.1707391434534697,4.639859027919968,13.426176517427901,47.01083047224035,-6.391250257147862,-5.904315493419787,-2.41965482548403,8.554707202114887,46.44038885408995,-10.411593409127873,-2.1672838080138535,13.922562095496804,12.367086169838881,50.734571418128816,-7.26530002543303,-1.1645674444116239,-5.10531191578385,10.08671510125636,45.21280347325282,-9.147252597879852,6.81244135498027,0.7652972614074605,79.51506398152452,51.60224687803801,48.150816815522845,-13.70279158504898,16.51505758027707,39.929218380005516,41.49478960066354,15.481272376612697
2022-02-18,-2.806869082029384,3.0918899375189657,35.50523229460061,42.007313838422014,14.889193529722888,1.2667936402660507,5.750745508109012,9.721196286568912,47.548413130980386,-6.972007346002518,-4.831472164148742,-3.2847307293599415,8.205685679537167,45.655974925004585,-8.256945119099534,0.3576545645774365,13.433717626351637,7.3491870607529375,48.81141429927775,-8.983134314196484,-0.27594443155830595,-6.129829963949074,6.853914059212252,42.20172214009708,-9.403055484475331,6.581079354077479,1.3292148035885187,75.68330943960409,50.879665973005515,48.95449715378355,-11.106712616435498,15.94577146546159,33.13565604151223,39.40765823282678,12.880129376889048
2022-02-21,-2.9076613086890912,3.3602812667121507,34.23225142773527,41.92792561784362,15.379127729738107,1.1075145104774586,7.569106396320846,8.42140871156185,48.27225432706727,-6.806542903707202,-6.119799185241059,-6.2072412889555455,7.475574305071198,42.49618803799237,-7.619533430476522,-0.8214302428759868,14.70917226502213,5.697652339892412,47.24374130579814,-9.147743553841003,-3.4103150717884723,-4.9685838211343984,2.543943447428876,37.98559630605799,-11.858509239849436,1.0454662879386012,6.053279887877272,69.20674442511248,45.42474032950314,45.44140003692394,-14.166667849518532,18.612748027860725,31.893987491609476,37.24840740717743,13.36927651676534
2022-02-22,-2.3928766131626977,0.618370377092381,33.474708647338744,39.44009188922469,16.321637172369165,-0.18776157983054764,6.397982326225815,5.73450039146064,45.800429936394806,-7.853627733822854,-6.020052551669963,-6.780156763532908,3.9765187925955736,39.346861963215844,-9.385688000305104,0.30241975526978937,16.229890417346702,4.3797352782328325,46.73424324725303,-9.034289580188359,-3.383026846383519,-5.4457442057095236,1.6912579714793319,36.33784407391537,-11.377265901257616,-0.11959081847199293,5.757616864516901,64.1242927132594,42.81539679480542,43.03238884458218,-16.61010770073895,16.310518204473535,26.843657817109133,33.115990461699056,10.54275444198247
2022-02-23,-3.359605721630865,0.815352843189654,34.67093001353376,39.328195532379404,17.788969115173337,0.07306645451015115,4.704145351574329,4.873301907236693,45.99396855393988,-8.273313935558734,-6.081190905586153,-6.014990196265746,3.719498224826445,40.14072248086368,-9.282480103036272,0.6307945616901067,15.111671346310128,5.545997409237957,46.03246512652445,-7.684945609141314,-4.350423435023776,-6.484194080191708,0.1980550264955694,37.1862262510538,-12.362485298569947,-0.2684939128067221,3.01388670920415,62.90025300745039,43.53559901981335,42.479545276922124,-15.62678761774693,17.824405209219485,29.958981440697997,40.57375697121081,13.667696878750357
2022-02-24,-5.947636879013773,-4.506663292644508,25.591924868490246,29.933986662235057,16.84073194322955,-2.2134318092830507,-1.0064243871607093,-2.0996976998942762,32.669252249380094,-8.921349918113574,-7.489250494430443,-9.657051906618442,0.821131965256261,30.476601460323067,-6.20404244539956,-1.3922433001779866,8.167784375597996,-4.080503112226442,31.297429740731175,-10.764133635747852,-9.40052646368299,-9.6193224440548,-3.6304093024824624,28.310881429252817,-10.345402174878293,-0.18971773010095783,-2.9301871204459484,49.57705176369605,33.283088854384246,39.15458520347359,-16.446832345908835,10.24096385542168,18.2679900096238,31.653442519757576,10.027125809630233
2022-02-25,-3.997048475441456,-1.6572681783349696,29.860560613837862,39.20902551016813,17.78454696187397,1.2627765187412043,2.283146488364163,1.037955520030276,42.618803020369434,-8.357781911403483,-5.444899835293215,-8.735679741373959,3.100232757094923,37.96098012301579,-6.487280283124186,1.7857504527394763,11.596728914097177,-0.11276362470188372,39.67282851303923,-9.401493200666078,-5.487297095934274,-6.241550916380001,0.6793972122755898,41.03387488935544,-8.682997108678714,5.9192789118877265,3.9595165738444127,59.910644243884235,47.1352640325714,45.04020849452775,-10.49319138734256,15.8210947930574,25.433781177484338,41.2729633315632,13.769423294253835
2022-02-28,-3.4125869448903168,-1.3464060071210038,30.76089726961051,42.48253630995082,17.62243723358523,1.428754184089076,1.620922107082512,1.1798761796469215,41.3842104273349,-8.986372197307468,-5.00589328725275,-8.511448015816791,3.8826443123318066,40.7091065997146,-6.555170043744818,2.046484469795873,10.48311171053422,-1.728293559885452,38.35445610454412,-11.602337824611697,-5.381036140632489,-7.320399547196832,0.17085521361897005,41.805975075888426,-9.894009784095271,13.363897884199138,7.35794578208826,67.96074835530091,56.088027978359364,51.08455963248246,-10.500412544326688,15.67925616871686,24.17128431892357,42.32595296923587,11.694928690357065
2022-03-02,-4.823731970984224,-1.1411860419094477,29.47593737208689,41.6499668454966,18.305625854942775,-2.7281732924022473,-2.682009137131125,-1.060920201319171,37.109368499245576,-9.596717392690612,-5.588687702115191,-9.669810308875547,2.613468408835362,39.43484268939298,-6.239330275195821,-2.3953949885016312,5.448435748546854,-4.238843662365199,33.257680354380994,-12.500471029149773,-5.5984543081546985,-10.778345546229563,-1.8581107490380555,37.29462213961077,-10.325131711117164,15.303821166241871,9.036799076620007,73.02563734732779,62.055442775973724,58.09815113753318,-12.817142358997401,12.144068050828594,23.02097133567491,40.795076029534385,12.407550797061395
2022-03-03,-5.607497939265871,-1.2726237697152865,30.79850293704518,45.351401264441115,20.216438919728198,-4.283820580840814,-4.064017828129707,-3.2252421657784525,35.099622144292226,-11.054664213177423,-7.581955003172003,-11.409390269558994,3.216491118391329,36.6151021139047,-5.134090059004559,-5.629010537532153,2.2587128308073856,-5.9671505933698405,30.042871393970657,-13.574742498535786,-6.736372353765585,-11.857996828107842,-1.11061142287312,36.47899477263499,-9.111114617165505,14.897183641382817,8.673396106002818,78.1355324489064,63.68516528973794,63.723734409899265,-13.742838094846554,10.910034523997547,22.361663585749202,40.1124648869842,12.462169874012897
2022-03-04,-4.659532460196303,0.19700449641606443,33.43393057768358,45.77929944635879,25.77961689953161,-4.943331590110556,-5.923552416171374,-7.252597640537939,32.71097298293513,-12.572966360994597,-7.654387503367355,-12.654523190018995,2.6786210692523182,33.66976171842752,-3.211442802070108,-8.268794896304021,-1.4660639221138028,-9.577519781704847,25.93238767272709,-14.764521499715222,-6.275726397308478,-12.00919887890539,-1.5932333952385136,35.67904547605164,-7.238246297013218,11.455938194263027,7.086026480260044,68.34446918876364,56.56685857682921,58.687544839955684,-16.089054513385737,1.983593971457509,16.718056741827624,36.448964132706124,10.022633663616155
2022-03-07,-2.1316308001477435,-1.5697739970131241,33.24679732658326,45.441376297012155,26.99568766971381,-8.016170027078307,-10.751860568733573,-10.155930448786766,27.036082648603497,-14.370854499888097,-8.593816468948779,-16.47529177836341,0.8496183979855187,27.721168272568534,-3.881617444885088,-10.47564288121815,-5.4078592503606915,-12.436961343747111,22.197294223539103,-16.544873635157476,-4.892269253728509,-13.221637034443411,0.23446861893350324,34.67787566958202,-4.4679082284385,15.170142360303164,8.541031155925772,69.36420473486109,59.62697294012376,61.418691319246065,-19.581206558430154,-4.788975142328034,11.626258531011068,30.92335546972035,6.389449867211394
2022-03-08,-0.6145048528141905,0.47104016537120597,37.455503054993564,53.56290544747035,28.59964328592728,-9.449616025941843,-9.80124315343791,-7.487109746196952,29.495183199493184,-13.44744719875366,-8.524224709882866,-15.46092803206861,2.01008387291588,32.35586492216538,-4.562130245334483,-11.14415837903151,-5.577915504086517,-9.300921181049237,24.43749445645524,-15.144400018580873,-2.943098916807252,-11.327077052141988,4.028776932897538,44.11904354601925,-2.6734957298174433,10.025563792441838,5.6990689757709045,70.18945520922442,56.534070588104825,59.224641753165926,-18.78309475614781,-2.7282502644406237,16.77920599405416,36.72299409292479,9.255460132729908
2022-03-09,-1.4419179281293992,0.07185979321586711,43.09903881747783,56.48336652319824,28.481717559480902,-9.304758667886459,-7.588753623819633,-4.089239018460322,34.909102052682115,-13.88635867035617,-8.42539638481572,-14.145471331755433,4.850007867914052,38.21681809102932,-5.860240513723658,-10.67753086551184,-3.293913207848731,-4.540295054611654,31.6894063512499,-14.291340106424478,-2.7884755320885857,-9.821461265334452,8.534945205674017,49.74665828244261,-2.551713201682515,7.68021238650749,4.9088389216949135,66.92804119144897,55.823569845937755,49.87662823139538,-17.71927784155799,-2.830293941526052,23.810233880304345,41.819178268756694,11.16323094715046
2022-03-10,-1.5224076330764613,1.2812134920318297,42.69342887199827,56.074490146328515,26.466946826592206,-7.029876866072959,-5.465491076172158,-1.826329404266036,39.90023866326638,-12.990216317953474,-6.99275493469993,-11.813274550954112,7.582981327538008,48.6338359936832,-4.650891869724005,-9.398895812139706,-1.3134494604604585,-3.4702872676600105,36.215863202202115,-14.447230374862164,-2.768529266160069,-9.107304960697494,8.708174111039524,50.1951009625232,-3.6536511625264723,9.452385681315345,7.946255746340625,64.33839034201824,59.463937886359965,45.65053651906628,-15.650543217706382,1.7102166762544613,23.240753248811075,45.390604384390116,9.226345678242254
2022-03-11,-1.6441538527420918,1.9334914012417048,42.65356974547201,55.547917501616325,28.513412585213583,-6.897604110607758,-6.04313390101513,-5.228897130109789,40.42671512208671,-14.62283161925214,-6.745044890694807,-11.548441257448626,7.62109313903423,49.36825421922437,-3.0465625912778127,-9.930908513691772,-1.1950040656262706,-4.092064818485419,35.67607027905032,-13.598684798638693,-0.35028454900156714,-6.623600084851899,11.325751275283547,57.57024716623841,0.29088112219146645,9.386098208306581,8.203466410654192,63.816441445079434,60.18677104972162,47.57857069567801,-17.173663460578027,2.2581411277271313,22.756455192498915,46.15204116184267,10.588546797670606
2022-03-14,-0.06255322252033402,3.5218913440641098,44.8510345046375,60.87990288417169,29.62051578302356,-4.368557565340215,-3.737544977579099,-3.3840880634557924,45.95407843441988,-13.542872642299974,-5.90677579868445,-12.29374790322061,7.8407771545610405,49.148075236602686,-3.498258020595757,-8.806348710189503,-0.378733522209207,-4.035553443701478,38.048626632695374,-14.125838990390005,-0.6029971014787749,-6.824560239000677,9.96730421477312,56.25776225526681,-1.5953269485886712,9.184270538350248,6.867122434800899,56.82557785311617,59.01711839176025,40.33598281716675,-17.45706634368699,1.2811317110444476,18.689492061961445,43.76955022355648,6.209757021818008
2022-03-15,-2.7829036924221784,-0.09037961886221302,44.42698970981509,51.73004184601658,25.931792231840145,-5.072103088904189,-3.9733429641739537,0.6293872531908828,44.28163755441979,-12.257126500747006,-5.293609530259202,-12.175698508474408,9.884363230802817,49.7507052439201,-4.187334876168869,-7.663498548615899,0.11017043850285457,-0.3795571682598142,39.49670866374701,-13.13686635761787,-1.8934344968198902,-7.360343114117085,11.661308136369474,55.30494568090332,-2.6379440240514196,4.293433707813277,1.2124791556671788,54.60741236158295,49.967736385920155,34.80851861650447,-17.183817341391606,0.33310122643928075,20.55461032680683,43.35399745337519,5.1164894509614145
2022-03-16,-0.02112863183200142,0.8414784513780083,45.500939884159685,56.51114800483068,26.5257812152915,-2.830426280864251,-2.3619968863199503,1.2813104859616953,49.265495395375225,-11.927050492270386,-3.075638444332418,-10.368163564331013,10.598177889563832,55.58846992138612,-3.825220169672061,-6.130059773489938,1.3761558276093933,-0.592598748246409,44.82783539833648,-13.556578315069977,-1.0179788165063042,-7.192101709224074,10.599781554035093,56.63668878886994,-3.8238256432848283,8.236828208141755,4.394745469111272,55.65250442819896,54.61464870569751,35.3534536379894,-12.520019524897009,3.554081372787077,23.303702282761286,49.67285741469116,7.223343508879565
2022-03-17,-1.4289129448224136,-1.1963832926684903,40.87350179052962,55.70193278623221,21.576886198190937,-0.32858984998950236,-1.1497163577189329,2.848278072351551,53.46798185818241,-11.239706261615956,-1.239523107216134,-9.188610601908431,10.621670232124835,59.70396555184615,-4.531100299737334,-3.3780234337528303,2.7095270467126342,-1.5641197476037538,49.750770891384164,-15.047701241505894,1.1378482311974691,-6.500946034574917,10.514142760113842,60.53993117381418,-4.623898839290197,10.481225491175362,5.542707620272935,57.44474108699637,57.81704178116582,35.87822497732653,-9.012917732456438,6.635908914814581,26.22514486021523,54.54630809563271,8.935036589345335
2022-03-21,-3.465815208111145,-1.3240356770430672,37.268575267947334,53.168701940948665,22.2567290531976,1.1225925800820935,-4.380574610730004,-0.9611483770390339,50.73979677479225,-11.792148895163212,-0.7921632293210412,-11.847193727230065,8.055601806843882,53.11024594582711,-3.7614806812654056,-2.1561713472906696,0.9365856327686606,-2.1052855025603723,47.189438297328316,-12.8111618941801,2.409922412783305,-6.4990482603374256,9.45063032916269,60.61781824185475,-2.5190140515819803,14.598859214909199,7.79476337752254,54.64322541362725,60.18780962949163,37.73126786230323,-5.956509166173496,5.690674404608176,23.492893096620083,53.2690384215836,9.987571021540088
2022-03-22,0.4287728975157279,1.1893151326217266,40.72511257852036,58.46864027624492,22.56303551838068,5.542119888844788,-3.8701945278316163,1.5251819001011802,52.826243504422585,-11.577725913779524,-0.5475947939253101,-12.039167341183187,7.305539271630246,50.61699629684421,-6.5433853269823095,1.6107232764403179,2.139315662386898,-0.4973729795543891,49.89969970151958,-13.339248509220914,2.493089893345446,-5.8654906224450905,9.402719376808943,59.306757747641925,-4.716868687487407,20.00341730153452,11.257335901945996,59.012787508369044,61.383590634316576,38.490490902188014,-2.109795188719854,7.145452589238177,22.116576725950466,51.41674697647046,6.356129736933824
2022-03-23,-1.4883725890652788,1.926407459028856,43.014556547272285,58.55287291353765,23.878522578371907,4.448407795151588,-2.6876532465232583,2.609283056753142,51.397070461932515,-11.120331420983698,-1.5052211724490339,-13.067493225211235,7.2827604198806295,49.68616536222102,-7.072187756276871,-0.195062854000283,2.55619662246922,-0.5791322360444773,47.58755170888583,-13.882121446934658,2.1591811221560286,-3.74257113532781,11.292779648766693,60.726661759961914,-3.5987283436256123,17.98012904357058,20.549071299915234,65.39903749508962,63.29546335479951,43.26785255600076,-4.000440031683339,9.105503947226534,23.441423741804755,50.76198707298581,6.924368870458131
2022-03-24,-1.2771270966083548,1.1935338154924535,44.0619502779672,61.70135061625552,25.103097291921017,1.420515624958174,-4.58899231421025,0.7125307859919383,47.16122721109197,-12.541448223316898,-1.9405332301241418,-13.9904081829749,7.854080334434532,49.760857599996584,-6.3397414836120936,-2.2543843348831416,2.525122616600317,-0.9036457553985189,46.5051682576337,-13.94493256257766,1.3050171035573488,-3.8829899098220433,12.129645690154934,64.3936575141753,-2.6268494420800037,17.697561724538136,19.354571392851483,66.58634418507772,65.65500648335582,44.6632340037018,-6.282998944033791,5.8690221786311225,25.370810763086872,51.70209713035393,8.87175070307391
2022-03-25,-3.2399849867588704,-0.7417085981162641,41.317358777715626,57.741520780327875,24.390256221742845,0.6221896319710263,-4.153633222383412,-1.2701411828286435,46.38467479829256,-13.096080048298775,-3.9798554411658804,-14.417963126923606,6.945173250064851,46.93890068970857,-5.864802333455521,-3.512232455559605,0.6762614383801546,-1.052150028669041,45.24071219447031,-12.904200043220005,-0.27447099792956564,-5.073165288121107,12.141243238866739,59.830518805869815,-1.291121627535785,17.759385320601815,17.658137804440564,70.93644722900999,65.70333930290019,50.46154734533515,-7.286617281673502,-1.1879868092624202,28.291912615300618,54.0225661307506,12.925008077005963
2022-03-28,-4.510599517493574,-2.1480561639176,38.507930851079394,56.39139649493137,22.043323773465893,2.448432480311946,-5.456994782429558,-0.6338628132004698,48.71944291401338,-12.44563702387661,-3.397922945379428,-14.174540424179282,6.756028227466304,48.505620842339454,-5.934191365963947,-1.8751066603111877,0.46900267663951833,-1.3040655901385811,47.03645944484813,-13.036171977342036,0.5262670249235546,-5.689996870762492,10.143544555661578,58.13817334767928,-2.9493532452187554,19.420315493308316,16.797395508652222,69.33383417987744,67.17581095505798,49.204914286365685,-5.510158907520557,-8.685967691158892,28.03406671398154,54.82336953092698,12.814500671505847
2022-03-29,-4.848177737999659,-2.5779412854669115,39.62608519308952,57.416539004780866,21.13571700729624,2.251981622152366,-5.241570915170768,0.9881219794881435,49.79245002210294,-12.385507705897858,-3.37075771937535,-13.265102996690835,7.776731443821161,48.288822806107625,-6.495898512835718,-2.1180961819942112,-0.12273222323424537,0.3115362066089089,46.905077071201525,-12.97249474776272,0.44674929344235004,-3.6233784783991863,13.026246101524519,63.35018398130996,-1.9415652654213078,19.71781988782817,19.527297373767727,71.13301862448034,67.49191336328695,48.470258161513,-5.045874040670462,-9.156192901293391,30.356372102522645,56.752687889168634,13.093571156648887
2022-03-30,-4.938369670364273,1.190951874760282,40.07175649608619,60.069800255745314,19.50916740864479,3.269975578853135,-4.812384219532961,3.273644698104561,53.51785103128505,-11.886967066972298,-3.5101035343844345,-11.940765548458366,8.467924036040841,50.95638365330735,-7.455209984080035,-2.2413073949017037,-2.0714991607939215,2.003374801169633,50.41533895646525,-12.970760842137818,-0.6544506867412703,-2.9039294487116507,14.313273810761373,62.319396309526645,-2.4679598612568965,16.073265723128216,16.795501225304733,65.69245536547159,60.31260899495858,41.368737581118566,-4.354569312939716,-10.449347852994052,32.87828420262162,59.68163261421786,13.37169968442784
2022-03-31,-5.114218676486049,3.0568999782407014,37.753779348807925,58.26373602829026,17.60665719214236,3.7899494823506963,-4.141249666582835,4.508032324587297,53.81573390273477,-10.776746819400906,-2.0010133609414282,-10.803541294701258,8.803136267212363,55.79268268258712,-7.109821531595406,-2.5619734921243698,-1.3449070284615061,1.944775365052842,50.692762795912,-12.965115690007512,-3.4733478364959214,-4.145615288279448,13.078328555523179,56.15955726830878,-3.4598957273186404,17.209046979526143,16.06439637857051,66.96861902170382,60.0598382325966,42.5486925437365,-4.03684928946888,-7.419617237536946,33.97398491126267,60.18304360566462,14.379675030385798
2022-04-01,-5.989327907121734,3.0064353073693484,38.802675110279374,58.50425879465376,15.636890081032394,5.946038503247153,-1.575134422179203,8.52852114661129,59.347550459276505,-9.58459078316226,-0.9804278962585622,-9.290339517820412,10.596743775872808,59.99107337650023,-7.861548826996756,-0.732645431825174,0.20036234221763038,5.096416217065247,54.15624432923516,-12.44388683180947,-3.930526754448016,-5.727543611750763,15.205941808059386,56.0045507007352,-4.021613279744496,19.579450621496818,14.412898128725992,72.60106802010193,61.81605716999217,43.79442409630623,-0.7944012254751609,-6.280244480543318,41.34027931287232,64.53686658543737,17.750975115858015
2022-04-04,-5.834860548137977,4.039335495888996,43.6266752263367,59.45979679720622,15.817269467160466,8.887684958036314,3.2333808071735692,14.113558641505254,67.41232326710323,-7.9814334613493525,-1.03299559158615,-8.001673946297473,11.94713312873179,64.13618877853422,-9.72838949857583,-1.2165309776803857,1.9380136744270748,6.505349507408242,57.43425453538228,-14.11651948250544,-3.0496379104267723,-4.681505547298936,19.75604363301311,61.68273251117066,-3.4314624779226977,19.637797757164854,17.729562889841844,75.9585527673692,65.7263774926956,41.888956830583844,-1.6523804814320586,-7.3277529760579,43.93893937943039,65.13406366888202,16.069072145923258
2022-04-05,-6.791901469024664,4.847383722562659,42.65503821478518,59.69737878691928,17.12752612771631,4.5192579326800875,2.261871520031189,11.434766779016957,62.33093267971698,-8.506010577812706,0.13495168715058625,-6.787789843189184,10.66301790166242,67.63746759768756,-9.13965827737927,-1.601952466058576,3.2042219547063544,7.362685907819166,60.60296897073204,-11.849409903935893,-2.452250438288661,-5.33602307281269,18.360607711823196,62.18485518059456,-2.8195194102712096,17.98742168920966,17.763538790512378,73.2668022260274,66.70490249354918,42.261445223120894,-3.0123558018706476,-6.155517171799296,44.32457423316525,64.22412561147735,18.49830577953311
2022-04-06,-8.887825942099425,2.1219279529784085,37.77998197912859,51.51749940681797,14.017342867784976,2.151603101611621,0.14144081906988237,11.99088671127524,58.677706652544025,-7.323958496663074,-0.559394598884555,-7.062724821772381,8.613321883668522,66.61485668133639,-10.119001444670882,-2.088088925623488,2.4964351062695345,7.557352924323335,59.534342625946856,-10.992849540496852,-2.009879795176195,-7.115323428467146,16.097716982574937,60.032956781308656,-3.9254250637474786,20.031744790417072,15.887623215898694,74.01647299820246,69.17564383197424,44.004198443604594,-2.740986740689988,-8.384097593924544,40.16866255262579,63.30975226371993,15.994052459685681
2022-04-07,-8.251667199180247,-0.34056312429658897,35.69163462420428,46.36377299680592,13.961952261602772,-0.3675425941327859,-0.4866075790470825,9.866937931488406,58.04241235421691,-7.727172936249971,-0.9212378143970801,-7.088741033331269,8.957392853257918,66.1832111305266,-8.491063304820944,-3.8745246600724204,1.2037055304199296,6.213894081701632,56.42797399232035,-10.795217697976812,-1.3203685363249562,-6.264312248740522,16.022236742425335,61.62494516481572,-2.557584765316645,16.43517872263187,14.103586375098143,72.26539079816787,62.90764632741608,44.67878065465727,-3.8648788859529826,-7.088234097349877,38.75549227042918,63.379934649071224,16.5351632025899
2022-04-08,-6.878767610960557,0.9084566293646512,37.17210741565242,46.045046510606035,12.220685999339498,0.6983251283265268,0.6143207912628457,13.3925098671555,59.267965294416044,-7.233434812513185,1.860983287926099,-4.592775536239069,12.756447816025783,71.70680876455533,-7.753798034021731,-3.731684598416418,3.0920128699565064,9.763480060325946,58.42496919270394,-10.202348989798725,-0.5293923745260498,-4.310280270081035,16.131683796100262,62.29984511689866,-4.992512928545612,19.44041380282002,20.048507511575252,81.72048031517522,66.87916331109946,48.66576992438516,-2.2958908754482477,-5.430991529646234,43.158842215886374,63.70394381338635,17.118441810166306
2022-04-11,-8.505416230275875,-2.262929879107489,38.272222155579946,40.81453616585877,12.064582741083264,-0.33334278692993546,-0.3692403711773151,13.958939603077237,57.973073421360176,-7.640444211087749,0.9819257612913912,-4.947369177462169,15.123834381291479,70.30271325125037,-6.69633956575294,-3.620621625441256,-1.3569879617366776,12.752102553662436,57.95083105163858,-8.618541534402425,-0.14504732412949917,-4.974183682563749,17.103190695384285,62.262368777800305,-5.092143611014066,19.17464464255454,19.698931413824774,82.20422809823957,67.40917091605024,47.66986801236117,-1.2247801232940447,-9.912703630987185,48.49141735005802,66.34353325832734,20.34686697406758
2022-04-12,-10.030040921772876,-5.5560134058568185,35.43181050707111,36.22442830196519,12.077362655360592,-1.5659245622977713,-0.0737305115677267,13.29363516137201,58.90739324191675,-6.243209870828403,-0.138616979145334,-5.155739752837829,12.16185045075826,65.43407565394389,-7.17982472508103,-6.198217468018696,-2.622444592249762,10.410886810494802,54.320323198645234,-8.628844613181197,-0.8247363839012811,-5.305959602789578,15.664553022061977,57.623564941378966,-4.281143352602634,15.220854463186884,15.978311407824775,70.91406418555928,57.845084167561325,41.44090286400151,-5.7659271220626085,-10.424268720591169,41.996347363586835,55.56572997087308,17.509882350530592
2022-04-13,-11.010488217387548,-2.3455077560493365,31.521265547794485,36.015794818321694,11.723812514324505,-2.5461613038963438,-2.1684979413142735,10.59273460044916,56.05455560585497,-6.054417173647475,0.9022481277298766,-5.274690374513358,10.447272571995203,67.50122546922992,-6.177983292991385,-6.806801373994665,-5.953558391708913,8.447032992270653,50.983812308216585,-7.877133547196236,-0.5882671382427818,-5.765169030472695,12.830357681447623,58.62447843410085,-4.153615956916868,18.120970788765224,14.92439151343734,67.221801665405,59.1153417814128,42.05046719828012,-6.797872331297771,-12.417440135675651,41.278540670781005,53.79013817625359,20.01235788340083
2022-04-18,-15.088037660521048,-5.992871238681097,26.784184031135183,25.80938151426281,8.453846138936672,-5.160539423598909,-4.653239011258958,10.28438841202346,49.39304813174668,-5.660424572933776,1.1295578589571864,-5.848374276350043,9.992077172920588,69.25801791671432,-5.910473728454302,-7.729332730250937,-6.364092629331719,8.956190269100883,52.62680995174787,-6.796593079560509,-0.841426292182057,-6.23342615078295,11.771753673189966,55.8224748112164,-4.38810118007793,16.9560280617854,14.059888047996605,67.17666390781783,59.87250882814586,43.00641932614144,-9.705389460096569,-14.154564457699049,37.12405224492572,49.7497486787808,17.298785946885676
2022-04-19,-17.620640767865936,-9.866353950586692,22.41612423427666,21.704610203361,7.320056425115062,-5.532497179939511,-5.937888530334289,7.335351051456662,46.26937027310921,-5.900991366082941,-1.96877317868841,-9.263804927281939,7.062019728076696,54.37489685394716,-6.140616115121333,-9.164694653075745,-10.571605807708506,5.9121465921449845,47.87066155609626,-7.148689607088333,-3.7626826317740614,-7.881454041211288,9.25378822248435,47.27225694997187,-4.219131343716054,11.818452254472822,11.21537383630078,57.02469840765865,56.246516717071394,37.66078283115624,-11.294163413093782,-16.067239430784852,33.08517276421472,43.07602179086563,16.673423045708002
2022-04-20,-17.136210905911,-9.991512108059265,21.448469753266775,26.46939716600987,3.739568687246053,-5.356995240009166,-7.691740955578775,11.12660960302312,46.05317149192888,-5.077218565913633,-0.246454460413581,-8.831913484961095,9.964421402271583,57.841449277280105,-6.069943323370907,-6.82252178510131,-8.064198580759708,11.063113029034888,55.59865569465749,-5.131456443196381,-2.1734225965065357,-7.251173540515277,10.778497268174991,52.79494375139089,-5.3745712089334985,11.661617445597283,8.91978809347238,55.122568832650344,55.13654424766909,32.503508830121945,-11.82299828853639,-16.67130160342779,38.495912836269454,44.80485154670094,18.301253953795115
2022-04-21,-15.960205422411589,-10.17659939408846,22.913292413124786,31.77623924777042,3.7681180319526053,-3.6634972943468513,-7.228715357354732,13.275600285520305,50.70860724158952,-4.368391491293178,0.04474991563119257,-8.56086346951277,9.78065104897141,60.23166930138676,-7.318961749186304,-6.655025315623353,-6.13002346186734,13.38465802365032,61.89784518720945,-4.276320763869035,-0.29684788796510153,-5.3218916046545495,10.14216912588135,58.26694939557259,-7.013754316052168,11.578702266763074,5.0710862244969235,53.26047413605561,55.742124580799825,29.388373361033217,-11.95504448908451,-16.131413042755817,38.431072017207725,48.29087975878525,16.868823040635327
2022-04-22,-14.872120029271429,-12.611459080981968,20.855350969960117,30.767202549769493,4.295758295818941,-5.667447340310083,-8.84092963520956,9.255653413964993,44.363439887205054,-5.714549422416704,0.7260744566654154,-6.11833178344604,8.440140809929586,57.37976703772356,-6.418320540162348,-4.919492267485726,-5.1492815239241985,10.98068220413606,59.55041257757445,-4.22588396979865,-0.9326451615111031,-5.662404085820816,7.5576535965004465,48.74280355520074,-7.1798894104876165,11.911071155954334,5.595674936230477,48.901261406812566,49.17434478586919,28.49881982873528,-10.852479549458183,-13.175735845602453,35.214246939148566,44.51377940314759,16.687199232261385
2022-04-25,-14.85366636927573,-13.848694250401872,16.927699397574724,27.317922940622083,2.581361429277207,-5.149657446295741,-8.694335346439065,10.064723523148334,44.72653707302127,-3.4395678482344927,0.164392133347957,-6.3707444776588185,6.244017052454298,50.575253250071945,-6.791496205712888,-6.548019629897084,-5.018574425877709,9.610571253809685,55.494992747238335,-3.8379983170197085,-2.8207165968945347,-6.211313352904058,5.43185925829508,40.919535119229074,-7.504007036332904,7.855401550739671,4.733843399522941,39.19619868563442,41.670645188134664,22.11764740535651,-14.076508219893658,-14.595506570027384,29.078117965189133,36.329232106383195,13.240995416972922
2022-04-26,-13.15291646507073,-11.342640682140582,16.3444721747825,28.531895398969937,0.34141837608014924,-3.820384624712514,-9.056656321492262,12.194110120446933,47.86847704827424,-3.2380659562795566,3.231340220764989,-3.7803857747580327,7.413809112983638,56.904843872476405,-7.360841833700538,-3.1204692072815288,-2.904203188264287,13.088847360143351,62.92817984599578,-2.466398836846806,-0.08027395920021663,-5.12246391788741,3.453158348862484,45.959310726440215,-10.776709454529044,8.672392303090003,7.982588151932313,41.84967149522956,45.56552984880811,22.338405666835182,-11.211608242737093,-10.284224481135285,34.51287767399891,46.08601795411538,16.010779741907832
2022-04-27,-12.370825802618379,-10.73693056970344,18.20781615350473,27.276829850525175,-0.7155393969434432,-4.113044421150047,-10.650812081373019,17.007183044354115,44.679558872498575,-1.7239685728059673,2.23183068264754,-3.1905006747924403,8.891864173606123,54.41303052319054,-8.540142688210539,-3.484769958051337,-2.405997763137724,18.513848182868742,60.679185896704716,-0.4584986533499036,0.869139568566446,-4.240249636632642,3.0574400505570143,43.62182608429981,-13.440560197270635,10.525303923512052,11.097339171438204,50.656573038310306,44.94774557743991,26.538642512347522,-9.344467278782664,-12.788879265565134,44.97802267352273,45.428817307162845,21.769145635397493
2022-04-28,-8.348989772646965,-8.830206099907356,23.45355415354009,31.502888105092197,3.836695576517757,-1.4218800665604991,-11.58028288126529,14.637603915196951,48.54214111944138,-3.57839382607692,7.008357582546054,-0.07988880517523222,10.771487813905978,60.9601068484606,-6.830181297290161,-0.6140587985797863,-0.3219606882329362,13.991730007512482,61.46208060966168,-4.121637905138764,3.703478875353605,-3.326553443771618,5.2508295920359105,47.684157697965894,-11.473602955717022,17.377702461796062,12.020987415408445,46.67004876959404,47.01333977365698,23.364072494340803,-2.8342721240880997,-9.53771879126667,42.277844063825775,47.69006241413337,19.669792276410526
2022-04-29,-8.888722443072439,-10.067447183055567,21.573884996157332,29.801353861556336,3.652582108722835,-4.292602283105785,-12.488753781656358,12.379157049793488,45.6284238030411,-4.186743692685657,5.005921187544349,-1.6037950540430224,10.229919024881307,58.16979622057599,-6.019160834372295,-3.858891242324969,-3.267047004955359,14.307966156945074,57.248926678682295,-2.542261867025475,2.8318605194121327,-3.63476836834139,3.6636481097944706,47.16898192829606,-11.617492541841145,15.353270509232718,8.517916710178586,43.88565017591648,45.435843295061645,22.67535227320865,-5.7054835859074675,-13.734451994736553,41.11940937303533,44.871008534135164,20.31688522280386
2022-05-02,-6.979078285098749,-12.29469959174818,18.286490429948053,27.182325292593674,1.2996682599515363,-4.787394820999646,-11.524590890880793,13.091408738583743,46.41235644421129,-3.149360957211822,6.446222487513165,-1.6967058440741756,9.847467151797407,58.813134068799194,-5.9274483398172535,-5.391120828834817,-4.009166797073249,11.51346053234823,52.4945813874255,-4.500704033179625,4.766145368171015,-4.498288309062204,1.707690273343787,47.08594116540848,-12.898292554573098,16.842031836056414,10.818722128174606,43.50699363230153,47.375385184303866,22.898319115693,-3.7654173699765203,-13.809477335841214,42.05399442504609,45.487225096831665,21.65398143062054
2022-05-04,-9.031531949958104,-11.7976999472582,17.37133255412504,25.466827458762097,1.0569772415575995,-6.43376801106591,-10.742875369048955,12.996983762258264,39.17693414052487,-2.7093467549980654,3.9612249513045095,-1.5356510205247975,8.988675168023397,51.79870159151387,-6.1605093308164545,-7.24242053991243,-5.327286183300517,11.842549300158334,44.58521152393645,-3.7033173832986654,0.9685705738770034,-4.874967880428594,-1.1123069896275317,37.47938614153799,-14.857477336631565,12.669112517162496,11.073937860219218,41.05379324659661,38.8730448645069,21.447628341301538,-7.623751844801219,-13.363546043004149,43.240097030252336,38.40650887855252,23.330040740480374
2022-05-05,-9.740546500678349,-8.649836978239545,21.465861181972134,33.80412206073969,4.0916487841409,-7.221791279336676,-9.926351263766698,13.242667684148856,38.946428854963344,-2.9553170145628083,2.57985118496733,-2.1297907440251063,9.072502387269843,49.740543995423934,-6.52899094426258,-8.525653049835524,-5.237907578875866,11.16222058831433,45.99769775687805,-4.738181486162474,-1.300468027413304,-6.274426640184727,-3.116135358516081,35.26793459933566,-16.974192476985717,13.21195729456095,11.381532991107557,41.3329129567711,40.99443849393222,21.11696071619551,-11.879227026125704,-15.1393619715126,40.48133185295646,35.559139611178125,20.38718791989771
2022-05-06,-13.152339300697879,-12.95140487744404,18.94454246188726,29.79235023255592,4.412093341459622,-10.16555965212762,-13.008210109002471,8.836907809260053,34.519111333737854,-4.460607086554114,0.25683227102528683,-3.580488940374593,9.506345423608265,48.49073311719326,-3.872960262001346,-9.44938017901138,-7.902546227891605,9.06108017815681,41.2539540874423,-4.263823730030425,-4.871820511036917,-8.744468912366388,-4.171103087617601,31.521575524766305,-15.879320546120457,6.060078042701944,5.79463701765861,35.981531367985475,36.33357095311141,19.36753088489236,-16.473959072033285,-21.328064090209676,33.753892203891226,30.317466648130235,17.412061020379422
2022-05-09,-14.125805508015787,-12.633272784490913,20.00929845264505,29.966237563435712,5.5766889479478055,-12.852879344084434,-14.17944461549958,8.048275206877342,32.55746110554104,-4.9458726118623675,-2.2604206857097187,-4.879297437007035,8.912676823704558,43.488419585284404,-4.185426031451089,-9.87672666039714,-9.007269176521648,9.237828545994997,40.416131009011764,-3.8993778444542326,-6.29340657405738,-8.634195026504576,-4.014714990896973,30.84629487159495,-15.558138330548378,2.8219389218021806,5.309975944805179,33.64065966198642,32.57145982263317,17.568709573779874,-18.67810046275856,-24.871813079356052,33.51558267240564,28.74105081279899,17.458674646538586
2022-05-10,-13.2060012874196,-13.502824657997293,18.484590495785234,28.298243686020967,5.680051106498074,-11.605622581972119,-12.485148919261668,6.839616004783156,35.16156149545834,-4.706459866730494,-1.4820984563268524,-3.800362953495895,8.994939685354097,45.47936374977452,-2.784060373592301,-10.364706804743173,-8.146072203712794,8.619035343915549,40.138582786378485,-3.119341019355204,-7.499851912112243,-9.30279456931029,-4.60130812347429,27.51027121382424,-14.910972044394832,-2.2172659996303357,-1.0815667865368805,24.194835884405542,25.453799857818936,10.773194628157178,-19.67549578843001,-28.468220191400896,25.332485628229872,25.48850324609039,11.787899431250759
2022-05-11,-14.338189852553962,-14.95432901504914,16.402777374277335,26.352915464216963,5.501650604055097,-10.56012416566876,-12.332809745853934,5.980691042358188,37.78905145238143,-3.94440674576213,-2.266159141442281,-5.300174998733576,7.789171957988583,43.17127876261774,-2.3052901714947005,-10.234756489537888,-10.306136961673273,6.8931437532120166,37.73785855085398,-3.117405283557373,-7.530389083969357,-9.969385191035718,-5.558498199748064,26.86930116681117,-14.402950254224722,-3.351060942726647,-1.119706048347635,20.923966353892798,25.470819940698107,9.599429976694896,-16.791635431458406,-28.117868628463548,25.34203865974327,27.610328050419668,13.603749557975696
2022-05-12,-14.050331488969924,-16.83931237051436,14.616498885281626,24.917116263008765,7.775977740332607,-11.746937971497484,-14.975572190182817,-0.5653580004116754,30.457944876750943,-6.499798310086535,-1.4774920958491866,-7.348812820135697,6.131420379070218,39.456799790646095,-0.20269584596944723,-10.895705718950666,-12.720523715733211,2.9666171237907157,32.97678260366912,-3.1786178860845227,-7.15342584296812,-10.300873962187529,-6.25143826687764,24.730717659618662,-11.846522963068185,-6.915424560923833,-6.133610376165222,16.810370835384013,21.755205630859038,9.838915421722039,-17.66339385964445,-30.615547707061996,23.379735938229175,25.30910239502684,16.016208865321357
2022-05-13,-14.184476250512446,-17.283915675410142,14.495266402881368,24.276282840584855,8.058505720617081,-12.903760283590326,-15.869041750708657,-1.759336201506878,28.361369013720193,-7.282286293719342,0.32965072662449746,-5.330787997972497,8.462902283219154,46.94781707657171,2.3652725135806962,-8.901732424877917,-11.506643073409117,6.534366732149177,42.12928658218199,0.54515648236928,-6.063357185136187,-9.000844299053412,-5.031716534910369,33.504757425115855,-10.370698069039818,-9.574346170923864,-7.785168796272668,9.427842119204865,20.048454450847743,3.275964807356524,-17.189011910170958,-30.872966766103715,23.142215623005313,25.029938645670157,16.2193357804451
2022-05-16,-15.949897970292747,-17.690166565063713,14.568988990881259,23.19881885820739,5.809782085741633,-12.982687665625702,-13.90363165121029,2.4885835308517734,34.03085816134076,-5.347033388425282,-0.25330892601805877,-5.544703007435025,9.326975233407019,45.777651431051815,0.9685389338713213,-8.827375905001755,-9.975786445197532,10.458103184386914,49.25359807232329,2.013188127849963,-7.089377674288267,-9.36684438537101,-6.392338103457873,33.07446968679072,-13.548976960796722,-10.443605759189644,-5.308765021002182,10.561164603032736,22.76055247261243,2.1083701342935246,-15.524625267665948,-28.089679628831465,27.422478108123105,32.68359821537726,17.68057622048831
2022-05-17,-14.49584935707201,-15.076864439359106,17.692359535553326,34.6952282199036,5.928773683984501,-12.071100255770506,-11.043251058422321,5.655647173602207,41.41480756212117,-4.904845292812077,1.449870837524414,-2.6562870399020277,10.368094740428479,53.242740138443345,-0.6634162504010055,-6.535002221389973,-6.6637294985077755,12.917382063275063,55.747451792878174,1.6310647247696153,-6.369620487808869,-7.084588076893428,-5.637629522885557,38.57910949352816,-15.069336480292161,-5.479044951253664,0.8176411778296089,15.648819663719959,39.94985163270674,4.089489694336534,-14.643463118095902,-24.934673129847106,30.7329823456328,37.91344982760819,17.665960259208347
2022-05-18,-12.511548355040436,-17.214988943743993,18.002664752442232,33.75380178692858,5.332145967529156,-11.302859821419242,-11.797725669884784,5.867144907281574,40.4578557559394,-5.50032421781772,3.592427392499875,-2.3737700849978505,12.318042682070507,57.17572479843425,0.25790935649327995,-5.569598746256399,-6.808608932537474,13.904694998197819,55.6976514688031,1.6741951133671051,-4.653856754398966,-6.483653382196486,-2.668733412512514,43.50678333465209,-13.119663857544017,-5.226760841719802,-0.34475534286400045,15.996674054239989,39.473612635973595,3.5415482257254105,-14.441920823983189,-27.4488247160938,29.02856943558674,35.21577708624547,15.174145755800893
2022-05-19,-16.31756858807907,-22.248960564714938,7.972410036138311,24.865025304182907,0.5649855736821641,-9.734603844703472,-13.918283853739021,1.4860862662558594,35.09844281756378,-5.4763453193315215,5.830415980230641,-3.9152700903856696,10.84320665741516,54.563053902622435,3.238831797055819,-4.403923359477224,-9.151971139408799,8.180257181069273,47.812674869832904,0.7585734089867069,-4.914679973076308,-9.828722183095785,-8.34245887963485,36.906047635578446,-14.630605194386293,-4.244623185871655,-2.632324197300251,7.482826300294398,33.98560733726336,0.10898962697898362,-12.014172045325932,-29.495278315181384,26.035696221027415,31.6702662071701,17.389043812158732
2022-05-20,-17.54030771537307,-21.434668203416372,9.592706534845675,29.90245876929903,-0.1294632307140664,-10.200920397337876,-10.522078000478052,4.169334812061654,44.128287199904946,-5.071717712599611,5.7841042324185965,-1.2003103802157633,12.961306907263314,60.81426635620771,2.9403024315437287,-5.520114661963193,-8.872619143227888,11.15285878821699,54.82207305441796,1.2922850581327028,-2.181646805044146,-5.314228882706129,-4.958133924556529,50.33772506729689,-13.389471976484824,-2.380461933859379,2.1480930822854516,6.9435983623816755,42.49874590282098,-2.5435641641531226,-11.016202145398546,-26.42634273430793,30.35917300486308,41.62502518358696,18.79477195552606
2022-05-23,-16.443471029538912,-20.680337851444676,10.679418370761962,33.104787289926136,1.9945200304293254,-9.765028211023807,-9.973174579638556,3.334714306508868,43.93098992473571,-4.773852778411991,5.6226237289414005,-1.2883978411691532,12.59068911392589,60.41937035696106,3.7558153549510642,-3.427543665826027,-7.847913451582322,11.452368262396217,58.84789071135311,2.7068173515149674,-3.9917723492216894,-5.378839767590482,-8.793253879790319,46.30942241553543,-15.950151970391435,-9.81650188439609,-5.863759527912071,-4.756193870193237,33.189088917307814,-12.229875842506866,-12.944274150967871,-25.990866413441637,27.979359269617543,39.97945292476949,17.936952639017157
2022-05-24,-17.620210391447188,-20.761240869830864,10.350045588491907,30.288960138177288,0.5732911448780076,-8.636707573592394,-9.706333400776213,5.663227183721586,44.32704472490605,-3.698286174844423,3.935153067791175,-2.2015062778999894,11.608206458444359,55.0096187413926,1.7199819215423906,-3.276383294708207,-5.3726585780873855,11.011463063408167,58.869526983009095,1.1761085874835597,-4.749187675981547,-5.858447626844687,-9.764986362542183,42.23023990714751,-17.75959629536834,-10.582733938463617,-4.491235126794779,-2.082060818238052,32.18753771783361,-10.75735988041301,-13.789313948485916,-25.602584582165775,26.30900347694869,38.14528458098227,15.118322907438465
2022-05-25,-20.059106169983167,-22.302942402795843,7.729736562218403,26.07901963516248,-1.331881993842321,-8.669471090161629,-7.512501758310453,6.745350614934398,44.81398906107023,-2.233466940670148,3.924112449641015,-1.0969521152020212,9.054955130601039,54.17475349651873,-0.1181333459598255,-3.5808587955696636,-3.2360113359256593,12.242555446246195,55.85539559121839,2.801343988127014,-5.034145457155947,-5.296198444648692,-9.662240399157396,39.43325366789304,-17.26094382900536,-12.099368582298553,-6.314558275964465,-0.23765990207234022,30.550875357104104,-8.62910595100349,-15.21157857304425,-24.62878487294844,26.709934012151805,34.17080654622917,16.05180816944529
2022-05-26,-18.970440840604,-21.32650598088309,8.67195361049491,30.05324502647234,0.2914547976418991,-6.874513988325559,-5.843135717793613,4.888489455567391,51.76786441311516,-3.2002384283070895,4.554930213049646,-1.8436215542579348,8.73894895279761,53.2837377982851,0.3532836331507472,-2.3275703056089947,-3.129881182070504,10.952639790441875,57.758927361947336,2.396260382932036,-3.625510375849772,-6.912184120861387,-9.389049311800623,39.829760608492954,-16.37673048845153,-7.849515899264247,-6.886113653818837,0.13441505448610336,35.30153397846462,-7.5876909591561015,-12.847142623755193,-25.1937984496124,26.702776213137614,37.4620820585063,16.93178719194797
2022-05-27,-16.079763859329653,-18.08787156365066,10.337174537478443,37.0998681352812,1.9409937727294269,-4.705033358834109,-4.883960693698553,4.984619473463536,55.87687851820625,-3.004255049675364,6.585444346485381,0.16894458439602467,10.078019422719908,56.95373353875578,1.7015592389875822,-0.6418009789343926,-0.3413221566144209,9.16553661371562,61.38311872138814,0.8585124169137259,-2.196532515245664,-5.505250076948887,-8.403821191442361,43.13254454725024,-15.373893407454187,-6.8693134089612755,-6.980689159304088,-1.56580356363053,35.23926916528235,-9.056219284144074,-9.802324161973107,-24.78425526223278,26.253252178301324,38.615762539621905,16.645926887708562
2022-05-30,-12.783495191544148,-15.71362587729549,14.511522571196057,46.243901766720825,3.3001647732422867,-4.185659929207897,-4.11565178800587,6.358126246403506,57.48443110119987,-4.054965652946607,7.45078147608067,0.9164943249759805,11.174007567145505,60.10744515299923,0.28941229951426894,1.525795297449628,2.166214492898577,12.121072373163887,65.46039260910703,1.1437538392646607,-2.3515903505271107,-6.599709647845797,-9.50050713582159,43.16840078321414,-18.36094469050382,-6.148266213703513,-6.400252405983286,0.34502061020658115,37.168994723529416,-9.479352553678433,-9.006872458330495,-23.22617524601277,28.61696042187003,47.49603531250008,16.02459652872281
2022-05-31,-8.814238629663906,-14.237636601335524,13.689748415259896,45.76536395729214,4.0291075518072095,0.7360487116791159,-1.49367503392005,2.5442861330564392,54.11022987944776,-6.169283337712317,11.453242494150494,3.1062299795985737,11.596525125436607,60.97046956183958,2.113753231982285,9.20658092206359,7.6861596158227075,12.355990559757291,67.07210312201738,2.8086840630388688,0.8347980352031659,-8.644203838697418,-9.927681603936033,41.59861763456126,-17.58146157875512,0.3594534455088061,0.1690537684902571,4.581157685693427,39.6987676715977,-4.30549233832922,-0.012140326161191872,-16.456975972980047,28.395452999740467,51.39076813475216,17.48521371061631
2022-06-01,-12.594335257970767,-16.08798204799151,11.920620536791526,43.061833856435285,2.9450930741851344,-2.2232613537570223,-0.9885596573413036,1.937977910130484,55.22229689221815,-6.2369867731127515,8.90272856579486,2.9730840774860656,11.170875063272835,57.35408145028483,2.255473795957874,6.128332467044495,8.023519644559606,12.09073504107796,66.2468428450059,3.1015651647886777,-3.5356971064494314,-8.828979997740472,-11.335518494195663,38.012125826891996,-18.446008812210792,-5.018954387978624,0.603238615224222,5.289430858438027,39.84873531933917,-3.1543051900182695,-6.144090811869596,-15.99257099131055,25.261540339543266,49.160487578676914,15.216131460163783
2022-06-02,-11.981413840658739,-14.985124621009449,10.928296440038409,47.32126653618708,2.078650663225212,-1.6341569123377586,-0.22875081350828275,2.6797455404022896,55.145136949156225,-5.511846737200732,8.396083037045333,2.969890792648955,10.574544372549255,57.95829182589851,1.753120254145668,6.199782802597387,8.373144864609472,10.094086930699131,63.6865634921578,1.3109927813626188,-3.304944559778611,-8.508140439221545,-11.516044457520035,39.97505411694535,-18.575123958533656,-8.467237333490996,3.765107599847628,7.848539980768265,42.23205457796654,-0.7554087591475467,-5.866179299165619,-15.750618816490025,22.462355893263,51.00242481379619,12.69254507465709
2022-06-03,-11.317316781583632,-15.595131724717037,10.082901111833454,48.19576451866765,1.8092353779500137,-0.27634547247964436,-2.996979581506931,0.5128876389949522,51.478100812408016,-7.041510236362591,8.22704519092985,2.1785736259817057,9.943604928618877,54.97213906813286,1.68040848693507,7.444444578780618,4.870725737917092,7.592508016641242,56.78007025612635,-0.49398350755582854,-2.1336454339773825,-7.612648577412817,-11.923716747731461,38.10286589672357,-18.54339809108382,-13.165062084051494,0.12400152442240131,5.660976167521148,40.28968903063583,-2.280344320006611,-5.657969599184787,-17.74992194002588,22.7485265106546,48.96293705631115,13.52293136900624
2022-06-06,-12.629540031384778,-17.52883677365199,9.943663347129084,47.554710998272334,2.4199130377891898,1.0470914480433358,-3.281584651748992,0.4802077698951024,51.83614856149638,-6.395931984556946,9.191559905401192,0.9127049661120878,9.595589684154703,54.4923661429603,2.0956590225302607,10.155351969275639,3.9546955992694866,7.544067844485136,57.28076354333451,0.18452852153292287,-1.8297546959960442,-8.442867960278821,-10.920685666163788,37.9526539177897,-17.01663061079337,-13.22974272623888,-0.3034181540663594,6.584579980096916,42.75789389842076,-0.7092989228117519,-5.944055944055949,-18.87001205424379,21.682748061843938,47.23767913718799,13.355659573978507
2022-06-07,-14.12031854195861,-18.121910176209244,8.13169123782651,44.0393359515966,2.588874452012746,1.709490883309428,-3.318346509665826,-0.9655526762675892,48.39811608454121,-6.042045892233738,8.724191261324377,0.40202035228034116,6.831925124923144,47.1254991894445,1.3557341852952876,14.80854376826124,5.3152607606302915,8.647576889294628,58.72860405677999,3.0783158703815205,-2.5436204335978707,-8.659716171907728,-12.650399157566738,34.88072325624738,-17.127928624101173,-11.136158258323913,-0.9559714713497813,4.279874639853665,41.28990850578925,-1.0654985154136987,-4.730462631668209,-20.0584304335095,18.645337093760972,43.88246357654979,12.563592154107429
2022-06-08,-13.66229764074889,-15.50269869637857,9.400641668613897,45.16267283780964,4.183189675260324,6.312200369295473,-2.2099663718354146,-1.2088133553087466,47.85577147537896,-5.920287308509364,10.686794237949048,1.1745742857767194,6.263084955301412,42.94230122976824,1.195266924586913,20.061277417003588,7.484086756169672,6.899106472024608,59.23629513460547,1.8009557880493077,-1.825556309500631,-6.628514433189936,-12.959788687073948,36.47209562627543,-17.110844083916543,-12.841109157556374,0.381018662903565,2.195562931863426,41.62180887347478,-2.678269939664535,2.6927489566538787,-17.41573033707865,19.1599115696389,48.27834960245591,13.477027916816485
2022-06-09,-15.101745321404502,-15.62344921635902,10.277384866843908,47.87027801542036,5.00547779089493,5.812608420339571,-4.186276782415909,-1.580828394534406,49.55679001352025,-6.285843188115092,10.097216029008816,0.7122819353709398,6.164911282662011,45.40683064909969,1.0896046122656378,19.44822175732217,6.136722743749412,7.246665518379292,60.20182726545651,2.119644638250784,-2.9502036245984464,-5.806475130486522,-11.679560975859516,42.3609725465572,-15.901797003713302,-12.68919051426025,-3.935789611570051,0.192678334513241,39.340796014824264,-4.597120503279218,-0.28294362886541746,-19.01289281509696,15.109338474084733,48.882060254009176,9.606435619233022
2022-06-10,-17.85031513490737,-19.03484616887895,7.843724823358378,42.78245088055814,4.305580200065129,1.9764680441195948,-7.512196205420096,-2.2890663039704107,43.028099663976526,-5.4947735925477525,8.53003836709516,-0.6140475619251906,6.519150830297682,45.27175852037944,3.024462925134097,15.882779322004481,3.5093597920844655,6.131383461798201,59.16905908815608,2.6494174561442208,-4.9011222289756295,-7.552931166911481,-11.930246197590066,41.068205485226954,-14.819644967904654,-13.688043836545493,-7.059102288242947,-2.6071511303727424,36.90593600536791,-5.802422669256446,-4.392979259486252,-21.333852900533856,13.185422844435069,46.199592006012104,9.4720274111064
2022-06-13,-21.14319749022585,-22.34371947083469,2.2675745398709646,35.294554736536654,2.1200832081456067,-3.1029099156538176,-9.914656035391145,-5.749399705889779,34.30746250069619,-5.885328876165263,4.3562839244716045,-2.941095269326366,4.813379725687361,41.38210175858368,4.662216807940145,11.440870175619168,0.9666588956708466,3.322990153450589,50.698503642320446,3.173976690638547,-6.769112365047336,-9.350236774321807,-13.342457819496767,35.40366547636289,-13.467436204461446,-18.85685795053026,-11.18689521007682,-5.935471733609255,31.535043525487126,-6.071132548921899,-9.423167901267316,-23.598934154108807,9.934812790048909,40.050525463689915,9.776263689668529
2022-06-14,-20.9211364854192,-22.221314666598847,1.1929887227853264,35.686100295973304,1.2444468199168668,-3.574620095554626,-10.225661063512803,-5.056106655586401,33.663326509869734,-5.007826313762043,3.890362433468386,-3.117089149774588,3.719114464539386,40.537435426489104,3.7718571331162964,11.267374503300797,0.21751333579118626,2.1174554826574488,48.67733055757772,2.1693836844961067,-8.81035898201359,-9.129782204789583,-13.892674437314412,36.50917397142223,-13.848887617906602,-18.929573056305237,-11.320223165476605,-4.5751031988462305,32.50319377742015,-4.526578259813019,-9.112043490172317,-24.72083526736664,9.893202196373686,42.124435589548625,9.949084477785552
2022-06-15,-22.803238540163207,-22.851527602137665,0.9929526081194018,34.860071996770074,0.6273890323132081,-5.587731151280362,-9.712185464680456,-4.199645205697178,34.05345215739098,-4.546413166804319,3.4883983840868993,-2.6244292861104968,3.4897046583653557,38.72351654728401,3.115103604360736,11.24098167880192,1.4447129235286127,4.400335297605729,52.10761478765363,4.022438039419329,-8.167757018437072,-8.721502781838842,-13.15648336525853,38.33647675568697,-13.470830313800253,-19.13229136864263,-11.705182229773946,-4.36035247691573,31.557780690559227,-4.706538726891463,-8.12152857598254,-24.160814288038758,11.060306625349758,40.961734712381244,10.6583023094879
2022-06-16,-22.68344639150589,-24.835091616730253,-2.379850281495066,31.136308132610907,0.017027349293141647,-6.868553622285123,-11.59227659075035,-7.156310536897726,29.2213342580239,-4.8767098286868205,2.7242653637195025,-2.7135561374631023,2.490386962673763,36.52903768286966,5.006844032141822,8.1460406916954,-0.1417295670982366,2.1813480727993273,44.32828838994772,4.690217278447051,-9.401707020316453,-11.11712635312374,-15.69977391677152,33.603961313697724,-13.629941748393094,-20.11472349580321,-16.684902106792187,-10.330098960134947,25.717354344085706,-8.128424607276397,-10.433957487864253,-25.824822633062805,4.452435241084229,36.08962484113557,7.017066684824513
2022-06-17,-25.181325907777484,-25.19713406996802,-5.262871555772131,29.133385553771205,-2.1293351241624903,-8.406567661547692,-10.999052242000861,-6.574950150634806,31.059391672128825,-3.484812185346209,-0.024951427098862666,-3.0998224557470144,1.7325509644879888,33.095178087228206,5.097468816262185,4.645373468816638,-1.7694504750136009,0.6074997968046114,41.014715139005,3.9352053234930295,-11.742867431960068,-12.6413063455586,-18.391112069545812,28.493036950524285,-15.691806869222248,-22.105446271354502,-15.689405697227299,-12.612815929304876,25.918197947282607,-9.722387124483056,-13.5911212803013,-24.40952976725216,5.533041066161437,36.068423987567535,9.023664376683804
2022-06-20,-24.344908941186628,-25.425954330743195,-4.760527119777103,31.86441252076122,-1.8959304152512457,-10.276973033695091,-10.57179379340971,-6.482869037972561,30.66279093360977,-3.670076641405595,0.36172109191534574,-0.8822856318187466,3.5216000268158076,43.533998120659554,6.6353051462993085,1.689676582001698,-1.7454245226457776,0.01488487966860852,39.10630973264704,3.02311561599522,-12.536122622809708,-11.540916441136616,-18.005337788474087,30.40026087812531,-15.539116251787878,-26.57346699280867,-18.87746649797264,-15.471186943558134,22.514987078118196,-12.928743647767416,-17.74819744869661,-25.161484746108098,5.207152786984959,33.173319259326206,8.371555676374843
2022-06-21,-21.389431519457847,-24.1139285570391,-1.998739251062276,40.7481163439277,-0.5546124662373475,-7.848054617532063,-6.8135637162671685,-5.83299781377562,38.073889185104626,-4.445371888715588,3.2321421740578504,2.4143751029145344,3.8869479281210317,48.84059770665631,5.417805010470733,5.032347393188363,2.767670013309642,2.0438127343585633,46.787178565122915,3.547509748755817,-10.710320388729478,-8.558508387475062,-15.529952352296005,40.189992093957315,-14.285218790796305,-24.785107163431675,-13.804590849576236,-12.073127366285274,31.92681623454503,-10.777454729975721,-14.14209505080023,-19.25622902898384,7.631984576848838,42.871013988470146,9.218027762859315
2022-06-22,-23.79246450766106,-23.465707249605227,-3.3760564379147873,38.67577107572353,-1.1553099111743514,-9.637940226677333,-4.62996654001021,-6.165671516535587,35.297264394789565,-4.0090398227072495,2.9989926075572493,2.434975486242741,2.3028563397336166,44.839300903616234,4.654123577611458,2.9178370040594315,4.575558560292725,1.986514688503993,44.24614327258694,4.330511320387775,-11.648657348101166,-9.445978953811663,-16.015042237424957,36.65805603625562,-14.084782548429352,-28.985406308021854,-14.780060786826265,-13.907637133337413,27.358953283678687,-11.928942114621178,-15.165879323263242,-16.95570551969383,6.6231759784452615,39.08443352132136,9.073738840972423
2022-06-23,-22.32193120877446,-23.478070292378327,-2.0395711355531088,43.82563509073415,-1.1910486414409394,-8.333533255223314,-4.2558350030086345,-4.249047763266667,39.28457834808843,-3.419663513449278,4.265590302418576,2.696162561607607,3.131116748600271,49.296934884027216,4.024427174233325,8.563617047548222,8.351849757729335,7.9492540150147395,57.156192766478405,8.884298617372654,-10.629973166508844,-8.700312418254331,-13.879100871191753,43.02661928993448,-13.133131085523742,-29.327575028431163,-16.620581820322478,-11.22843686465388,28.895137574338122,-10.459507317988958,-13.452609113044645,-16.914885584463867,10.209082594516051,43.110676100118695,11.16370158425437
2022-06-24,-23.93134443440339,-24.90283784665731,-2.3476349146984044,42.0625522382949,-2.44653841329302,-5.347047642001524,-4.0024876642719365,-2.692719186548276,45.43968881224637,-2.79127317961102,5.535924540078807,3.4879648546598307,4.110830388255149,54.482438163780394,4.005385677745643,11.244761682706672,8.736877201953641,10.910831837223212,61.633662639103676,10.798500002851807,-11.265252718678276,-10.10724908985864,-13.201140865800154,44.65727324744007,-13.289051802057495,-29.263488973885043,-16.744851273253623,-8.953875064255168,32.40822096200118,-9.04608768277968,-13.645067671654921,-19.07074715796593,11.443945151965295,43.782942336539065,11.33107337396908
2022-06-27,-21.592959213673836,-24.1333355637127,-0.0742086976063705,47.25565479851278,-0.6141660647587033,-4.515249565879575,-3.921153348565054,-3.03989638565203,47.57584533160454,-3.5638284114489216,7.264215801845286,2.9952550728316485,4.743571819283554,57.74708699499836,4.177581172339173,12.863435084625063,8.899408887123418,12.353435589400142,63.51997525281683,11.746324407385211,-10.182221862102015,-10.428745614075263,-13.217403774136516,46.05847605400687,-13.686340787914641,-28.212983223924148,-15.464050304495757,-8.597123987968002,35.650650623204285,-9.091027069828561,-13.948568350848811,-20.218806840523317,9.84794466261576,45.944900774497555,9.254372110284127
2022-06-28,-20.865321090890287,-24.434769535934674,-0.050664000375788554,48.67824567099337,-0.5390550300875097,-5.7911575664350785,-3.484517668965781,-3.1732676066884014,45.802252081306605,-3.6464003900554487,7.049049827803566,3.4116056008939744,5.16107787717468,58.438933610168,4.6472202652519945,13.5387104494328,11.409738527764057,12.258485979561073,66.07947949623733,11.709947692506883,-9.937143138583204,-9.463172021217458,-13.341257150141894,45.85564191941283,-13.7647052124094,-27.67631078103786,-13.630822158315592,-7.3328888054220105,39.15477130810549,-7.785696074265703,-13.725054079043097,-18.478940696665248,11.34639934509254,47.65301770471908,10.80231786534116
2022-06-29,-22.15040187741637,-25.92468876271766,-0.41899035909549465,45.677498817413145,-1.1258630391280056,-7.190197657643537,-5.100137965337737,-3.7719127481783965,42.07417937195187,-4.4549848135790775,5.7468984131528345,2.1824266718914576,4.143833546336917,52.071505335335814,3.4045718036288974,13.769350774030965,11.359606499006603,11.91859092411578,66.39063484855414,11.124140309512898,-11.331093070061272,-10.934965354848714,-12.891234048624389,45.74408194325946,-13.509572897210253,-27.6398604399134,-13.372018450874435,-6.0531809665804515,39.673815643715365,-6.720059520936916,-14.371976848188172,-18.692659039944736,11.990235076492905,48.22898781241763,11.19527589811684
2022-06-30,-23.640597218819437,-27.411506806236552,-4.147102694247451,43.36246444891408,-4.085144342903979,-8.006753338960404,-4.998596638950281,-4.025311565963873,44.11496455310122,-3.963274490056734,5.0373366833295075,1.3504174159846727,3.9235648963639402,51.77322469036443,3.9907400462832587,10.993961924795581,8.50624604828074,10.196405081698812,61.34824406031166,10.267634932592728,-11.540056782376517,-12.118983488255196,-12.948217602783608,44.08822728340208,-12.89194820383537,-27.50138419578795,-15.848489031987112,-8.446443816387683,36.866296053499184,-8.387264516020021,-16.664868020634582,-20.29375410470584,11.503400782585382,45.292980920720424,11.575475462390216
2022-07-01,-22.72463019254285,-26.67666158755949,-3.9242696580230163,45.57379477729454,-3.263721795347485,-7.791788119981091,-4.297143471149479,-5.161088648324441,45.634616755759914,-4.509044266576401,6.718800593864316,4.583343135344653,7.552239029421415,62.17741152612234,8.291691140417367,10.991656910697012,8.148080082175335,9.387962873695832,61.575509964573826,10.14003610614962,-9.740794434669786,-12.875810598411597,-12.855370934257493,48.07206526601504,-12.256226922880897,-26.887932854850106,-14.306042872138558,-10.096769218546264,38.628237549854326,-9.47865903891052,-15.564663099227205,-18.97319039696671,12.941857649208544,49.625306251175004,13.718364915000269
2022-07-04,-23.258001205944602,-27.854331156199986,-4.0521469387623466,44.1160456337488,-4.177263655168561,-8.634534204074596,-3.201908429177769,-4.01180347051463,50.70298265453087,-4.13697279510451,8.290171318034844,7.2284642695266355,10.265582470263347,69.13532986894592,10.121795327861193,9.508891078774218,8.70657919084319,9.170946348014365,60.86709174744895,9.028586619284384,-10.027320938617201,-13.56372116081851,-14.2437987429626,46.569506999134326,-14.355625469360556,-28.210491337327614,-14.154499937304498,-12.112528030397696,37.16758825590225,-12.227133949709545,-17.268988262034345,-17.926204433128735,13.239109397283567,50.45650471363064,13.091444753578529
2022-07-05,-24.00398547299274,-28.438246942786293,-4.454179513993706,42.46857386466325,-4.831262552650428,-12.473863798135099,-4.694816556571579,-3.4115801860924777,49.16596663631047,-3.7927779680280493,6.7188329737105645,5.616432133699956,9.537998144683435,68.28087970271028,9.105693298917616,7.830081183085236,6.518294842235095,9.776906920657735,59.301434764768686,9.34365919275697,-11.280526497090126,-13.986149194965902,-14.629594609559348,47.216524877986345,-14.96651915227859,-29.402371579948785,-15.538552089464385,-10.759556944580694,37.917056301037185,-11.111755055049988,-17.704502546165244,-19.064337283189825,13.431753439532802,49.90229628604998,12.984081421546367
2022-07-06,-23.196466325036525,-28.412886656969217,-3.978333758313901,45.94305732170156,-5.589523054809053,-9.83413592790512,-5.759307963257432,-1.2882432107558461,55.12389814921227,-2.9445707064353233,8.188023390944178,8.33402495380513,12.874860969198764,73.88850008019546,10.980884589126362,9.287250905797094,7.536521094824056,12.752886798581775,66.02891143563862,10.860957076163192,-10.703692158335897,-12.893461258758698,-13.82181681337159,51.202589369972486,-15.267838026877833,-29.744224149429822,-17.107021486161834,-10.554469508305498,38.006490645141746,-12.055314963172059,-15.613812349858048,-18.155824569514543,16.514024066607558,56.06883935988759,14.55898458629703
2022-07-07,-21.396234867861676,-28.38240069674277,-2.78159924582414,47.98664002581264,-5.510820316518316,-7.207808687772377,-5.211289021445098,0.681292861663163,60.90909439466857,-2.1451422964052003,8.299793053093518,7.6939698601513395,12.346662952475684,73.46936264801576,9.19274479116603,11.06923961480093,8.750015122630073,13.346177269157522,68.98484500516666,10.164199650868678,-9.948431549843695,-11.758359829362652,-14.213308491562248,53.476973100654206,-16.62160614132494,-28.050517157317977,-13.637780376247,-7.0130912524479,47.332780726478234,-9.623521260386847,-13.183451677796754,-15.563081756033071,19.967915590583708,62.010073600204024,16.600045305770195
2022-07-08,-20.249269106448452,-26.830034008698146,-2.6118648780944387,48.58495458120249,-5.604244361608957,-6.4788960920769245,-6.822625983441721,0.902479231262121,62.68017752032443,-2.19788313125181,8.954735411892623,7.951003188701988,13.001048916164915,74.54030802339483,9.528941970394932,12.05004658226596,7.7086398958134295,13.467779789200328,69.17219621317402,9.981331918973325,-9.884544369797322,-11.074400492304392,-14.316932199929,55.74389865405351,-16.949657981653555,-27.48117379908386,-15.562575105408506,-6.442432580245338,45.55342556182146,-9.31711279589953,-13.26369215869243,-16.615945406906306,19.268715240979482,61.79578540487745,15.604025943197009
2022-07-11,-22.641681434202642,-27.962980396090398,-4.428887139258276,40.497356316627446,-6.773078687134449,-6.045778465800256,-5.389672527703359,-0.3077681146436251,65.53271622176445,-2.7530434743131105,7.098935253488126,9.092028540102337,13.258408702071002,75.12894405003644,10.4803788512293,12.467071951958818,8.270155549637659,16.03075630346913,71.43566212597351,13.184725635011741,-9.204327287112879,-9.684992654854529,-12.78619389228438,59.81646196620043,-14.925395383363805,-27.55734109238599,-13.474188430980371,-5.389840556029113,50.02875318170925,-7.710461604304852,-12.107484132145663,-14.125400384157638,18.211451877289587,64.95221261900113,15.311932576340404
2022-07-12,-22.444323797903365,-29.040756869096697,-5.814932034705212,38.015079762537624,-6.862745776513979,-6.597451599700532,-6.9088022576016765,-1.786499954626597,60.65812917310263,-2.8791302112252115,6.116056834156058,7.15803773307726,11.325333357626555,68.36680689113672,10.08683327875477,11.259316161234544,7.231037299982823,14.734419420753376,65.5532354124694,13.45799308349347,-10.024673326484102,-10.155180130200813,-13.85540764416293,54.47414864112759,-14.813770679864312,-28.647657170326912,-14.966098988599851,-8.557734848729758,47.36891681648027,-9.575034767682167,-13.004062332557954,-14.06957128518206,16.055045326704388,65.1571939503201,14.763926958086016
2022-07-13,-21.610989106880552,-29.473438977633425,-6.258478555775849,37.13304173672566,-7.660199498945608,-7.734573416609902,-9.179380393988035,-1.2652400619486137,56.569146910093345,-2.7416251119432467,7.96965080256935,7.819986534233059,13.199047706451728,70.67097504639241,11.50637754842132,12.147317851964345,5.196183206949456,15.716809577037116,65.23439413144727,13.986491219046426,-8.165726693950958,-8.923117358797283,-11.542262217091803,60.22442799453804,-12.86497451923314,-26.053043901999473,-14.797685334366106,-5.762502568658734,49.238522600688555,-7.17163986178464,-10.287183748847006,-15.459959353038432,17.041804347037726,65.77687342080264,15.291673286094444
2022-07-14,-22.795940660131087,-31.29648451709224,-7.462436574304432,33.95886085780084,-8.907228091486964,-7.5065280617242935,-9.86156105284689,-1.1996794498745023,54.283271500435156,-2.7422515659034197,7.085109355652941,8.051282749891797,13.024680655919774,69.84684195051526,11.260023215213998,13.24509525690367,5.536726556975191,16.266326610271964,65.59371209929704,14.451057262323586,-7.636456045452067,-8.179800422253102,-11.41488400591778,63.10980267166335,-12.797965852887405,-26.507467969575227,-13.189907708418025,-7.646579045294255,49.13113519996611,-9.088495541023978,-10.008621330780754,-16.12612036188902,14.065274029353048,64.75233615336312,12.28436977575187
2022-07-15,-19.20467061890848,-31.395100343869597,-7.176414271547449,33.67859150565705,-9.23888122670784,-5.5714880539940665,-10.444508640085504,-1.4666601115792766,54.634836005267154,-3.6559933064416628,8.007628665874078,9.227637323742744,14.711568300597921,73.36998098149414,12.162767614458403,15.037576629132454,6.1459395666494165,18.427029174783094,70.64084719253377,15.795673874791284,-7.182899103443097,-7.963886594027869,-11.412311079882198,63.42821603360479,-13.3806597446954,-27.34642231614043,-15.027261296174144,-8.206090686122147,47.13560032505449,-10.245679042455503,-8.33697319714849,-17.233226939277934,10.715696122960372,66.15661333167196,8.255680568948076
2022-07-18,-14.090120518922234,-29.227991766389515,-3.926900838614966,44.419555551431785,-6.678045766134943,-2.704619479752546,-8.087483663246653,-0.8821670460533171,61.49046454557903,-3.72050083291241,11.042286062462093,8.856115317461889,14.81571707865128,72.78378693008315,11.527859391143046,16.896131836921626,6.182958292810881,18.20286561162787,71.50071172064379,14.818013691742472,-5.982643591325165,-9.520218331767483,-12.078793869774962,62.44931380754186,-14.596501556713292,-24.734718830761626,-15.839527511580464,-6.508231286125376,53.3270886927041,-9.185457351561055,-4.87804611561894,-15.621275029048654,11.633408542710244,69.03943493161128,8.436679298677664
2022-07-19,-15.003853933346168,-29.568972785224148,-6.795192358835234,44.68659001047197,-9.570706251094386,-1.6371957378395696,-6.906486480103046,0.14607435839757432,64.57462017277943,-2.8361411267421532,9.959628403619035,9.688627994764133,14.98800345088258,72.90218519586514,11.56381526683754,15.579748401958792,7.694294888069875,19.784292195355402,73.78850509905641,16.217276979331263,-7.162544734941678,-9.180294965694102,-12.578753737419868,60.74838201572878,-15.182040945677954,-23.872425288560805,-14.99471875510151,-5.829303746773862,55.20868133324974,-8.633580503621207,-2.9820838354227996,-14.452510403134433,15.575291118430368,74.09501766602303,12.133614297036189
2022-07-20,-13.692213977496381,-27.467113922223398,-5.288708816887255,53.06260032809449,-8.70920096624015,-2.292470130969193,-5.871982844094282,0.17949901498555132,66.58103980517373,-3.4384771061969466,10.37799436970619,10.427388429062034,15.938997078108375,75.64671445831505,11.75186770466543,12.81045597396362,5.302891570226187,20.0009572672885,72.4605729131209,15.66713046458963,-8.029634118139239,-8.302646206813325,-12.137247210855673,61.798972962353574,-15.310404839493174,-23.18803011644819,-14.294200818396007,-5.411022834566326,57.75922958259943,-8.82709762108952,-4.225348139821272,-15.67525037897144,10.723833029671571,73.2051611017288,6.725048968201808
2022-07-21,-12.5939393355326,-25.593073590409997,-3.5963966611678444,54.87031710023267,-7.554949485059392,0.4334831163316677,-5.2585316513256375,1.2564307219289361,68.33700768787531,-2.90139031265072,11.932487566587714,12.745200767518883,16.631334279864184,77.39197179366336,11.842184479673845,14.083950288439762,8.47159917555771,20.644480951064146,73.75167927069072,15.690542154013043,-6.765731646286721,-7.635276538957914,-13.551712028012798,58.36806360970543,-17.101476794266667,-20.9691541252077,-11.555733837908589,-5.586773467306905,59.685501844265744,-9.463596859375677,-2.2539625007687247,-12.86183123077852,10.174824160250328,74.43935221912648,5.6507934581153885
2022-07-22,-11.264647206952494,-24.445100462431558,-3.744702054999316,52.91890365506201,-9.312084799530584,1.819719118001295,-3.4236476293562634,4.73143551498072,72.05353939423895,-1.3262049406049914,14.354923365087902,14.542913863196194,17.474521662390142,78.48805748160015,10.679824240135405,15.734898505129857,8.156554632372481,22.53246289528621,74.71484345846301,15.445215396889523,-5.108016585349806,-7.784650510649249,-13.990214870505069,56.43669607224672,-18.96499967522721,-18.58297761357448,-12.187343574465137,-4.207527400943734,59.86715448513428,-9.74814044136777,1.9130434782608674,-12.432754464100315,10.081402629931112,75.10100907603463,3.714321393053499
2022-07-25,-11.382050883487082,-23.037895703840906,-3.5432868985556754,53.40752618541762,-9.336723757159271,0.8833930413376434,-2.970740595301924,6.714858245274002,71.84166445624024,0.3052909560733674,11.937269667702544,15.554343684501193,16.993256239606414,76.38638486194213,9.966342081814727,10.71089799106646,7.256198510150358,21.536459450378608,64.55442092534695,14.236668889368275,-7.105717991120352,-7.180287909159489,-13.746618347533957,49.76119624737865,-18.92721702622888,-18.43660927691596,-11.36311205770798,-0.4832843593273961,63.19157095814845,-6.460512795812567,-2.048582563868784,-13.030511755015894,12.424516731812396,72.40959511592742,5.672012752542721
2022-07-26,-13.215970740416838,-23.951871824613235,-7.928487694963593,45.024149366680874,-11.613838342763461,1.053735878530837,-3.1026491673847856,4.992314092392647,66.50721037282601,0.7897819185701982,11.065779487571238,13.544579632096521,15.26447727264404,66.6316091731357,10.65078075186021,10.015820893275752,6.182022617683303,19.936890465344568,58.55749934479863,15.136171047299518,-7.607714917727105,-6.8046970097743635,-15.32376428874368,43.446727897650455,-18.713103860986823,-18.478853104622438,-9.898504631951234,-3.65586303533203,62.064910303654926,-7.512234226435366,-2.739721990543875,-11.828176844390558,9.382495959378744,66.74269895355079,5.004237774519837
2022-07-27,-12.644935201623342,-19.938200627528936,-6.742087780370976,49.90983108776687,-11.145306912840924,0.9926667542544898,-0.44332784301213124,4.993242054424374,69.39596158421178,0.035933433732515674,9.298043515707777,16.958041236015365,14.983191605440481,68.3861646943165,9.554202502648113,10.134870952883258,9.458578087492576,20.83057714292169,59.91555119859745,15.125500797119539,-6.313425850797483,-2.8437633681392627,-13.48759897346824,55.3656518929245,-17.57232540932081,-18.369640669230204,-4.184159706234036,-2.9913315436922217,63.906140279251865,-7.5716445144166755,-2.527278100481589,-5.289920285869554,9.150982003265028,69.46267522845892,3.9973636040800287
2022-07-28,-9.358396493684108,-17.415277047310738,-4.266307707010375,56.937063760310984,-10.51571917478359,3.574578833980868,-0.8714659017638016,6.94841488544955,73.32119624988741,-0.03308383706696061,10.646749545155343,16.185638623965403,15.85479232187026,70.06753244208242,8.291893091817283,11.785420171097005,7.471742381918389,22.151913914889533,61.47950196223946,14.177944110258277,-5.958613830101611,-3.295492943248368,-13.594216983485508,56.45705816608711,-19.234710714916282,-16.518890194786206,-3.701809582282134,-1.95455705156935,67.62488092573636,-8.35487757456349,0.687321192781698,-5.057377390962392,12.487405352869096,73.93133420100628,5.1443261907196725
2022-07-29,-6.379500655645531,-12.913348595788399,-2.476369465480077,60.64625241844673,-10.500721747388264,3.6712130252807063,-1.291937257959097,7.741801425969763,74.0052780353541,-1.1233132687026748,10.975746750063276,18.129490292751527,16.849457450368565,71.56077021195478,7.234954735565435,14.672302087909816,8.490179725144142,24.259617317624517,65.50990986073789,14.035398445678627,-5.0794019079326125,-0.5553482185273184,-8.860343551816918,60.28106636961386,-16.35941537865421,-13.787309322572028,0.7326594880412429,0.36407366946507036,74.21394536229474,-7.893993418040523,1.4054418323447893,-2.4128962885117566,14.3672397078052,75.68824562051965,4.9569766167482765
2022-08-01,-5.113232934828071,-13.682961618601407,-2.4509137500183353,61.14497607718603,-11.624384901016748,7.48243723151838,0.5672665674029576,9.759681749040961,76.37728512112133,-0.5620681798855554,13.037518451786955,17.51518883703458,16.959127655574346,71.8367423224619,5.9603451488386305,21.505021955022976,12.705117287927292,29.531317593729156,73.26271510005895,17.350252134521817,-2.608554561877008,-1.6652496798898575,-8.578029614744265,59.80765169018031,-17.175309611272503,-9.424295016693474,2.050842960854782,0.819659110344606,76.54464363344613,-8.66137520639062,5.230733539290622,-2.7917964502088943,15.708072538845542,76.39018863086999,4.826938679194126
2022-08-02,-7.660232937523393,-16.654630886861987,-4.434270342093649,58.82825671767492,-13.067739741442153,7.922009023776799,0.1281067876127473,9.606098286427734,77.0391808269127,-0.2957870329773571,14.40986393616599,17.36146816664268,18.917587141324766,73.73240040550066,8.174495937980964,21.65155153819287,11.279962324304705,30.803532108427056,74.3227855058175,18.986657002389773,-1.7534658828842642,-3.0311306471190624,-8.189084690676685,60.276974489194835,-16.48334175004966,-10.217698292055788,1.6443010676716607,-4.255901642429983,75.37677310154261,-12.905484984672654,5.151225700415152,-7.33992712129099,11.949685534591193,67.0135021006862,1.8360790378963987
2022-08-03,-4.239984873182568,-16.834666977061207,-3.4878602077460297,61.94640979873819,-12.507907274456286,9.823456022216881,-1.3407129117497085,9.84520117544594,76.3762203062005,-0.4209569139667857,14.337306613160106,14.63096171436382,18.22996925222602,70.45571808218014,7.180168785193186,22.826083222626025,11.219779659931174,28.57043728541573,69.87925294294277,16.554214267272194,-1.0833902954785257,-5.902429975885736,-12.085016105668844,55.23330656013734,-20.301570979520957,-8.454502104455164,-2.906773487405079,-3.7640730915221354,74.51880457666792,-12.758305237773115,8.195519467657974,-9.628566127217796,10.77386501056461,63.294879337687725,0.4209137827969167
2022-08-04,-3.092412355541152,-16.78138970870735,-3.3118485499039285,64.63694551281895,-11.638141365993393,10.153503373450047,-4.004393508421467,8.774275216790395,71.89540521516943,-0.5928132292055466,16.60200914733747,13.96631321261792,18.315773707814454,72.03765678463463,8.12701984419446,23.486432921376444,11.290015479057436,27.12489330258108,70.36068575182796,16.177542774344577,1.54360273269456,-4.8469490372195505,-10.311611202785741,64.8902154956779,-18.035119989840354,-5.425888766720888,-2.7570651118804967,-2.7839709488989173,76.40569485785912,-11.1557219044926,8.338497224979413,-11.897076126545148,4.500296299932693,58.1348096990813,-4.4987387763603675
2022-08-05,-1.4909306447780102,-14.500039612053694,-3.825658029763268,65.98621089976972,-10.82832207291875,9.970098969635078,-2.792615669801979,7.706189347345083,73.09589745625868,-0.13613370802202374,16.30639510506753,14.582619818605913,16.577524678150635,72.80349965082658,8.089260307634882,22.26698977385699,9.594374764811398,23.802042938687862,64.40264559920087,14.78774560329008,2.726595910210805,-4.977746657408966,-11.661094665265903,62.820328896403744,-18.093243441398933,-0.6744943394182301,-2.876805005391214,-3.155828657584059,74.24702543170844,-10.20726444134642,11.96624573321583,-10.063668230486256,4.5481646210745685,59.0948564239653,-3.064215751608068
2022-08-08,-0.27470913303550004,-14.573510668552526,-3.2586960360966644,65.90309726663747,-10.24886996065295,10.215988730533198,-1.422956529830588,6.132293853437587,75.27866210538467,-1.536438762823833,17.2405283151563,14.583671365267147,17.80596127825591,73.17766328411041,9.293732013785604,24.57792615375698,11.827678772203608,26.165734099718453,67.0315763381488,17.049458129266128,3.0467451909684584,-4.713075660277943,-11.333835721685414,62.835313555959004,-17.74052949294118,0.6008022193759732,-2.7703919718672254,-1.5955121426043384,76.36477453715773,-8.705861671661175,11.333923724571315,-7.3608628587966685,6.495083065089613,59.61204124434612,-1.1998633769472633
2022-08-10,-0.18718116830638287,-14.211213082644324,-4.8381634346745805,62.067999522725955,-11.568512529419639,14.18252053498723,0.7695706734499153,6.845597726255237,75.61794034961952,-0.7110888393802695,18.220686638552806,16.473985337809548,16.67550593785092,69.77042869032861,8.423596200603733,27.42232300509575,13.53876167020973,26.667741453013093,67.52680134905205,17.709127897499567,4.235599899611997,-3.220816441179697,-11.173979551990298,63.169423148089756,-17.456226174055832,6.150135485698072,-1.190597055133813,-1.282047955908061,78.75356496512734,-8.263904371835329,12.788583085076223,-7.133708573953113,6.7386722175419855,55.50908684229451,-0.8104520097996337
2022-08-11,2.0551989880222887,-12.420796474846952,-3.4168970549606326,66.28894977186705,-11.187736502292001,17.386068373659192,2.238851504390782,8.57488566946374,79.22135225954878,-0.1607831879541166,15.157993500022759,15.537612662361777,15.84055297546123,62.876016009633375,6.520306356602434,24.11751707848422,13.068907815755404,26.089563439070208,66.25599980555154,15.944706589454526,3.046044541054682,-3.2020052046240033,-10.35508734070949,65.2157505031796,-17.56769702401817,8.390666554178306,-1.9870310786905154,-1.4123447254617005,78.68344338915819,-9.344465534038783,14.553252676013262,-5.137319569954901,9.158503054026944,59.890347493422944,0.3758777740483943
2022-08-12,1.640622343003395,-14.570953217076232,-4.946088258563663,61.47751960008816,-12.679561058039345,16.20562114182189,1.1190082990788497,8.363694832133906,80.09087707969887,-0.45264603255957825,15.500212955154446,15.207640606169171,15.713011834398905,62.46529537177239,6.298739310813328,21.36002548630964,10.647119838227148,26.220822345932216,66.26087125983145,15.951646901633264,2.0284337636071514,-5.204747241055996,-11.48695026216796,57.13013158604734,-18.688266336441295,9.207175104566945,-2.197991724101922,2.1188101066381693,80.98344572902712,-6.189454390910598,12.357414448669202,-5.085653104925059,10.67415730337078,61.94429579213607,1.6698399698695576
2022-08-16,-1.0250258531540823,-15.37228900668184,-5.689709612969818,61.67647680993902,-13.864830973482412,14.394972249755833,0.5862404619269679,8.895864904180906,81.12425513364299,-0.5435812855859923,14.513680659670158,16.173981120530545,17.589861203292536,67.8689600882654,7.396791261956115,21.43540805179047,13.499601438052,30.42943275501415,73.08112172600448,19.123387175265893,1.4741891438709853,-4.98933159767494,-10.818875804072059,59.63640680737018,-18.54938443019033,2.89744478558831,-2.7403524679054825,5.743457356932868,81.87294417882268,-3.4227279387069043,12.381896141597903,-4.074705371313825,15.188584870171585,67.4546172778598,5.203665337054986
2022-08-17,0.5957941482548357,-11.990297279741014,-4.461950140116833,64.63864240239323,-13.31070329876798,15.507697690492762,2.452024537587638,10.208522908457041,82.24120628703496,0.0009876214511539416,13.91664353945734,18.00901624658524,18.805325630470637,70.66648150715514,7.80155276741743,20.943308450770658,14.207251459615545,30.1156708979494,70.45999450775547,18.064331609186034,0.7584506274000313,-3.9307033327509733,-9.179809565824781,61.2232299734189,-17.59159364716557,3.745865738162979,-1.6766825471425162,3.035680217265324,82.52090577174201,-6.507504954647414,14.475518939781562,-2.056944868345578,14.97013396087823,67.65636020341809,4.321577312203617
2022-08-18,5.878742800938053,-11.398093675800824,-6.903992376264057,61.15614553536427,-15.15828009225113,19.03159529340146,7.444341041558111,10.348923637070362,83.17982753803092,0.5649190583645325,15.32003906203505,22.043677047916166,19.167837662255714,72.69073248373549,8.601910683605052,23.675837169193812,18.22924808607067,28.990090344419215,67.54234848228313,17.553280696069272,2.65776039717065,-2.387539993877763,-8.471630831516574,58.836517928875836,-16.58692505922651,9.146768360534118,4.513899324073267,3.6035862953373465,83.682151210001,-5.582348005370241,19.35819119617248,5.018292755675247,15.356602717704426,71.4659595961758,5.128596027888244
2022-08-19,4.330410504679971,-13.969464538552812,-8.086897648310565,61.31833406044354,-14.449690653523628,13.739923251692154,2.137404220793848,7.78725395134765,69.53766856997223,0.32555406368031115,11.412234418262269,17.856434184681103,16.566126618435018,61.91829431420544,8.496698907741207,18.61589667652361,12.068163172663727,27.1965892510865,59.632771907987554,18.391255216369373,-2.0324503822088724,-4.169756298425453,-8.890989972561947,52.01880473598182,-15.198118737472077,3.1000534372471744,0.6457959113848277,1.4475919186768715,74.4761352306615,-5.575237381394094,12.305200749436551,-0.0665671849170324,14.15536885856441,61.4929543638171,6.252828699474233
2022-08-22,1.3741720008366043,-15.295260603555905,-9.512719193328978,53.521590048919336,-14.311863218626042,11.826079775675113,0.906231538298452,6.104110514134886,58.861998001523425,0.47670184969164087,11.373037089331174,17.635123900358597,16.064183246852526,60.995317708621975,9.908525494574771,14.21971513706113,10.30478452575625,25.840042877065006,50.94701138513209,19.165906086427032,-2.334902016821405,-6.2334703929541995,-9.861159380360363,43.54731245808743,-14.641823298543388,8.89995404663917,-1.7902119944556483,-3.004295869452034,60.996624397241,-8.148624992924635,10.660287200567398,-3.6638837509224698,11.730281451276237,51.68591238108568,5.8044794170955205
2022-08-23,1.4943119337399002,-16.389199364336772,-13.338122806919095,47.446145014357384,-18.085484798187103,12.853547251729736,3.1067163891719263,7.890722677946749,62.4677855177456,1.9804385640848077,12.961553536623693,17.406763576044693,14.565925155732295,61.52596969748922,8.28997157389364,16.277450474567946,12.46775551170658,28.126148610235457,57.11801227822306,21.10736217609679,-0.06342624204401792,-4.809601686755071,-9.669368434523285,47.67814966211516,-14.617705821512361,11.754153496560637,-0.07249123316259709,0.6922512548227067,64.22533238866356,-4.823698571158197,12.461736250896838,-3.04596563265751,12.966048969510723,52.93769980237317,6.777737054841126
2022-08-24,4.693264619707049,-16.307268483181414,-13.719581338978138,46.37977377712667,-18.797420926052133,13.683949488158653,3.8281523531287887,9.799045160728937,65.26260471017474,3.337069815772109,13.363098220316672,17.8115936708789,13.941800050822861,62.25605634550163,7.236012203482289,17.271485350542616,13.072159052672516,28.26195361382775,56.70382694051073,20.71338540237131,0.7984023544905128,-4.275935838523837,-10.143658206203842,46.16829780931821,-15.43195069007327,14.781706052812925,0.893844372432584,2.2349402877405167,65.76269853820423,-3.781866712406301,17.901232390668586,-0.03340621302547753,15.907038374051808,58.261592536836694,9.085590854324476
2022-08-25,2.420472139010088,-17.009142936788123,-14.220416713809147,43.670384554426334,-19.468048260085226,10.986922582892845,3.357111064719809,11.180320769371942,63.94249328284094,4.378779700468538,13.15972772293832,18.314074349995145,10.97003427629668,58.96174713274564,4.18135764427372,16.046912381257794,13.345838908095553,30.018073608321806,55.465596967547796,22.064118616762517,0.28469042404937195,-3.3511414326633626,-8.153220982751119,44.23261605601321,-13.772017863434415,11.224892807061693,2.494277162231784,8.698542627918338,63.60456003150946,2.048826232987766,17.99223114171795,2.8336009219905645,21.973759949576532,62.07346488728707,14.51192199224125
2022-08-26,0.17457125538349327,-15.9332632495781,-15.413419452525257,44.81676463539086,-20.531570910092967,9.47356113081872,4.322793560510041,10.997347454736527,64.26538403424941,4.281137484021835,11.835592394013927,19.20046309068395,11.118484830278398,57.77593237058007,4.394945098374858,14.719286534238375,13.983017030235079,32.48233578862787,56.929918733853086,24.466115536788124,-0.7063958312410135,-2.8874121323671287,-8.17591525918331,43.73457291562658,-13.731992477510612,13.262979858246183,5.482590795454567,11.555874232223019,67.53511145933791,4.805869011460606,16.99110296749511,5.523255813953498,22.734645663441544,60.53978151291241,15.308237106308376
2022-08-29,-6.971836764434613,-18.86408753843496,-18.20254356933172,35.3566762379253,-21.4545263044706,6.837733296465864,2.3658691046017033,7.18130837768447,54.08494489526721,2.920151862759579,11.19776064211977,19.482862793859333,12.295980310591048,60.108374473529956,7.8314822059945,12.139512614477166,13.850532024531791,31.055250250104606,55.296617165134386,25.844948735119424,-0.9896527683688428,-3.3179705398912684,-9.587020970752846,42.34264861314066,-13.181526957437162,10.414038917799417,3.625489867830911,6.748644734305143,61.254644290000506,2.504689422935824,10.901882887661518,0.9130917420827833,18.900250123343042,55.22402469857079,14.173189191655734
2022-08-30,-4.2829886979675935,-12.719714483311106,-16.65314307240704,44.44711595308914,-21.93128303723878,11.41067565705207,12.230712499898821,11.101195239415617,64.75046196617481,4.065445118170219,13.193604088049593,26.15794205212254,13.974804103827454,69.77875533958945,6.7570757970852435,14.074448543820584,24.57680496040522,34.75196977158037,63.92520319318764,26.218477529526616,0.7533069181217433,1.5943935446764312,-8.178298755467983,49.94008797593533,-13.993128598405436,11.285923728962533,11.6859448161726,8.413337645820729,65.87724059184063,1.5478025645600413,12.509108203305619,12.495449230608703,24.01606752530958,63.88628433118688,16.162452087174128
2022-09-01,-4.832238472185435,-16.81798541650452,-18.196534474294744,39.80682738157972,-22.42081954133036,10.33230290018916,7.879327449099116,10.342370525424084,61.85837695510999,4.644352414866271,13.172524924422557,23.247967629500433,12.481419889635026,63.70896457326705,6.6729424699413675,14.729312381086213,21.760306080953228,35.88051870213638,64.99805927517525,28.863724946936365,0.8940231039678448,-2.673283951499561,-8.747980488907292,44.063670901024445,-13.460183582997775,10.160773139856838,4.631854182522832,8.774769790400526,62.2399316379059,3.1577017023567855,15.008598670465133,7.942365926693107,25.020029961824108,66.14684033692558,18.564065752311176
2022-09-02,-6.869535796179149,-18.027882124165473,-19.13155964341002,39.01719751543928,-22.978002911158946,10.69071276610214,8.881852832118952,10.646742855275804,62.76902199363706,5.383918232006812,13.427564777522448,22.951037303141607,12.486123678177208,65.40254207502727,7.135810363993933,15.048209454182526,22.180948558619164,34.989313885009544,63.11341849845449,28.5686541650805,0.04640495211150064,-3.2600732656073883,-10.341822424230418,42.25236523891563,-14.606342575902342,9.08097948812494,-0.15516593083122476,7.191362826194214,62.58968706578241,2.092890615210763,13.765827651155238,7.092120219958731,23.883368085756285,65.39739447529519,17.990953874991945
2022-09-05,-6.912837558666308,-17.447806615139385,-18.389880723337516,40.166291302461595,-21.7841811505319,12.84392514629622,12.532086068186121,9.513965237633126,65.6099857447035,4.959097504506915,14.322954673540366,23.72835581813879,11.764058512234188,66.29651048576122,7.115605662079627,17.407578792620605,26.147920927125433,33.021009346967546,63.74659492701275,27.488444600657267,1.1816761869742676,-0.9771820270108811,-11.650203517753555,45.20208561578773,-15.324818315528809,12.328295664900214,-2.4597941973408255,6.354718219967137,66.35090456727542,1.9312488182822163,15.890375550353397,9.333333333333327,22.610847735572605,67.34284253092859,17.511258903498295
2022-09-06,-6.9651706100798965,-18.715041631010386,-19.749493332417323,39.341580369169094,-22.128520239855998,12.337230313920111,13.513503845505914,8.900294811889854,63.714988745973,5.671944707402021,13.835417823785235,24.298668446622184,10.11694826368188,61.917678894055776,6.852530457954109,17.00543076606995,28.887744083531498,31.798948096484402,62.797804538124915,27.891767233534036,1.4952757205220601,-0.3618388531883343,-12.17692884156224,46.80080251540027,-14.780444483466903,12.54581955073213,-2.343702824966787,6.126414651479073,69.04926084698043,2.9802962463743254,17.27385680471656,10.303033148492148,22.337132146009097,68.13322663026435,18.710446892047905
2022-09-07,-5.176186962131535,-18.56561141670984,-18.40518200957183,40.59630059101335,-20.942926861204935,12.744026256876984,14.67137510721428,7.878756096393946,60.85239780932238,4.523533735136609,15.846692285808018,25.953379290739818,10.014579699780569,62.917763687735,6.592929402448577,15.05386426845523,32.09166611572532,30.155117854683656,56.18815237978012,26.107060779684453,3.393007136266646,0.7630814798372576,-11.337757371589884,51.42406672201086,-14.095311776465058,13.58491235329553,0.9359167560540227,8.08826254548125,69.10669837861352,4.726524158750123,19.369881815630908,13.723134162875983,15.97893939628332,68.32746216515996,12.371786839299691
2022-09-08,-4.647607934423792,-17.67493554599664,-18.967253000819873,44.333062818951106,-21.53771762908424,15.059741049461728,22.322542448896264,9.170593240660985,66.62631440508531,5.707559359129188,17.53378432930548,30.094378020653156,8.66094965450348,64.89637017884402,5.214082333525916,15.542052756778201,38.721264493616125,31.219413759480787,58.608540373065225,27.056962477732394,3.0212407777838735,1.1405300166392074,-12.23190375687312,51.1150574420683,-15.016022464897938,12.402299473921307,-2.031402497128354,6.336125938615433,64.91625130355717,2.963005063981372,16.821273964131112,19.96697759995001,14.221788863686168,66.8465255059074,10.598524456098502
2022-09-09,-3.486041462105638,-18.061333680104376,-17.67536965076818,51.844080471433955,-20.028543969655534,15.192193165468137,21.887864284977976,9.941338331874894,68.02089722600739,6.7987656552751075,17.085843990999926,28.908254598159424,8.977842127342228,65.48897583035614,5.862810109172756,15.765918159029702,38.28033064199792,30.567170640015796,60.63668360668258,26.83502739762913,1.7920840618180112,-1.2109896917280372,-12.400897008394484,51.08119813031478,-14.904837307220697,14.154438667151915,-0.33083553580737224,5.3493788945815135,65.48283154923286,2.3380631817284447,15.97582086113334,15.647674664982404,12.492516675115596,64.39700594838314,9.277020897194266
2022-09-12,0.058041708186529206,-17.802634054541823,-17.743567197344532,56.02875304313244,-20.305082508333562,17.661046132933087,19.986579110127312,10.881093239810301,69.08603635491016,7.428188605416719,17.348057718493305,27.357892064921742,9.342517954150221,66.48933026145124,5.937525489261741,16.34280857797963,34.821280121442236,30.380384168531304,61.71782533495149,26.320259763409503,2.38380733083956,-2.634148209123799,-12.19689762842766,52.4350385126821,-14.931139600927334,16.942469964311925,0.9353334120578705,5.890086344331502,67.74503651892587,2.5926046980790263,19.965034149660397,14.694995080830232,11.448789583823892,69.97182969764849,7.978206540245303
2022-09-13,4.3068860625757655,-17.746924853539493,-16.69308735715197,55.84456361742797,-19.956898131385582,22.35310956209331,18.55660279338034,12.07690224749527,71.0482243785676,7.68593648615028,19.34686220829891,24.545950381040306,9.832995320432936,70.14112140174123,5.529941682735151,18.79424777406573,32.38534343799995,30.646528858884814,61.96596329955703,25.528039468527375,4.541968755702097,-2.534594578004057,-11.411066280965422,54.03716078780116,-14.881816872691688,23.177998046874993,-0.04950207113115779,7.892820114037646,70.64692882664342,3.6657789528756313,23.643155922750925,11.992053741724362,13.907360520895207,69.0160434010925,9.444680789544858
2022-09-14,0.6593155518943128,-20.399757240006288,-18.86069339087428,44.978457195887934,-21.7912403115205,24.298164772368146,19.85497759600947,12.61198081285093,74.18820223570415,8.544720351916046,19.415311712199458,24.061000138860035,9.733888414420534,68.46203370585984,5.770577385247333,19.074846204922324,32.49145506606037,30.908176791413556,59.793679211811806,26.180103920005273,3.795066459160279,-5.34965150151131,-11.618912064969821,50.23091833232186,-14.81101384541853,24.669709825698494,1.070266025159139,9.361531349691909,73.8167646144169,5.411668917690937,21.803069053708434,10.704320429169911,13.204180218951823,65.28747256725175,9.115531010460609
2022-09-15,-0.2808080969810778,-23.020013296949593,-20.30886180859316,41.40500041240009,-22.57401681527691,23.606577161312913,16.69977394423885,12.338067404339782,71.12615462988896,9.144950307543741,19.577863779880822,23.749216047703815,8.535799394587285,65.03017233716344,5.450758636196107,18.81678452718227,32.172957507224396,31.67237420984921,62.90995726608456,27.929695356812868,2.100095080912756,-6.239192600889421,-12.637955382415122,42.018602128728546,-15.121149590086635,25.723062599534472,1.6693599454105756,8.65111937154035,74.05223081565005,5.562800737727991,21.43592035116417,11.573467378336977,13.002870450032699,60.63704797699445,9.790856873884168
2022-09-16,-1.584584617293594,-23.908592606607648,-23.97736373059668,33.99237379783892,-24.73863229461025,25.01663945969048,16.429804541622772,11.803649094666714,64.78038509484456,10.684079877201548,17.944549202806527,21.157671705133694,6.405878878429405,49.08210539486622,5.340361361655432,18.234220991593418,27.865628745077696,28.006498868960584,47.544510145143995,26.724679027393215,2.322096105209903,-7.297927587648556,-14.121118191094894,35.447061245436444,-14.981084330680993,29.999156085153487,3.8501852917472323,5.109347141531417,63.78973561575073,4.056812716399372,20.293881763093413,7.742469279430564,8.1013607659963,46.30615867281906,7.018865186829393
2022-09-19,0.2906623752996884,-24.963856172493305,-24.332443191439822,35.25177617029259,-25.37263190950213,24.925432081739185,14.423491107306985,11.720811810133803,65.7514211085236,10.185005277993753,20.381053941171245,20.35101715025627,7.872826840781633,55.49280377993203,6.38991788748795,20.71018593538705,26.317624886988746,28.055952243168814,51.747088106453425,26.29558938196166,4.792034909526532,-7.513554829152492,-14.165274033085595,36.85379055778365,-15.345229053896503,29.31839045406224,0.7319831332590621,5.158897397953899,61.77777756080937,3.7132963597973356,19.171188949186014,2.9744881279251123,6.63428522920253,43.587968198638606,5.168402291622232
2022-09-20,0.20173547700848005,-24.192285782357935,-25.099236609811694,37.84359486551005,-26.347007891109897,26.87335559762054,13.834615055908994,12.52583986586484,69.72426582644077,10.651272704817982,19.139527166588778,19.570479965158547,8.583614166327202,59.36718206132797,6.774720514996857,23.58642610203223,25.674637002411128,29.07982528284938,58.28985187792304,26.92948539720772,7.6199138659358345,-5.8714505028600765,-11.990696708797277,54.67317556959783,-13.456843062496704,36.67067568006439,0.3525387893738907,5.914786603989852,65.80412602588443,4.150352931921297,23.31760275307655,1.4309511274611886,8.161816655709607,48.95368145237982,6.359949726090064
2022-09-21,-3.4785248710008987,-24.12391969528871,-25.12854606886493,36.51699663977798,-25.50399296893061,24.137620985504405,14.395232689657078,9.38406417056845,65.85999917081708,8.83555194523893,19.246600980766516,23.10082066219634,8.516827958535899,64.64868921961705,7.972664535457885,20.49579887344082,26.559566066949913,27.744904779627323,55.74683201783627,27.104321139528544,3.9278100786926062,-7.2031913537256465,-13.234100731699982,47.90579420100484,-13.669192962467347,28.710482394878987,-3.190548597261622,4.355519066659519,57.030945341204145,3.8322227490221072,17.434296676609428,0.8266268183645842,6.5643418637470585,45.138349251981516,6.029969286354864
2022-09-22,-2.567446595549072,-25.749052283210972,-24.865974525900157,36.05194624825843,-25.056263890384358,23.702939203279993,11.780523864224879,7.454400146450113,58.33006837863709,7.1822540796598,21.960020522889835,25.617592522546605,10.494280348791584,69.4336652936974,10.214435281872337,22.417607309778354,25.98955355534722,28.684867807528104,58.5383113186163,28.358952064836117,5.643663572145852,-6.662404807354183,-12.137112700594589,49.402071375504946,-12.359640016021267,35.85147247119078,-3.5256288000143354,7.334815225258318,58.17403433448881,7.062972027088588,19.725989651626307,1.5684905424780293,8.826018879795638,44.349709494211595,8.550398961372373
2022-09-23,-5.121526241314256,-26.300233885663214,-24.88047609394981,34.56335229451088,-24.578951527724925,19.348877642938756,9.402899234828688,6.462528661753253,47.304754988156056,6.8898618782694765,20.200577325043877,25.327841494872082,8.950634298226202,65.70681755053243,9.387954598442505,15.264756371319166,25.13558869774839,28.334300389547206,50.52243629763558,28.849425382952788,3.986494718701583,-7.067241766689536,-10.545316351593392,49.31670645984367,-10.186251447007411,33.26000658094739,-5.821921831972265,13.530798599665662,53.60141099773827,13.986503362168445,14.287585235002132,-1.0870768714004386,7.919443248391356,36.952005901728725,8.352624419153297
2022-09-26,-3.7229383231917046,-26.76333356439168,-25.889229185143282,36.79777425588007,-23.51255576742901,14.835499731835666,8.695190851243861,3.707176897164133,40.27375186656558,7.032983495147471,16.30157249436637,22.739939786579534,5.568121206899446,53.21204226723257,8.953606807329617,8.728980289426547,20.955295003009677,24.009564513106298,38.16156400425122,27.986452518453287,2.4395618459359225,-9.100513679915478,-12.630131561804436,44.25569854950029,-9.828249439366344,25.707041666432072,-11.079224611021354,6.131010344715637,41.6394083400454,9.534547351658752,9.133611400067121,-5.757743727992947,-0.22664480574647872,29.548755886735293,2.9730072620850923
2022-09-27,-4.7336528326151095,-25.304476320825454,-25.85849944236186,40.561053886288015,-23.50771077052316,13.450850601675523,8.328261562396676,3.8287029009105744,38.56713815060153,7.1207773363533455,16.0483879152618,24.478393247988972,6.53114440850695,55.97176840524963,9.908904577777378,7.220147219136064,21.012341254309064,21.830701053892977,36.90412214336765,25.693560987473774,3.080216513687284,-7.4156398276714715,-12.112597450163076,49.33128583626732,-9.325970409200124,22.76643469391044,-11.8696389308923,3.692541674241756,39.73778438963455,6.980298874845925,7.904265923148457,-7.146834362623555,-8.249917722378186,29.1587231898003,-5.340817522944985
2022-09-28,-5.056102221748137,-24.86645134938704,-26.48036217234655,41.47584087834895,-22.27487442939887,12.23871439756341,5.738793596259462,-0.03136685329238054,34.85903798792977,5.68706258678815,15.171800660519086,23.290318276657686,5.814482273433552,52.93562139944097,11.867307360391454,5.956449085963622,20.301585930212916,20.86580358826542,37.16491125143976,27.779597923372744,4.018572880591376,-6.317901597264464,-11.64841006484475,53.34238002675361,-6.594501483123249,18.41589170201834,-14.35725849956948,0.0284915147104714,35.79774233806111,5.7503449873405055,6.463632357228355,-8.148558758314861,-16.12674526843142,28.183312277820846,-11.329007478133635
2022-09-29,-4.694542117700562,-25.805084049741676,-27.71778541974086,38.94856997802115,-23.269049009886356,13.158596429844094,5.022269679923141,-0.4825470620719141,34.19670213198013,5.642430138361743,17.692199740926263,24.455850900242204,7.946654092917105,56.83122392331148,14.590421348441707,5.458416179697068,19.979355424216962,19.83210209388271,36.30864763011699,27.20738021382081,5.432415977174698,-6.514229203213128,-9.901572502629497,58.85823525649932,-4.356305839097363,18.727137806640258,-14.088877387418774,2.6872430022821803,37.49925443867237,9.007310524073242,6.6290485387171305,-8.69565363071062,-17.055655711547825,29.58750165748087,-11.950699719672041
2022-09-30,-3.0966073796656057,-26.00514812041005,-25.12390504472397,41.453655687244584,-21.79169349301997,15.577650192649607,6.3236328267576525,1.2069310989685889,44.21768392893063,5.710944097001303,17.897724827255402,23.836630168789608,9.04958849722297,57.3112329458306,13.902623350550503,8.530352834899201,20.46213850241432,17.966766314262394,43.39899489351013,23.216642415097354,6.6825184516737135,-5.628704754518743,-8.369180588282887,61.67760410021097,-4.291333377925499,23.75722105535758,-10.277727777106882,4.79157755346038,44.359200813646176,9.455118106069316,10.044124950200018,-8.294583237213027,-17.87720123479456,36.64501941472425,-14.222489555891771
2022-10-03,-4.757477540376098,-26.400988555375204,-24.151140390539105,38.78851198458889,-20.282870244560534,13.387818936387008,4.552880330995945,0.22308452288581915,40.18460307944617,5.334433167993313,12.269450578979768,19.812611091208467,6.868606175709946,46.78311153136605,12.318874524375723,6.2252622083964315,17.901178582831644,16.315517345432195,37.62997885906922,22.247575461771586,6.998260954338931,-3.424219693894759,-7.427880007039834,65.51229199861514,-2.706728364648525,19.108915049771102,-12.917010052951793,1.0723466304527252,37.96321981669806,6.227007400142259,6.987737999492416,-9.664542977612467,-16.36708811845331,34.27623863174766,-12.101833532973805
2022-10-04,-1.4115883507949234,-24.341282321088663,-22.066651919686976,49.450687987746086,-20.09511781579647,15.229867430012245,5.280305113458028,3.621998787840641,49.14508849496595,6.243396553441527,11.398134659717174,20.633230868102892,9.425994149139981,54.614722763407144,12.194219621691582,8.539528644726225,18.86043420096819,19.098585750903286,45.20797422206429,22.111505499854122,8.309325299723769,-2.5511983545304595,-8.132620967903215,68.18206920384975,-5.808587992826042,24.07229244096827,-10.929110870114867,1.9085856425259395,46.34690447693418,4.486638004223975,9.080487351567857,-9.756609205344247,-15.424114774780762,41.629083641042236,-13.284539789289141
2022-10-06,0.8434675604941821,-23.36298374318899,-20.2673575425374,54.27422810774067,-18.950044280615387,16.166816972937603,1.6763264451044702,4.963909269819622,50.42425637596385,6.6980842004708885,11.102370543089446,18.567153249712632,9.079796239263782,52.65806686500009,10.881972333833744,9.740510730007678,18.33328181089966,20.62659699379321,47.78215687949626,22.619545064531255,7.800143046898955,-4.3602806534075444,-8.837659420039401,65.9980485902164,-7.331508908372852,27.728763233717512,-9.826522346733125,6.160841083760293,53.57706058955992,7.914791279642008,11.560542832045218,-8.190696314169998,-14.918255297306438,47.54926935611404,-13.512566144283378
2022-10-07,-0.9783059020462614,-23.947839827958774,-20.261299795121968,51.86543576638389,-19.26011154231979,14.141018465430278,2.9162355600445666,5.244068581665418,49.60923224290272,6.565498763877309,7.543301783655898,16.348972489095324,8.45144875182553,49.785681599920004,9.813150362344913,6.774903254361275,16.691356424015915,20.43040648579886,47.207915362939346,21.94251425710656,6.516422063090022,-4.8847678526169,-9.960138585760614,63.43197369523607,-8.829610356679252,27.141878400348986,-10.675486898846309,5.191707635313425,52.54487250891971,6.512480380618779,9.432311364433899,-7.654244382121201,-13.338603226607537,48.43522717435958,-12.25049453913184
2022-10-10,-0.5984817266696529,-21.86666403865185,-20.208730942293485,55.098602856818,-18.124976003877357,11.949503176522436,3.880397160647031,4.027326445244106,48.9190425079159,6.744007828688869,6.4371990515310396,15.271266304317322,7.129973966670966,45.25273335420869,9.927681221383189,4.783681979563137,16.38243881509196,19.287850875204594,45.42965925062904,22.403061991529682,5.1550899960771,-5.306192153359158,-12.043962848378865,58.54313466109745,-9.7469843826566,22.18412423491145,-12.089154497121102,1.8777894022871333,51.90259436382451,4.538335465646548,5.592705167173251,-8.328058093819434,-16.013923169479426,45.87229152480973,-13.82062051343036
2022-10-11,-2.763867143560561,-22.453473354364718,-22.717568228292574,48.44618177775014,-18.90089640957713,10.216365135127559,3.075561361558554,2.573987867827876,45.841300340449614,7.639709013674656,4.005836097519255,13.31928353297882,5.286372982499543,39.18470719217549,10.486048037292273,3.0000990689931006,15.41165898658685,16.8008755085578,40.49652583105928,22.569206029932577,3.0310544116806115,-7.153095876311976,-12.969315863908538,50.58100929527103,-8.671216646650858,20.55193571825482,-12.577151254638629,-0.2473942702651888,46.61851649384525,4.6789900373193305,2.4087576390472876,-11.174424717737363,-17.47058943206189,38.976580940581215,-13.394790206950535
2022-10-12,1.1471632250366959,-21.75425525210907,-21.043426596751125,51.01564388758104,-18.634648902271145,10.287403564092301,3.6196714689241904,4.256228654596028,49.492231020088404,7.436838795960954,5.247412069957624,12.718857708775744,7.541933587198968,45.67197104487878,10.822782789241913,2.822279573046327,15.641207150062254,19.21684815811524,44.00433007826237,22.85387129972054,2.184666020954107,-7.220745076857737,-11.219790996538126,51.02752318005276,-8.511317490898252,18.477084085167817,-14.172050092494848,3.035172891742355,47.16030701757092,6.178531519287711,2.5536565701446134,-9.863011126020805,-14.758343356844783,43.62522914116538,-12.157822686907682
2022-10-13,1.634840769479462,-21.176411984306,-22.960134509297735,48.822282072247134,-19.44645711384535,9.938878672536067,2.685714362862024,2.3065572500025056,45.47208448035308,6.972612094805863,6.067430052269396,12.554574356794923,6.986084037243101,44.38005114773441,11.8655653644139,3.7613549233960653,15.444173927401916,13.877610384680716,43.11923490996209,19.07140431082763,3.345206771797349,-7.014812605654863,-11.640066624225698,52.0608463699891,-7.610097223466483,20.070132384066717,-14.327147505278381,2.5494889479240834,47.447521305060334,7.226623557861855,1.4372978379562973,-11.753671601353988,-20.501268600739444,41.49750341474669,-16.875445869799787
2022-10-14,3.7265680804088985,-18.689769248389297,-23.207376569281912,53.89535939419738,-20.03704490976753,12.856976699713197,4.127970981107554,4.0511968954180855,51.33874525048608,8.346880373734479,5.368537758173497,13.76604227327336,7.9005612065599085,45.58448784207382,12.355163093955369,3.1315765132649442,15.65929691807304,12.626195940610941,41.00785778382116,17.27589247042578,2.599767044854495,-5.778249520658674,-10.777617538133732,55.11675273364427,-7.094131661246683,18.361031215408552,-12.475620210001138,1.5092977506121263,45.818522906059,5.700040637318948,0.3463883584116756,-9.976428997349752,-19.36072795053819,39.82409618626182,-16.031589997473606
2022-10-17,5.639756611411095,-18.44181961923308,-20.35477306575667,54.59985258634591,-17.437289387837605,15.20654061437079,6.558529314211259,4.247809799737823,55.94346789921069,8.066510496022495,5.588627152865477,13.069696853778634,7.105620437340954,45.90794744366249,11.029005572489403,3.691613143794892,17.42566607811058,10.434660481297131,43.95619350134302,14.479991655966584,2.0548729708749214,-5.738502545787883,-11.172837204677922,56.26824442924486,-7.919010106851065,17.268775094674126,-13.816207901859812,-0.9538013480065,43.4016774388163,2.674359171464391,0.1436624236284212,-9.879337535127931,-21.070016846577733,38.92908981130661,-18.178733257937107
2022-10-18,6.91133281888634,-13.620636503265793,-18.79724053441737,57.76080149028385,-16.45221207821588,16.25049064300843,9.773608444123717,4.665580071935094,58.67179416730516,7.68818380201588,5.342200682945197,13.777612942095296,7.123472294544664,51.45569059498444,10.217056706097738,3.001217380175736,18.490104372658966,10.949284373791123,49.44651516627235,14.153353185787676,2.1697298146402755,-5.1690187922057484,-11.080237973856466,57.22441990059254,-8.512352674855606,19.548917779897735,-13.14343415056859,-0.931498229804073,46.84589483135607,1.9294692704792782,1.2976219540550726,-7.147533637603298,-20.290395839432072,44.319611679371924,-17.988487736563798
2022-10-19,2.6988316111899335,-11.771557534351729,-20.47648795310233,54.25865319874644,-17.527094181630353,14.181798778177246,11.09361560609079,4.497000547083063,59.045182231106025,8.372619148652284,5.8616313779832785,17.551175545129325,6.661463952901792,53.15309602883642,10.617358874308813,2.5171823354471323,19.838620618341608,7.169754041175236,49.09329043346622,11.144500590004958,2.4249892826195385,-3.7027327746125938,-11.292357633923922,57.74404849210698,-8.002339862548657,15.859575961290574,-12.79796439124734,-3.0179301048616103,45.041884577636644,0.5789723146957027,0.48223659457431456,-4.419333244514368,-19.776507821658818,45.54184752719224,-16.801152960357012
2022-10-20,3.971487074456115,-11.628242978523174,-20.457917781428748,58.237488559296445,-16.949969745161685,12.25967553134717,10.42176490823541,1.928408792915759,56.2925716685044,6.423633854819588,6.753391754016125,17.38563288097581,7.018235341153978,56.78900093112645,11.737930853752964,1.520860783714184,17.3375554693197,7.875221986464687,49.380299711922646,12.632712142297486,3.209222325243166,-4.183184394387796,-11.131027974946262,60.33656528198251,-7.211747423002446,16.243241741384495,-11.506839296328641,-3.6134368843452003,48.63171040081614,0.63738287512487,-2.1447427094176574,-5.06286851919151,-20.89012404199988,45.19618837364467,-17.401237074550014
2022-10-21,0.6771734595079293,-13.107760557063097,-21.95043566972291,56.87279871471971,-17.950552762308458,13.376895520358833,10.777764055134465,2.7699548123467643,61.16903431268657,8.03670792207809,5.528111026126803,16.47981244687553,6.5081347337539786,56.64416332120359,11.966462032281576,1.4734726912101648,14.472687235569627,7.455484650599198,48.217816409683,12.9623617235201,2.107543489163355,-6.091318660036372,-11.089036888309689,54.47718859922653,-6.532529178320468,13.903142156046044,-12.50875275067871,-8.071996163777829,45.99824238613128,-3.3608711957862303,-1.9301526145331316,-6.073945086760513,-21.225544959580812,45.358586572415874,-17.188512863876582
2022-10-24,0.6753027671377865,-12.003683789219311,-23.101303200913424,59.01573257198048,-20.11743035866076,14.098779931432382,14.593378878375574,4.4622588851293,64.42180842238994,8.515670845309709,4.557627326585156,17.033953207249052,9.873427650746569,55.885012781573344,14.13680727223543,1.6953728166893889,16.018098569835402,10.044000055770685,51.78255195351575,14.31399833775937,3.235517690240486,-3.749120400336048,-9.199234139425894,57.76385851803552,-5.675924244916364,13.73155131768593,-10.116992967109317,-5.087432070639575,48.29837788433111,-1.4045733796422932,-2.2831050228310557,-4.4856071925320045,-17.070331283375097,46.38526565955391,-13.852440778064379
2022-10-25,1.9692426057715817,-9.517232833370082,-22.047914607579678,61.00910587195607,-19.353684986896013,11.932297734985697,13.969151156087346,4.060290963087088,62.451583589997036,7.656889012239088,2.941225126609459,17.718359104616855,10.218823242768881,50.271174349977095,14.028276406756191,2.5217236109113195,18.65341276679797,12.698702938252326,56.88829790777673,16.593867283636122,3.920336343283015,-1.3879316726831736,-7.513036240272674,59.72261712439749,-4.3164428966290025,14.101609389001935,-7.101867140484497,-2.7042150098342765,49.626875927067644,0.6585838757701579,-3.21956630181669,-1.3681145267210093,-15.763937851115328,44.40122032875487,-12.852517423697973
2022-10-27,1.2624015407924682,-10.26333652842154,-20.44184382614439,58.558396865770426,-18.463086868527377,12.451263575920013,13.444650213245946,3.170358128313211,63.61318077608008,5.7363937654403285,3.6984316461646793,16.07719307294555,11.689027378277483,52.53669011221374,14.466937911187383,4.4729040992326,15.662890285606078,12.303804938292885,57.699646114481396,15.097006114334421,5.919303788683772,-1.6070232366981352,-6.647167969133627,63.81925489919536,-4.325312174855767,15.511124505086826,-5.785210191287948,1.735568457350234,57.54855532254187,4.265918249295986,0.10285993303573715,-1.9478298014864337,-12.0317350933264,54.390561256208144,-9.84380333868402
2022-10-28,3.2805898599496564,-10.368942676471216,-19.992567070189594,54.579885290858215,-18.516730700613838,12.585934526034537,13.772292912314587,1.6546197935547013,60.11418275874879,3.5297653835693055,5.131816969901659,16.76547200706797,13.0400688347579,52.40288444237784,15.125233158828145,7.44838016230196,18.210217472084157,15.36608228390557,63.57012632458938,17.494152812045428,5.723587062808311,-2.319562041725165,-6.461456457312087,54.548626919344805,-4.736021963762571,14.164439188593159,-6.931839826782982,3.39624956825626,52.639192757275644,5.3035216803915874,0.7042225236634447,-2.054793206223593,-14.580887449487756,52.927561307958726,-13.005225934769172
2022-10-31,3.044603083127817,-9.985320205503657,-17.93380195152935,59.37226213351939,-17.418040956573087,12.29930640062673,13.41406428052414,0.28039480969936914,62.40331445871696,0.9106264694030308,5.376305616806465,15.174240368302328,15.082229043802453,56.41296340177042,15.805485711771361,8.561340662018658,19.56389244283423,19.178943711847186,67.89735022162532,19.927946980529775,4.618751326646331,-1.9862759643916927,-5.246754876667037,60.22413538363654,-4.651259664968787,13.52998774513836,-7.325063055464631,3.8153794518756667,53.28127463665825,4.467827410610603,0.2055954075349753,-2.3268786606568392,-11.642666308656057,54.748121941687046,-11.08736744724892
2022-11-01,2.1198009033025267,-7.436974963789334,-16.75570862034833,64.69542932602701,-16.19143075271928,10.464405020747346,14.41304226170188,0.12427911953547532,62.18090335570727,0.8029792896384169,5.42503092442832,16.649369924854774,14.778553099427615,59.233758110015806,15.556588399134942,8.343226814418436,21.111931321422283,17.155147596542175,68.63870309252425,17.949292825865392,6.566798611532132,0.21689461116884967,-3.4257573738919467,67.64868144642944,-2.7711214007365426,14.290719291578524,-4.588839131028665,3.5382040840048257,59.6523978057316,4.240045808528703,-0.91763108727686,-0.2366169674295593,-13.938570918363101,57.608471968653305,-13.35519686493023
2022-11-02,-0.04682440239426322,-6.423337894982062,-17.928307388779274,62.55010154816504,-17.34690832882182,9.749579221491512,13.778720069061666,0.6661880602218506,60.37603728626813,1.379311248565962,4.81543516487517,16.31971188354866,14.346108534210234,58.752828269989,15.15614081082608,6.17904356638701,21.7579535925007,16.87647414427429,64.17231775230576,17.704431629207807,6.107678503716252,0.7180430573354935,-3.812544898628878,69.08886044595786,-3.13114922861939,10.753224901151937,-4.516664800693759,5.813411913232724,61.2219707975244,6.562998235384843,-2.6167020714325973,-1.2480364646275555,-14.885166487742985,54.36464683393846,-14.282209699378967
2022-11-03,-1.4519164955509978,-6.490909557942349,-17.522831471706613,57.24004937093355,-18.415778169495955,8.957430744341032,17.11010210886148,4.529109794740505,61.64868658527715,3.397415714068308,5.020608352389977,18.71268954451173,16.889676916029007,60.171361026419966,15.624160011529241,2.385427973443166,24.403436737876373,17.77610964098848,61.73411422086104,16.50099569055843,6.212187111181344,3.441584259023278,-1.601159748610581,69.15839557372234,-2.6664838987556894,8.795032515173462,-1.4581323125640755,9.454332881442017,60.765377040128826,8.269315417224753,-2.4190835827023527,2.6851141402843837,-11.037258367163883,56.26946388257085,-12.00042172236656
2022-11-04,-1.1424758090526677,-8.715192438347763,-16.611179478330364,55.71451168287275,-18.6617072236665,8.50633206325313,17.102213480673267,5.478236432935679,61.092857815326,2.8845308380873513,3.9979223132819985,18.98388141506555,16.44977372180567,57.64112335772337,13.58627846595628,1.9046104375318507,23.96853968620871,17.47518215056305,61.98727903047993,14.586472142660401,5.021360680301945,3.179846951032017,-3.294096853365369,62.33525612674836,-5.6720911252525985,13.673164678856642,2.0583836729393568,13.674192280866082,69.70631640678167,10.87894846110229,-0.4382049903440932,4.690447781987972,-11.159018057324577,57.285923601209866,-13.343614232887735
2022-11-07,-2.296799822700002,-6.4394007308328005,-18.556812747945596,56.30373793801982,-19.778945466914788,9.73288288543037,20.51244437759141,4.835932405459564,64.7646299277014,3.262769229516671,4.892298984712129,19.931029503742902,15.636912256284008,60.01759350924121,13.901670073882698,4.059785935426263,27.812559274333147,17.712112692627624,66.525492125232,15.94573014800269,4.321085002365566,3.1908804913120203,-5.832613973647904,54.29166717500777,-7.245685433712912,15.679392968394644,5.899276255460761,12.035754918792229,72.35477819084105,10.354551537631384,1.3813419427548101,9.690069558246183,-13.704698777732139,60.67648565223916,-14.999642095589284
2022-11-09,-3.881756290394456,-6.854128734799447,-18.621500739222974,54.45221517074183,-19.822886998175647,10.667698259828008,21.90434673595916,4.618987406647257,65.55350815832577,3.0745031136508505,4.660959908592632,22.03678204630839,16.082244467717,61.384344249742306,14.368528748224541,3.0566148554543204,27.26093757452186,15.798202370619506,61.796235757122346,14.08867994881029,0.7483267170285135,2.3034806413766207,-6.5296013961021915,48.962496983030434,-7.909499692600708,13.232266568970164,7.088409736900969,12.774778533604803,68.4871669563461,11.109890749762297,1.1453442079515597,9.579345927927463,-17.675024164847606,54.51324657918518,-18.890383204832183
2022-11-10,-4.896986653206881,-6.314906623301542,-18.965040512638176,52.4870860800257,-19.859525687908107,9.712789855247884,20.65126358616385,5.587773654460371,62.740456231910585,4.422268065006674,3.85736162128274,20.79275335294788,16.202190304014774,57.08367552573285,14.919519994578167,2.1586445157872447,24.90629944322851,14.731342103597411,51.72613165266552,13.464907403071669,0.33501118163024035,3.0707414930181143,-6.517717849142213,45.85748271490468,-7.54959984258462,12.918500133635224,12.156871242077894,10.94381977390464,65.62545684785806,9.71919274004951,0.6850879291652179,12.73331296747353,-19.35985479716792,53.890207094909115,-20.24998190862528
2022-11-11,-1.2538500111643591,-1.525114703704633,-16.251373048104888,64.77237700673507,-18.22713566514006,10.198535856797552,21.456405861140592,6.477418402133939,67.23972101606176,3.96544763324973,3.587840431843836,21.44693139255478,15.010031498157472,55.91480595118414,12.296762886021085,0.8736899013847887,25.666350913916936,12.715004673991714,50.37457666293388,10.0558793758333,0.5826810967717089,3.647179096034736,-6.685807427691614,47.07788919862664,-8.88723687236882,13.747357009747695,14.430753655143768,13.14946558529735,69.51521575934007,10.480090666836306,2.2001809763328772,13.783471534564296,-18.210015512429713,59.52369637611586,-20.13957065476356
2022-11-14,0.498803543554871,0.31068870894812584,-16.580941503765935,66.9526573033946,-17.766974330997687,9.895826956807753,25.481825182051065,6.690203866353994,66.26533951436522,5.173307291271523,2.5630682528258175,21.250763526058236,12.340271871542852,46.606763805085464,10.743043939920916,0.9245925915872588,28.600460363629242,12.241808304531698,51.4208238865876,10.645980305069958,0.5339434395024378,4.792159046902,-6.00234917877448,47.24309949140904,-7.3387859783060065,13.870752982812927,20.87395856984049,13.460020904919112,72.4267264888026,11.846872641231743,4.2548299262622935,17.58754547158723,-18.412525609829768,62.87942128035054,-19.57251739902073
2022-11-15,-1.2185026874631744,0.811653645657362,-16.6125475614446,67.08903628607888,-18.23989008950192,8.983700196300127,27.931680828572624,7.630148985503116,68.66528864313824,5.5296996538207965,3.372413765198856,19.04159752454435,12.695742331111216,46.49452348501133,10.496435734455755,1.7951724062366559,26.345640496383215,11.807498605651755,54.284534819821985,9.625526472964797,0.17442635714699506,3.225784002731702,-6.065408091831371,47.953578554563215,-7.898582649844277,14.424749610505238,24.02574880577617,14.370134910405351,73.19583343063448,12.138151811791097,2.815620814790254,17.77863790237837,-18.583121834792536,62.32844090711281,-20.172007745865695
2022-11-16,0.21950019413026212,1.8637237063614975,-16.15613868667015,67.85859851282635,-17.94349591121026,8.946700120353634,26.60218958837497,8.9998874856404,69.93099300744197,6.676261959336727,3.4222618330971954,19.452932660264686,12.829622310581668,46.483357833963474,10.424355694516496,1.4098090361737148,23.07097009191834,10.793672939515652,52.32653410677057,8.431808055672384,1.0455534825870583,3.095195606051604,-6.561570935161121,46.43684004465524,-8.553462155611946,10.389597281117414,20.553360800016172,14.15346615022235,65.13338155875809,11.719978245038565,1.1054695761950173,13.599491481998571,-18.310241735276524,57.299830476181064,-20.051678464433643
2022-11-17,-0.7609736513256915,-1.7781993278179975,-16.58696706506039,62.89576340865592,-18.725509780642447,8.201920254114569,23.77755664839729,10.108490313733887,68.51507007921727,7.2855296611960885,2.050549104857713,16.86183991337664,13.757654005166575,45.46126676179612,10.841136121154316,-2.43471403301887,18.478803130899824,10.583696177187086,45.90728615032691,7.74855220027022,0.1113387820325551,1.5871692701411755,-5.609863211624777,44.455319696099835,-8.029836833840598,9.541186790075606,12.715082194796201,13.636687120445345,64.77905346834294,10.72327058452036,-0.80752077355849,11.474388984535565,-16.321385532252663,57.45881691975728,-18.466737225189878
2022-11-18,-1.9422028794697122,-1.3579802623180037,-18.339193054045722,62.67370801973212,-19.2531460127797,7.540854465784164,24.217965070110758,9.563070318425781,68.11893247638429,8.33683344873901,1.0887098011683305,15.156865202833414,12.423305985827259,43.89722833865058,11.165057176157722,-3.1782754561646143,17.099396962406367,9.126556960876432,41.25242421300077,7.905205576523211,-0.9079847400658703,-0.15642072862356304,-6.6299323329582,41.184293763037566,-7.674936084365658,8.806647444734473,12.882398372210568,12.493230272669354,64.06023365545437,11.234198865922519,-0.7847945755823482,13.577121276772397,-17.598463660074138,57.839148937591595,-18.520706909420703
2022-11-21,-2.696133432081882,3.02411061881398,-19.897683124914234,54.79192155704426,-20.120435234706214,6.784325940005442,27.107086689693993,9.41596156600426,66.29756130746858,9.111692760374645,0.20380176865146815,15.555063341253028,11.030770508326748,41.75267028084965,10.722011169678304,-3.3186421484062034,19.57147870950273,8.628331487044694,39.04908478057831,8.326252958409164,-1.0911651092901486,1.5375947337380458,-8.442253364038777,38.81839488288495,-8.696861245890242,6.944783123031284,16.72677470897055,13.654147573578168,60.71205331384479,13.33809303051041,-3.53760744183772,15.135766941973783,-18.82384795787998,51.55189166293732,-19.049586236591377
2022-11-22,-1.9616369182838156,2.283826655223109,-19.640372214081513,57.74653737311277,-20.719515703553824,8.90347141319683,23.86672480379857,10.833371403305403,67.43739200434479,9.344998267919834,2.1161705328629044,13.769907293025675,12.404315286225632,46.7605250971302,10.894846061792762,-1.5521644333460483,16.77478291601613,6.413801172546862,41.17043376895885,4.98477811844209,0.2843715288503912,-1.753858563583488,-6.974883387941844,41.095952209287965,-8.22411078875488,9.613735565482507,13.011819942575276,15.439419028926626,62.97396623256968,13.889191621136622,-2.8197117809845906,9.13851777324628,-19.702800988655355,46.40538851406304,-20.781106126737882
2022-11-23,-0.248482809838102,1.1222746097988345,-19.79015342257322,57.04870537640243,-21.408641050238476,11.570790209412184,24.765240865928373,12.322185579662781,70.11698923124823,10.055729833515459,2.2465288270334227,13.875064473085619,12.407900600784405,46.761554576533115,10.13971528268165,0.6222554791957879,14.930453572823321,5.910811046917153,42.44768076582463,3.7737250826651136,2.293410087283787,-0.09504080791959968,-5.4687684827382625,43.30621742516285,-7.376235398174369,12.521679504069617,22.536057272438413,15.350837538997997,61.2300640789134,13.023269149779404,-0.06832573590902502,10.584677744978555,-18.157238121453744,47.553951637347794,-19.808674985710994
2022-11-24,4.215785349112289,5.7730942664248275,-16.186712609700894,65.4697329938653,-19.448261761414443,11.31270300468894,25.62033388257423,13.427205456763346,73.14627027778467,9.013246557669197,3.037198379408812,16.392420009993035,13.830033576473323,54.06223986137859,9.400398837031677,-0.6200830947914016,15.556433661120694,9.347981015494632,45.53238732939693,5.0927629489144755,1.6131176925081814,1.548668310532042,-4.400507238198692,43.931243522996176,-8.1207102540941,11.253713432254742,24.330645679705665,18.746664047567975,62.00793212471254,14.125701268842894,-0.24951935766953648,12.181122448979597,-16.540144311243377,48.57890911964015,-19.787939857744107
2022-11-25,5.110040488641121,10.043132830654278,-14.499723702798672,66.88051776992015,-19.562468896241104,10.106556704497006,25.173482307091156,15.769822247832499,71.09659516255833,8.914720293617151,2.5649071128132084,16.270756389874986,14.995321868294864,51.33998727364277,8.186080562063779,0.3457692386225286,17.676974072560505,13.868933851798149,50.101709103760655,7.1263895875350425,2.5660407727973844,3.3849304572350913,-2.090540621642123,48.329485134328515,-7.888073288522557,10.722037008219964,27.08864305446179,19.06355662665533,62.6610271028661,12.013422110943939,-0.880029442646435,16.863666832387693,-11.918434266400268,53.844844326723745,-17.134025874532433
2022-11-28,5.945754087572808,8.510141547726647,-14.631280279313986,66.41302754169695,-19.50338462911403,10.448321759421763,22.58319336523382,15.420491009697823,71.44058037087294,8.833292816445027,3.3177639859863994,16.914100415970236,14.758646860734647,54.00111635947144,8.209220977616138,1.230790697180617,17.475206983211656,13.798372586245744,53.059684104714705,7.303750810358123,3.181864850713678,3.4756137392992326,-3.676811202552477,49.67942410964447,-9.174101412152957,10.02137877301248,22.371160605134467,13.944543406367726,57.24817783007136,7.441579470835902,-2.2505214019712727,15.336790727210193,-13.720927866854392,54.13948916917335,-18.644987218007493
2022-11-29,5.764930515444444,5.949565682400748,-13.214455680477599,66.77392365317797,-18.8220786826411,10.429850167234545,20.89148952949902,14.98719669885158,71.76772693741167,7.557332033962583,5.400183087704824,17.87491914050996,18.074062432759042,65.37006233739532,10.44474082570559,0.6071551310666168,15.41581056875403,15.021870835046736,51.84593794089929,7.589765710813601,4.02926291343193,3.294404536940676,-2.3922107483131283,54.380630135528705,-8.699109996221166,9.227131386009946,23.713903821476535,15.077820748858839,60.531771884394544,7.642100437025934,-2.2148733428030143,14.39989821441683,-13.953264578778713,52.34043543123053,-19.51314965632813
2022-11-30,9.80076945320727,2.1456390408364667,-13.905144528013258,67.25855329618815,-19.51419284156678,12.943383121123663,20.666150434951746,15.699951857057792,73.52489938316543,8.16214235282775,6.061998650177891,17.938567391273107,19.019467668372126,69.81661119015438,11.265392924352868,2.680727032207675,15.14566684291938,17.63996896601543,59.605937140458835,9.975768057402302,4.77014283970667,3.7332822206695315,-3.1128132140751164,57.013167839362694,-9.42497796151882,12.93733399823649,24.69867191353794,16.717642164162516,65.57327832778307,9.113530509014268,0.56970235884648,11.533693530477684,-14.371317587261867,58.69625194765486,-19.94999489667736
2022-12-01,9.548750777337256,4.856790162779223,-10.072338572422213,73.77753017667129,-18.610032656074615,9.41882902278266,21.904256710316773,20.08340326254896,73.81795200719787,8.682735822695964,3.5359639243822683,17.196089093311095,20.836469147644564,66.48636985951572,9.364305951650298,-0.19368186611967708,13.853507023115164,22.60446930112372,57.81147809026106,10.964452919461865,3.3170857445441015,4.095380499059531,-4.902836377946851,55.58230206470466,-13.93132081020344,12.304957166168574,24.979608975786416,25.19089171460436,69.22035778904815,13.305321484584255,-0.8959465251930143,11.501086757832457,-6.848620299515673,65.52763018217642,-15.692372830469314
2022-12-02,11.510474231148349,6.122022194834376,-10.950869684836139,72.32211424306998,-18.772397553597397,9.675267962846256,21.00724885536165,19.81102001071895,69.43774834931786,9.287556966420428,3.809077097186764,17.48335365162672,20.976232532739903,62.31032511492247,10.350424387689028,-1.6568542853647283,12.828414852330706,21.881224882652674,51.73015689649489,11.175927776162098,4.236958943150149,5.168861438975392,-4.116476301323136,53.51259204221618,-12.53829524677469,13.872371385928183,25.44268471142759,26.199403425580915,70.22116818283936,15.1148240768465,-1.035883378271052,13.817243713255301,-4.385059787939993,68.25914041672476,-12.783288011974857
2022-12-05,11.337568677692644,3.689194542783003,-11.848760477973963,68.88602282327423,-19.946206248296726,9.923512080620235,21.675119019570932,21.396786194976492,72.04715044685318,10.245452439089009,3.3998509836216995,17.28393295430919,20.767137680375814,62.25097543073374,9.673642529242944,-1.6118767204419293,13.193774148705284,22.67165283589525,50.21225995230113,11.403211668413714,4.3718489137141825,4.420282620220473,-4.463941672139937,51.42883744770072,-13.23974625089399,15.830456269318072,26.34899624413638,31.106171904055557,74.05844704559811,19.06294797545227,-0.17118183376456653,13.571081221184556,-4.317066867730512,70.15442124123891,-13.106363154260647
2022-12-06,9.363213995962338,1.8031126634848516,-14.073216856247706,60.27363416604383,-20.875593615983114,8.372660511313178,22.291963906435974,18.62689871833625,66.8349369364565,9.235823789217745,3.501245994062585,18.32568254434168,20.903494657015532,63.909797378110376,11.332193461557294,-2.055697999543793,14.994033544067896,20.59507753296783,48.86899759967813,11.048192118016797,3.102130911471046,4.320464240714927,-3.6210860962562985,45.912823064122975,-11.250903716340622,13.082739801298926,27.02391430997284,27.181425900098223,70.10489081883273,17.113133521859215,-1.71792282153036,13.899468340816657,-6.317598379782796,65.97803040700877,-13.733947139301083
2022-12-07,8.810393800080728,1.2315642304053132,-16.51315142695711,55.97286539556951,-21.725764333765685,8.652641497282087,22.05736812095973,18.05195226237355,65.78425005164775,10.68122093696704,5.044242339724381,19.577552167254765,20.668942424240555,68.64975190520202,13.134815822477375,-2.681598294934684,13.867815129666038,18.370940603583264,44.91429915297261,10.980292815010028,2.157483764784085,3.6850198162151626,-5.06896950145681,41.689817702898765,-10.996115193157085,10.628713516180422,24.50799228521683,24.130212433359933,65.68671972527557,16.3799768152443,-3.2333089424885664,13.482030705448423,-7.932042168070341,59.33598411464486,-13.680428093529539
2022-12-08,8.20123157664787,2.6005335349116754,-15.992642992596462,54.78772032313371,-22.36970765003605,10.495136275662231,24.576665455204626,20.44278002521378,71.76041726251532,11.29987370005856,4.934320917596802,21.56293985561064,22.051647614660496,69.07487798518551,12.78661088320936,-1.2583523240089933,13.606081293570993,19.6445407542579,46.605992518984316,10.562229401070988,0.2551955382546822,3.6568614773457186,-5.319528519299965,35.83531125179715,-12.506797705450856,11.383197680422551,26.514507461605863,25.305064863154204,67.45420708093573,15.793058665094994,-4.064611434103849,14.517959950476534,-8.45254538006408,55.455415485840525,-15.401984787899481
2022-12-09,3.7934440236665257,-1.030468316189126,-16.373416614347246,42.15866798275981,-23.53655727363201,8.516762875835337,24.85910636019455,22.09976209746003,72.14534311499206,11.641152706042913,5.4196008664566975,23.903646323195883,25.35898669204788,72.75350577019104,14.621204300060263,-2.1442583422600747,13.064532651722448,21.526380365835163,45.06586870365429,11.116884711089003,0.6678513208925319,3.7092694951181837,-3.165114401921587,38.850204938057814,-11.45962887545906,11.146133322590046,24.930809630941475,25.406819331351894,62.01100265076707,14.664939774209751,-5.230283156597393,10.711190548662653,-8.569971850261737,48.86325838729783,-16.401526430205294
2022-12-12,1.1365013285768555,-2.3891590410603403,-17.63933920794125,40.89369932179726,-23.518797868470564,8.147947396455478,24.57799246941388,19.36281289466697,72.96197195039021,10.841891410191028,5.423414190001807,23.435894268491197,24.315105845129214,73.2400364823191,15.440656336508507,-2.6116524721002676,12.742514695579832,19.661210236778516,45.31443156078968,11.118987140337765,0.5417950640160818,2.3435885488240604,-3.598966467910869,38.15142891091077,-10.480721495535283,11.333047645612805,27.09161559088209,22.08955698727959,63.14101526383812,13.373982145045439,-4.350597217430474,10.930180025856728,-10.160856202053504,50.76347588329411,-16.5741793465942
2022-12-13,0.8422295308120331,0.9007600834050944,-18.305544381700667,45.7403808803195,-23.302788261082085,8.312098896842656,27.441148650562152,17.867519517490837,75.4133875108118,10.657571963170964,5.062854000099959,23.289218552733647,22.532164112093977,71.5202458218946,15.03688058884638,-2.452452976025332,13.489555906617511,17.472312749819572,48.20342122954479,10.286539964593766,0.6488271956902159,3.0481013167851234,-4.73505084448086,40.88178262655086,-10.56240082170945,10.541934797980312,29.270468899097413,20.145134271018826,63.745714059194306,12.795865188689337,-7.160698237622542,11.374700063542399,-12.385814616424529,47.43031375547272,-17.7451679328935
2022-12-14,2.0505335888322263,6.445733796753839,-17.338202351464304,50.28289407370225,-22.4034866948703,7.77039606276817,31.860430770180635,18.786922612532166,76.40683659422399,11.507991396096218,3.836703462987745,23.92584740361192,20.281070168151683,66.76424873585356,12.91058175799975,-1.960553624556327,16.465222843566863,17.591044280547074,51.745877600725656,10.385393151938139,1.0827266211822284,5.673872481728082,-4.206884803908395,46.39292599901402,-10.076819651828373,10.504314172508389,36.117001953125,20.889735581530687,67.24885523778258,13.48194985295037,-5.651126321712496,16.655924993404337,-10.873629932655726,53.34153865546323,-16.335045238504986
2022-12-15,3.377321186852278,4.058903942568937,-19.064352541123142,43.0766878235054,-23.035778825111407,5.054417316632542,30.580712736879168,17.227971638086625,61.93031081719042,11.475719541522157,3.082437092191337,23.096213574172218,19.25919485706833,58.16944001248534,13.407272793884895,-2.339613979277355,16.288954457308957,16.541898441305737,47.39114601569371,10.823311228040279,1.055805869647064,4.8909408632401785,-4.685373590128295,42.99880806052382,-9.362361103757788,7.228713682505328,33.681726197808445,18.54865646075514,60.00334455379936,12.731599762234813,-6.236223035597099,14.207158003316822,-14.025805390224255,48.02215076406855,-18.24446783301833
2022-12-16,3.4897144624146392,3.199106964661591,-20.383465448527627,39.335407601186766,-24.308945414439208,4.878281598478473,29.636454069482344,17.045921220418947,56.135712433408244,11.274991583367534,2.9044094495172867,23.050894555034574,19.82151084151129,54.02831259865134,13.913731220815517,-4.057301640944766,13.996029178843106,15.6429445446993,41.68854039520531,9.941188438801984,0.9373911309679794,3.0571723169110943,-5.930961833592752,35.53668031457782,-10.56902008135625,6.286822891620636,33.62704887908856,17.98575929952215,56.572897770189975,12.16849110262881,-6.802290001842426,13.175496882471617,-14.168624738867441,42.76749164011094,-18.400526390105355
2022-12-19,6.927165737559582,5.232814317574186,-20.90185152905899,37.992747902838204,-25.606182180017846,6.466786221325571,33.10119827463398,17.6717392250354,59.014194422670236,10.673259737347497,6.456656125834503,25.559823163997407,22.15268687634293,62.51292716927962,14.887704824576309,0.18796327908852106,18.456457910374002,18.288570085377742,51.065629771840456,11.253404829705893,2.426534666057756,4.80497723823976,-6.846324505697932,36.21588023917675,-12.386601988151448,9.85393925348852,42.80919395583223,18.981619744802636,60.614456045082136,11.905235638645717,-2.4870734365022296,17.30208458402611,-12.990970704683946,45.84035347810291,-18.16579781930987
2022-12-20,6.7226389375467654,7.0328414948651385,-19.936367075492388,38.857091035361826,-25.004877770227697,6.002050918864366,32.42352012589649,17.858187966552606,57.87198893297716,10.397054061551646,4.670760495447057,26.00376465265828,22.097871660868563,57.54859623717244,14.36834021553619,-1.4884473716919033,18.91347834546737,16.809363238028308,47.08379342728449,9.414626262060533,2.0117917620299908,6.900232435099984,-6.6133534311352165,35.127085705160056,-12.525291218495727,10.477728626357896,42.86802046981278,20.452877126706113,60.9767031915057,12.827483753612402,-2.744134189737768,15.900971608914393,-12.389910556498041,41.85639170430683,-17.93615744901421
2022-12-21,6.45304107174598,6.667794621942091,-20.453510124243856,41.24501309057666,-24.608923710761566,2.772349267061558,30.390728141627598,16.60608923676927,45.03969122430218,10.51472645958096,2.9636475060395018,22.67040279216865,21.58809945383917,51.278279898852496,15.236482415570096,-4.483362725198237,18.045598340769065,15.985201519425353,40.75101545877656,9.926273174735334,1.3309088341272979,9.05223680685776,-3.5333907202121373,51.91562263469403,-8.57269112771759,6.253219649684794,45.216993227047155,17.80370398124813,50.91288854890805,11.649779240755143,-5.818023926795202,16.142955118952294,-13.080336816982063,37.23180523469937,-17.620916167376976
2022-12-22,7.1550590581431095,3.427643678269887,-21.51282442653708,41.24101693425124,-26.458067949281393,2.925371351427186,27.76910738615761,19.063477844695953,42.19771875406501,11.561642184221865,1.3155064967304453,20.815297763798736,23.732232233519944,48.51329225301124,15.93623224324392,-5.057303427792704,14.401960706668104,17.568229467784825,36.685209456633636,10.160604960875453,2.538664102587007,6.56618808576519,-2.5542880597674844,50.62364935712813,-8.69405257888437,7.293327878431222,38.09775988984801,19.033929164624297,46.94958473533295,11.533955278607788,-5.938397633031434,10.460581182398542,-10.809961316830751,33.778696638121815,-16.42956041526469
2022-12-23,5.4303826149114,2.723513845790504,-21.381285189770395,35.63743488033343,-26.64673423231536,2.553369944736783,26.86153287365256,20.987886349458407,34.01192307316816,12.88478326673792,-1.6981880050378706,19.888910083428392,22.808175654683495,39.61200434684594,14.58315960756913,-8.143310249047541,12.448761747082404,17.593920691144184,29.506524624642594,9.71812675827608,1.3605219379604128,7.080968791109998,-3.0338769844359015,45.81448761452968,-9.528134500906582,2.085809121829274,38.68507487613429,18.187336507186114,35.34889680229492,10.271798847293855,-8.932337024736437,9.031660749741977,-9.455426570215886,27.243594159728616,-15.519604019876565
2022-12-27,7.686046628630483,2.170877492311285,-21.816872943673317,42.06125215327221,-27.687198570620573,8.378163683277752,29.348121966019058,23.843279315654932,50.60830162096055,14.544592966513203,-0.6582372402525904,19.409372362091837,22.628843154769164,43.17439244461976,13.421341898702611,-4.359033108030708,10.240327479202428,19.44743400269424,40.74233059452767,10.478806636409232,0.6668935127844167,4.67997390615249,-4.427510863029882,42.235623244404756,-11.60350462710248,10.06412582358751,46.671461315774934,22.293811080723923,52.84000255894981,13.111465474529238,-2.6788808716728507,11.22595697544484,-7.587786387176654,40.17590062185491,-14.526493065197466
2022-12-28,6.879385578454689,2.9003319731625954,-22.724770841786157,41.471666815689844,-27.701132632949978,10.905904470573248,27.359349630895036,22.26180737262151,50.24510574685633,14.388404817165323,1.4833604700722036,18.026744046820188,22.143475398272592,43.61028883836644,14.277693172412809,0.08813941395779956,8.824813375455932,18.33270368532476,43.53746976800774,10.712327121198207,1.1915385405394607,3.6601687060900057,-6.8170227520022,39.612785746361546,-12.817809972114047,14.494007701293654,43.92702996663316,19.82666285670924,52.15867515912309,12.110078472573349,2.140119901532267,11.469201536900853,-9.788808047204988,41.71727029709852,-15.598218561538168
2022-12-29,6.23255612111131,1.2038757191248806,-23.219995211654286,43.157709206118554,-27.94050465849477,12.756282492931659,27.922961595059093,22.906906102890833,54.90011313909379,15.350469854417238,0.6555036172753548,16.809089295836067,20.307819468498046,42.6492770015487,12.911177596758726,0.8364044623306199,8.116941314994385,17.738709998866998,44.53063170669171,10.500019478586854,0.28813942441261453,3.377231256233082,-7.403717214353767,40.187835408329285,-13.09662683108127,16.730821601096114,43.306267868574764,21.14531451588293,54.628571271410955,13.697182633251304,2.5656426136482446,10.672703751617085,-11.70399644510699,42.175687507191526,-17.13252070800726
2022-12-30,5.741351043396259,0.39496024398459895,-24.136316917326283,42.328670440247976,-28.751965139794088,13.84167441687245,27.774431814157484,23.32210916117252,51.64202545567842,15.819026647759094,0.47037969959884407,15.713545430488619,19.66123522738816,38.8277484743803,12.380885193845725,0.593032724252196,6.584805502499025,18.745853120660037,43.877677702871615,11.521196162145241,-0.848464258785131,3.13601246720121,-6.623925808394326,38.75084578766311,-12.305051392474232,19.683497890081547,41.724281246706376,22.4060965148168,55.87663989783425,14.95874543930762,4.236569171507254,10.974037784541535,-9.532788846358786,45.30297266109613,-15.036935302020272
2023-01-02,7.152564852672216,2.122242565467114,-24.352630977137824,44.360136620784196,-28.97192109567188,14.757465257314184,29.857936983642695,23.235003038535584,54.04083137473203,15.709847317371217,-0.3683774834437048,17.258648177311088,19.817732190232107,39.20084259780867,12.501246852001358,1.3634922279614603,6.896333488038486,19.039336334145474,45.966128443790375,11.770382540405633,-2.5080930144638525,2.7880729170707053,-8.451767245327613,36.95927725580194,-14.042019125800941,21.975038108932132,44.81747158529381,25.452452564818493,61.0639423645661,17.79189170243882,4.882159429175936,11.834848686190691,-9.070058266557046,48.48836971701897,-14.622555157773832
2023-01-03,7.3427202396580515,4.01873764318299,-24.494365705639442,48.18576040817993,-28.63272463546761,12.40891500459469,29.919582569363268,23.425426681712835,56.4223513454783,16.66065049713257,-0.8827705794044016,16.856958398693234,18.435015116699162,37.157329776484275,11.943756457752519,-0.6657832005532383,7.807775978223286,16.97817066211027,44.2878662585407,10.566759623998333,-2.5451196870398762,3.967320671930219,-8.632461753482335,42.552941174791314,-13.640189604953857,18.75541022751186,46.968395550458574,23.67612550115672,59.37849226962747,16.897608862531687,2.983489126529326,13.327279452473583,-9.671079973164233,48.898293094043346,-14.621882602772885
2023-01-04,7.290560476610697,2.1862361589923163,-25.07364025020641,44.0605113540487,-28.51765300205781,12.962651958399164,28.08588726833068,22.581852926115744,50.50457466438044,16.947341039606023,0.566387506986632,12.905330721221642,18.080169446270933,34.061813732846474,12.652578800312053,0.5706913895099808,6.831480633304143,15.536195228279404,41.15243352375525,10.225539125469307,-3.7823163280991445,2.951248259480832,-10.30455947511042,41.714686138919916,-14.427437484695005,19.876828779696254,42.78399015556798,22.357251309362326,53.15361642676348,16.73306330399096,2.137316347947782,9.274404414055093,-11.458436390574978,42.91354877639419,-15.528276099297255
2023-01-05,3.74878235781555,2.2842766319610464,-26.206324501829048,42.017358420813665,-29.439082134564764,8.946912707348753,25.53938308176913,21.519726992936185,46.55753297848769,16.19618371754923,0.2584259207399242,11.686016314898652,19.759200098278782,45.49054519962248,14.512782087596676,-0.26712328925243556,8.249594285671336,17.67443093591976,46.857232732880625,12.51934261408445,-3.6290611511887727,4.378713652156829,-9.778924018870928,49.124854397680615,-13.731334168421661,17.192734373399876,45.40371211133183,24.82254377169497,55.09939070922108,19.354310506563245,0.10508165955196436,9.195110937924266,-10.379427879789759,43.74205975136241,-14.305531121238035
2023-01-06,0.09917815423174936,0.9434822502839779,-27.763074504699436,35.30469272917571,-29.80728252186493,7.398750215412386,24.76170959396051,18.904376195681504,42.28877981870178,15.53954197234393,0.7158104127751086,11.897652880276866,18.182308613500787,45.66037770262641,14.837907933400363,-1.2260893218353885,8.39499404621944,15.460499352375212,45.90113012697801,12.193122220475928,-4.041930578461484,3.4429361014611137,-11.024747273342472,44.532661809661775,-13.542627480813273,12.42833304125286,43.603319317877244,21.289442743469,52.39377634621582,17.857114338658043,-2.584922326601824,8.676789452701495,-12.041720237103593,41.876677210547996,-14.530821474933752
2023-01-09,3.6582008666016907,2.6441065695687715,-26.520047090101507,47.75991081466328,-28.450290340088202,8.691591095994756,24.061689063249347,16.91659432567796,47.18178289350358,13.845314907667161,2.244404413079115,9.957008394859269,19.12085291294443,51.19678323097091,15.99166987509173,0.16494191221050336,6.951019821549909,15.011405991530502,51.62006857842765,11.990173923528902,-2.772050983450991,3.563732537753328,-9.789217195126376,50.4091265640804,-12.158962243801641,14.521501563985083,45.60478826073569,20.696145848091184,55.8840109934456,17.5255814751341,-2.303038619785691,6.91204297118686,-12.49871999434584,44.21394043177051,-14.797289174203843
2023-01-10,1.6951134453058403,1.0864867744196927,-27.60428495215599,44.875379886031816,-28.04437959668974,7.474810940915799,20.317516888262,14.047423339788656,41.693054718286675,13.35412733184751,2.993019917014328,9.62288561825555,18.057237397552317,48.8159481313292,17.339565669428936,0.9886872428787719,5.819664875913744,15.078901555272651,52.868132419822764,14.379335175690189,-2.0094622010418672,3.042038210134379,-9.074015418122572,50.21098354452171,-9.626755850853952,13.949366280021259,39.228035260475465,20.24042158948809,53.616831714818844,19.509478251708458,-2.095568475190701,3.3799377255889107,-12.709166501980562,41.910350611664896,-13.239808796403363
2023-01-11,4.102184638872197,1.2249385619096609,-25.933746879534503,46.21025412506031,-25.811442876923806,9.094593972799125,20.240096035745147,12.036564001095119,44.367405399909366,12.221567557219327,3.661140452712086,7.813635836066979,16.38590145924821,42.53460526869073,16.578086982292884,2.119577074570289,5.183265555644145,13.291464727985925,50.31080386596576,13.478540474551949,-1.1269358443925737,1.8699605286597754,-9.411526881636423,46.09623911434479,-9.261940094321208,17.390396962739587,41.516395885925995,19.492800489711538,55.531217197860606,19.690116367960165,0.9622281704149804,3.3941635540222226,-13.785754216041536,41.76832992559721,-13.643390495761409
2023-01-12,3.7034242214958546,4.893071767268653,-24.438157327869714,48.00491646670037,-24.913317576621818,7.577445022499485,18.64437093590352,12.24982786990465,42.90448706369446,11.543960275271248,1.7813798278484283,7.122268237904361,16.861855438899596,40.77512269321607,16.126985743610135,1.3581244182952146,4.218734059375628,12.837785477949204,50.943414289284185,12.128220592812887,-1.3076940746274524,0.8484031982202378,-8.918757244065478,45.581191570091214,-9.491509104450202,16.996800989944006,38.61439828581241,19.93723306831241,55.11844456491865,19.183024284036733,-0.5962165624892712,1.9422146842350552,-12.45753130039069,41.980064721985165,-13.008030067131616
2023-01-13,5.189923805528496,6.909611565285667,-24.137748799084623,51.034625709461835,-24.74569283186264,9.703145213073828,20.606407715757303,12.273949496678792,46.550296314469726,11.374209816503011,2.135280414167351,8.332267111986159,16.086731668960176,40.65084898315866,15.156437159034075,2.1464280561580784,5.988517756921596,13.65258700962353,53.40494960259816,12.741799220064065,-1.541526910900315,1.7521125982845165,-8.580997722356043,45.446987527919745,-9.313610267296479,18.358096303355296,42.112722918699895,20.843992131292623,58.486531340679505,19.875573942400205,0.6966540570108037,2.143964888666572,-12.227253064855702,43.366223488364994,-12.930645290831622
2023-01-16,4.688406770206188,8.58969152079332,-23.415424945588082,55.375702401737215,-22.95128654300276,7.2825231509432875,21.07581215532448,9.961802792476849,44.398333149517484,10.628222831463052,1.9783055966947627,7.453049437798853,15.855863434457529,41.563442132410984,16.55800424213856,2.1681710551359368,5.367645503930918,10.84274140516419,49.8316650181351,11.514500344838652,-2.247410710037301,0.2939288918151206,-8.65541608695024,44.941623577594505,-8.101825116025596,17.548373047810607,39.13146651632402,18.543229900149427,53.90741875672694,19.261657407569423,1.3688846963695323,1.72001471200951,-14.00585821637187,42.83718532537573,-13.484693431285688
2023-01-17,5.277995901937893,11.215418636178542,-23.591097637912394,58.190686210274855,-23.580731549261913,5.799266814592774,21.88767529246036,9.867647777598588,45.30072067031955,9.882553079748924,3.133655159712201,8.897410615710521,17.665049051692062,50.11304935458698,17.681012195930833,2.064069864150886,5.831880482347862,11.69150231476026,52.80327868628765,11.706655051924496,-2.5757978537349735,-0.5738542567408245,-8.70671454607792,44.29821182826762,-8.694329153002588,18.946319924335818,39.48689239546093,21.08870002315928,54.51101116516424,21.10512764036365,3.000594810034385,3.1485679608901584,-13.485294260047876,48.477827905007736,-13.473557157674387
2023-01-18,4.600361637708095,11.829640760248816,-23.27938717062019,59.59973483030751,-23.08088458847778,5.307068366164547,22.419983657434607,9.633817887142593,48.2860993808049,9.917478237837752,2.2776670164643242,7.741545242318271,17.68354428427561,52.58758689070251,17.98803204257926,0.6671762448810181,3.6884170344745337,10.061044483028759,52.608038450764376,10.34581021569776,-2.1044337247515976,0.019635563933406708,-7.945814784138228,50.13191080602917,-7.7076389825058484,19.579917719189034,42.956497515382665,21.474051093887425,59.06089117545019,21.78834619550585,1.2927488170628054,2.6071457635788775,-15.075376521774375,48.64158615820453,-14.855647345661149
2023-01-19,5.602211026888959,8.45223688019816,-23.246173985611417,59.77702317884423,-22.61057525881457,4.845154318368716,19.714083132469163,10.032226216525197,46.69620845470603,10.94340350268077,0.9922409089157425,6.912033791361227,16.380286792167986,47.06207148164494,17.34403239223079,0.3297699164501511,2.8552531619817856,9.214750566952157,50.04780954610414,10.119158334126865,-2.4781630373221675,-0.11326894276354471,-9.622703823877854,47.91702211073386,-8.874289088564002,19.71967123595515,38.70670343622879,16.73621698504102,56.957542299329084,17.70291004439237,0.795971893963876,1.2820469562933923,-14.53950015379939,48.201659514211066,-13.831801427699608
2023-01-20,3.859888443491455,7.9846704885692565,-23.94528734040976,57.8472661651871,-22.98298499524102,6.0044132863845245,19.000210404203543,10.781476961343039,49.17921676787051,12.1831688664628,-0.8616462952367399,5.833555108928068,16.087374557065793,41.8252244440448,17.556200733304816,-0.29772667817916654,1.218606097243935,9.006664131959763,46.841945507298846,10.385899748859796,-3.688155065218446,-0.5972938357178603,-9.722755465481159,42.62005951930106,-8.58049877824898,17.29751229645271,36.3504307753957,15.905067159255747,53.64181248544226,17.371586642979373,0.19925131067846102,-1.9497648266983858,-16.120485265417585,44.818761916194994,-15.059177544724667
2023-01-23,6.1723326944902235,6.89130355283778,-22.468652566969805,64.52793762328464,-21.657551490161197,4.996304808652696,19.04155080314367,12.051451362639298,53.31743946632851,13.223687572473096,-0.01649178521148098,5.5107075567186525,16.512718867909392,47.200610933100016,17.731627023959295,0.7986941270639925,2.283935358122746,7.707941543924246,51.7590059475263,8.834737740038022,-2.0104949956007534,0.054676437182865634,-8.252509360768245,49.84224629343338,-7.292684839257813,17.90948676594617,34.302610326479964,15.105125502065064,52.196821200952904,16.30930799510839,-0.4803158040302513,-2.4011975905138705,-17.700054235078433,42.0506017579646,-16.839066043316684
2023-01-24,6.247216720117965,6.964707114635815,-20.410849092979454,66.87443072793194,-20.433911026176542,3.45975399309868,18.046317026186998,11.838814082140736,52.04314848170845,11.806407413269305,0.2584251018706407,4.827830481517403,18.188347936621163,48.091024374119804,18.154101412393597,1.2989742875020527,3.016369561157539,11.743503475590034,58.22864646630131,11.711124424136488,-3.5774170167465646,-0.45764728693659107,-8.057981189963858,43.31103244340841,-8.08462251823081,16.039770330130622,31.973830941937397,16.723286302595653,49.06683414656496,16.68946429795586,-1.764015839478672,-4.006846528075048,-16.35332392073625,38.022854133557416,-16.377561571646126
2023-01-25,4.599302643073466,6.659116676060828,-19.41381154774434,61.679316974348005,-19.20459326499715,1.277592302377184,13.362336154721778,9.481209220377785,39.47748870204457,9.765444906741628,1.2143137099099865,4.191254536471178,19.343698936693656,47.535287446807565,19.653539670295615,0.03358799644170851,2.5561586037897266,10.921207709170421,58.03933902865891,11.209181927121016,-5.125765134197469,-1.4063760243417156,-9.081545076630393,36.88773529937404,-8.84550210978422,15.33517844322927,31.59929479540182,15.56083659711296,48.35163727003036,15.860856243779843,-2.962267761305548,-6.0864618885096755,-17.762501490460537,32.094553173772624,-17.54899606793042
2023-01-27,4.17976226070933,5.49492918468244,-18.808882573725516,56.84601850064279,-18.10486021189961,-2.3088299472839857,9.854955126379927,6.591449378489855,30.092372900544476,7.515722455652907,1.2104463607603755,4.9536455381912425,21.278496274614668,50.629986165870804,22.330123300976013,0.849806627178018,5.360721761873188,13.005904884641906,62.716682793288456,13.985798825988427,-5.44297920427288,0.15413811015509982,-7.0372173590912634,41.04887093539018,-6.231120831891824,7.018131569029773,23.6178471997196,9.571012699089243,35.61064594705201,10.521122090281153,-6.941437051425758,-6.845717075892843,-18.984196862619385,28.825918949074506,-18.281694681616734
2023-01-30,6.273317564424286,9.759709244274895,-16.529795628982,60.76505158927159,-16.680187284000926,-1.4708959877776207,10.929912532289144,7.488146524725403,30.6668467971149,7.294480768512401,0.6286395447341109,5.7927171454719595,20.12189596419902,46.72660443000154,19.905467468855132,-0.8646171062822838,6.519363086995478,13.104414205245751,61.99517113330356,12.900629391605367,-4.324699869976778,1.1513592305682607,-5.731684286340355,40.04257519296392,-5.9015313368280475,8.299689744487981,23.639733439781054,11.401248698312184,35.0540493205728,11.200532547091967,-6.683479148093907,-6.026323189955685,-17.14169587022376,28.49536482324804,-17.290985039742846
2023-01-31,3.525355455279655,6.677291619290138,-14.592240807778033,54.96246633900507,-17.073168475659294,-1.579297907202848,10.525765804838327,10.035774311323099,34.3552435334873,6.839451172446509,0.3625532006455545,5.75835078554221,23.69289552228424,50.38571695623801,20.09985983414586,-0.4315611177561407,8.092832126806604,18.31687706050287,69.30593378695522,14.880004150442506,-6.448560994531594,-2.1276526643697835,-4.910910625438469,35.25356464819582,-7.673061921458735,9.701761177900291,24.544396021471158,19.333259586768214,40.55452326866246,15.866862760445288,-6.17804775574916,-5.985154130675319,-10.95846453404572,35.123463176730596,-13.544946266120416
2023-02-01,2.5540929203761165,4.728035508475981,-13.510642021531083,58.32238037890643,-15.17181991438269,-1.8796022933581291,8.388113530632957,7.443548079648465,33.34128844068921,5.3799086797134965,0.882762796602643,6.355683875736018,23.57003052390969,57.11039184580106,21.1966541025421,-1.5655686122315715,6.647039261933041,14.615431293528026,63.11145377244815,12.414043456982204,-8.421626190597342,-2.4078588108177867,-5.624000936872264,35.09103279332166,-7.436655428983075,2.3207017590402446,16.94306602459792,12.614056400684849,31.815929875024764,10.451108434719703,-7.9060309543501965,-8.751113843820214,-13.365914381787858,32.38776514582773,-15.029872019584333
2023-02-02,4.901049260107371,4.8519299706859975,-8.687965255840613,64.02672440538073,-11.281821407179638,-1.158968312286035,8.477616375447173,7.076153632946824,35.59374258562467,4.034493894000901,3.2519430223380663,8.223973395052608,27.84442814613868,66.95416120982591,24.212814227005296,-0.7883918683010194,5.341936621069832,14.285656366146071,63.30458968326803,11.039199821773572,-9.224826840229106,-3.680571102438568,-4.215479334916861,33.254508015525246,-6.936383198534668,-2.756883891822526,7.699887084178103,8.488960525510025,26.20467565053376,5.4071678746298035,-6.808606242069615,-9.247147372930286,-11.436919585687399,34.596417440016324,-13.95268754067639
2023-02-03,6.25752199760381,4.7147515079568825,-9.613327749890699,64.32297785906209,-13.420864664699629,0.48871314587095593,9.489920031791875,10.11101974280848,46.02832347703741,5.472595050748974,3.0794685131343646,8.254684918903976,27.215697407386806,67.39247296583721,21.856738481656457,0.869357189487574,3.2755230525179257,16.396799386060714,67.9541847673957,11.493586341534678,-10.14274068951183,-4.560639608164885,-6.149943251578849,29.207240362785143,-10.103375175012609,-2.7485034757981475,5.804797264998207,7.974687501954092,26.089480011365225,3.426255766453923,-8.105052597047912,-10.32806818300569,-12.83152599230628,32.15180811282379,-16.503496365034053
2023-02-06,5.987682666521099,4.776799031480583,-12.67339010228169,61.05397594898883,-14.761361594444178,0.28280521565908767,8.813193629648385,8.952590716506181,44.849922185175146,6.3475439423354985,4.008242612957447,8.166411352033375,26.9456884259164,69.40599493653747,23.91042828245378,0.6664571532722041,2.583761003306928,14.15517059533473,66.96661555580171,11.425730598005446,-9.156884295592882,-4.595323802850581,-7.487164181847095,29.849417755870633,-9.699137875474461,-8.724492754283386,3.755757662885184,5.46181469390683,23.758105117934363,2.94023206461993,-7.911068447957437,-8.314606741573039,-15.04424778761062,35.24095401005444,-17.075532282937456
2023-02-07,5.460429398949929,3.03821444349619,-14.307925817176582,59.30703486923263,-15.007380829676197,-0.4684177388901922,9.218874596599424,7.754563042815099,46.228716124159554,6.8750246495769884,2.3454825815886426,7.352529586826417,23.05923709007609,60.941966021985365,22.054775463515462,-1.6204418331559278,2.373557632636114,13.859645229050543,59.903393167697594,12.93027456862077,-7.850337183484502,-3.868471923789618,-9.542568053236877,29.79123828394235,-10.280919934625787,-10.375397773418982,3.6771958060472176,0.6635345658720038,23.495436997350907,-0.1581238488584935,-8.063436479608999,-6.79347816697441,-15.767929756546973,40.26225579839512,-16.455467598370078
2023-02-08,7.500838170524471,3.3279176226133744,-14.011942911529463,64.37342155721888,-14.453145371370034,-0.5865258089773451,10.018603647332958,5.613025824823192,46.80381876182877,5.071128166440553,2.108238900337822,6.867462978852568,21.792907580857612,61.070854472331206,21.167991374639318,-0.6299996911048544,2.407358500201817,13.96916512656845,60.938973554885806,13.384392337155603,-5.521619292117441,-4.81461232746444,-9.428199558832095,41.73227917291746,-9.892921085284511,-6.110887159577261,6.312770530708667,3.3816582249329263,34.740250899918934,2.8512096550308508,-6.771598850208493,-5.703812757473514,-16.922301938146443,40.33143998631544,-17.348571422350155
2023-02-09,8.717888879875101,3.393988371779333,-11.598180898610854,66.47651759924126,-13.244588243298082,-0.1176947122164762,9.583663702963086,6.523413138851031,47.02141218603514,4.5395067944373535,2.431995946118559,6.3831684456580495,21.896621451075493,59.49908459580639,19.626402411584507,0.8187574059209224,2.9950759835486895,12.876809562712598,57.39432634114331,10.77457671051565,-5.242196623705664,-4.924747386927875,-9.657352595898205,39.35143853372454,-11.339906187403026,-6.932538946587541,5.090381133968469,2.0671357893217612,32.50876947039106,0.16622375240999965,-7.178497240785909,-6.542588329712784,-15.947832177010223,38.05280103400244,-17.51323103245617
2023-02-10,4.319587028724947,3.011575875118666,-12.000827124885838,64.20502919431695,-13.677373472868915,-1.3697464345839738,8.689095340935339,7.142496761567707,47.092756654363725,5.101234829318391,2.17338431172156,5.8392023046407004,21.274443744369755,56.63426049847245,18.963942189407955,1.4887730773718078,2.3754702387881244,14.484112000164885,59.132908765609756,12.302978773511096,-5.290941059088572,-4.739089275709507,-9.228808072815154,40.972808413556066,-10.958166490121702,-10.44794759353056,1.8630927603431546,-0.9589141837850534,30.14427095232847,-2.8458293137840984,-7.462356320586993,-5.426360688405851,-12.387796578705313,45.693763549658904,-14.056970445750395
2023-02-13,1.4752426283017206,1.9814047343625907,-12.5113899971116,54.54663491001427,-15.255059120979297,-1.887198309839755,7.821874767894466,8.65164029567207,43.65041153145803,5.244292176562926,3.618581089434403,6.2743960453662595,23.78202446772555,56.882034979634106,19.900182950175747,0.6345855552668533,1.565045477885385,15.31569492537641,55.00044083195206,11.699360048714658,-5.7738762163481505,-5.270762010107899,-8.321816881890577,38.320468500305616,-11.196872278760427,-13.01745826027293,-0.9523247573832494,-2.1315834620003415,28.699141354860103,-5.200766440770577,-10.026468765362306,-6.198248032676002,-12.889791655287219,39.17697524535946,-15.621593989341687
2023-02-14,2.422373791072596,1.1743544138647977,-11.392306232621674,58.04809622984472,-14.669284478666,-1.7083260926582078,7.121903209102354,9.520203550631368,48.957836580884184,5.469817977117031,4.704734686927914,8.235811572324824,25.053072736396388,62.24490811003421,20.42823507800966,-0.3724663790375393,1.4160196135401204,14.669985727242096,52.65328491282911,10.429145764869329,-6.045153083352794,-5.881271066513061,-8.894957665489267,37.4646637183286,-12.264295350983257,-12.545617402317443,0.06945831081153209,-1.918952926101547,31.67582967149812,-5.54628418758557,-11.583476833801198,-9.094002803819857,-13.764134388041871,33.60683001190327,-16.95339531589176
2023-02-15,3.2814704084102697,3.508173436457307,-11.573954090819004,61.717732548302,-14.283540154108987,-1.8896381731504763,6.8880016864916405,8.08408729608303,50.10100235845091,4.772131711167793,4.3017205619019006,7.87119853595557,24.2758627268709,59.23498648474436,20.46775232019371,0.9861932791887851,2.4099057573266247,13.313611149524673,57.86508301071849,9.841410415058327,-5.857601958879865,-4.873292837569965,-9.824397504113957,36.92626482356867,-12.587594176082995,-10.399130016669245,-1.089960465023554,-3.2639949483082686,33.06398450451948,-6.228218084279103,-9.505747335423486,-8.50536090401155,-13.158460858036658,39.97869128305794,-15.819493834851972
2023-02-16,5.90756903540115,5.101640340282199,-11.054887563589288,66.31335771109306,-13.175464036337004,-1.9459598210897155,6.096354360321965,6.718334118211566,48.685359970041766,4.174019064321466,4.3633098979664275,6.50333081487906,23.729159433613802,58.531909342109905,20.77928239933211,2.1554945746445453,-0.33169958726415594,13.123123728535525,56.35144936246764,10.426109489850255,-5.017283344274325,-4.9115307444084095,-9.655809786723058,41.671217850296145,-11.809742239759025,-9.215889482360017,-0.5540079221633243,-3.279178620301415,36.736311168109154,-5.585138921259558,-8.341695859785347,-9.081855706409003,-12.78650221543881,45.796371666507845,-14.865794561493184
2023-02-17,4.670153810342348,2.6372470690925187,-9.669263974233944,60.38617064900668,-12.535859826849993,-3.0756376577351308,4.233287448384382,6.789113232953037,42.243854271343814,3.400219899782231,4.275266375408604,5.410521420632075,24.39391934888393,56.06896700653516,20.446347249012465,2.8579448622779946,-0.4111639539951084,13.737672408765045,52.9704162720696,10.128270400569651,-5.49979445825437,-6.357841903904305,-10.038637333047484,35.00550254678117,-12.89351132680322,-9.879891327037138,-1.9433310793977254,-3.5874301334987813,35.18521086413563,-6.647029612911126,-10.060159341473085,-10.766002332248615,-12.601496468095041,40.13318434820222,-15.3750395473626
2023-02-20,6.89089278776942,4.008971691467567,-7.846068333163081,61.99853736994811,-13.019605580950167,-3.883146223300926,2.6377344201887754,10.278437407756314,37.62867502928095,4.087387354467076,4.3342258117218035,4.5468608092349205,27.592833169757093,54.05069630111223,20.429750021651195,3.7909341928492823,0.34648450450083246,18.638894110476766,54.63038058235402,11.978486609516082,-5.777431426680724,-6.805555220029758,-9.030609861223882,31.323056550497512,-14.137646748080856,-9.844730801947676,-3.5836428821579003,0.7684944100804447,33.88548437642265,-4.888665841299112,-9.535093526974514,-12.735386790615799,-8.356193027661252,38.18282436704317,-13.501091789164942
2023-02-21,5.095101995362028,3.033517675312969,-11.359713039163422,57.83495422906338,-13.717842021726934,-4.199485521919966,4.330085898331371,6.560041557880147,37.34162782566686,3.7251869900939205,3.87147132424579,6.069568792460611,25.00981153386139,54.81632998250765,21.68413119380286,3.1638617551292603,1.5625889848998709,13.819327945979376,53.08464354120462,10.791352008537958,-6.363566233646489,-6.097290875384109,-10.012805003499913,30.082810575890576,-12.406766258099623,-10.927532577763188,-2.364341098138789,-1.7338140048969275,33.32847372758506,-4.348024192454314,-9.51565530100148,-12.067053028425857,-12.12558751583941,35.03915926624161,-14.463341668149354
2023-02-22,4.089516171723218,3.8308716171928214,-12.050330783600371,53.101761545062594,-13.213194283597385,-6.395497819952478,4.435282753865466,5.381708223292159,31.166137412855647,3.988359696208099,3.5541689770123286,5.880543234675839,24.552708220483677,52.24670666140155,22.905882263026058,1.684574612516876,2.3173124495402098,12.860891030010091,45.41455237668537,11.368653345374602,-6.873526514529016,-4.737754577681564,-10.675898441745147,29.126244525460564,-11.856934576361466,-12.931179777523138,-2.0287011612900363,-3.7825951042246064,29.1591988448246,-5.054773944857094,-11.246576335189285,-11.307217765052723,-14.556818201600008,31.231600749648067,-15.68654112520187
2023-02-23,1.390883934724907,5.665305964980494,-11.652391688556596,52.96684600527119,-12.69498246696159,-7.134892403076254,3.3706614143485636,6.582094694103557,31.268233587948302,5.324318607178458,2.9120718834585,6.03771566291893,24.495450129801743,54.19584260486518,23.02627840303415,1.0637914521737901,0.43711196642362005,12.9593655294163,45.0744586660907,11.6263312222477,-7.1379536041237035,-5.639979504086668,-10.178320641480553,28.297448555521157,-11.23830694320268,-12.86972480458365,-3.0643333213565604,-3.1346031815063014,30.363912096950955,-4.277712445013315,-13.0187606594656,-13.235795689161112,-15.878603533918012,27.805138904648842,-16.871320755112183
2023-02-24,0.5943733676124552,5.73478657599229,-11.507668951073635,51.76002043065976,-12.467790788245491,-7.151708011159452,2.232057267849674,6.145656173800829,30.474621712717493,4.993999739786736,2.8794184299997916,5.518179950931712,24.312649412698462,51.172365752049814,22.963885198635303,-0.6860656785383501,-0.3426686439889637,12.684696218517688,40.29878625586361,11.462092674548895,-7.4970407824939915,-5.123377132928663,-9.180240652482874,30.807845082509175,-10.165614561867564,-15.670430896116361,-6.628583287925515,-5.793988134184058,26.221666704372737,-6.816102119804257,-14.486397521607685,-15.238942400885168,-15.267257860349371,26.868764062931646,-16.18658900562966
2023-02-27,-1.2882074416660672,4.580952999287469,-13.207370781016547,44.04913215099949,-14.135787167282333,-6.3060224512483165,3.4834257922456535,6.957479329668237,37.81060666658307,5.813360556715708,1.7845886251465215,5.16156104983605,24.420927528118554,45.42732709467661,23.090003128766167,-2.7699408971603945,-1.5732423748594293,11.562634140253492,33.710770253269374,10.369254258081062,-8.399679688677232,-5.48508129355012,-8.65240989437005,27.35616823323241,-9.629550467977744,-16.730003546559203,-8.385201797685838,-6.100074808900791,23.55061618815367,-7.104517582452341,-12.679696913570693,-14.644859022796963,-12.226234961100591,36.23223234013109,-13.165146507848991
2023-02-28,-2.2464543125613967,3.3889696727026797,-13.084267036275499,41.215811014736865,-14.147862763609586,-6.466220056970185,3.2892130468386904,7.754192497128942,37.40395564969891,6.435594645689147,-0.30635759159640674,5.0772816252591335,25.252606300411017,43.82533356412179,23.71987876816808,-2.1206795820428392,-1.5264002658720743,12.24317995523656,36.947062975140646,10.869649956098115,-10.240805357869586,-6.6241714167590615,-9.320316419969899,22.79474964522099,-10.429971953243488,-18.274949896521353,-10.73407214819092,-5.83998660431051,22.69455198213599,-6.992231249997083,-11.381563806772355,-13.34434992682506,-8.55813669603923,40.621870992025094,-9.677119091897913
2023-03-01,-0.9672023161135024,8.738773867945394,-11.773803622724666,47.40727538233097,-13.733640578036288,-5.85778069897308,6.327407423887266,8.84297470585298,44.635290766061544,6.425161256858791,-1.0409220546303888,4.9579759146464175,25.406794353308904,46.307652363731286,22.621035926528464,-2.8911287233529093,-0.28790496036806834,13.522750695427721,43.16175466545572,11.00098175131361,-10.495888417992106,-6.226414448119877,-9.337794390930998,24.325018058856656,-11.351744309421207,-16.551902252705062,-5.75594313196266,-2.339134399179177,34.646800055492676,-4.5085509823643015,-11.640563058306775,-11.13717726178648,-10.325778165582179,44.80553499370865,-12.31778123390409
2023-03-02,-4.508445498144309,4.609805054643079,-8.69626346985588,43.11953495074793,-14.357054922760149,-6.635076653353611,2.1588058439190982,14.653555680018693,40.97233630000426,7.545085723542622,-1.1880960346920322,2.305857242516507,29.066964095941184,42.48364447764239,21.064869165626998,-3.433586865370397,-3.620618496374395,20.06635411781652,39.244333054296995,12.622293042100097,-10.361916069506961,-7.388543965766104,-5.911952889125416,24.221613774735886,-11.745370371769749,-17.877371321809633,-7.7722170392266365,3.005470782748776,34.52691461304296,-3.3808230401426442,-11.567362378383406,-12.359671522290805,-1.4086187718199583,51.445270492282404,-7.5212409863801515
2023-03-03,-3.977344023951679,7.075319048235595,-10.93259249397236,44.534450208713395,-15.670623300574926,-4.2964241385510356,4.963153276069998,13.233543823591344,52.66169676801003,7.2099709589534156,0.5665049667048061,4.397160674832756,28.66737879463541,52.96036295381886,21.82278747213029,-1.9875276414574206,-3.6114514899218464,17.362991692859243,41.73122455047949,11.119748673147733,-9.972914782639586,-6.1585041442652315,-8.667153792823711,26.219263900394495,-13.52569690192913,-15.334977931977745,-3.5899316367236422,0.8756421471338927,43.87967806162026,-4.490539641603952,-11.082336339074883,-12.003419637285372,-5.014409221902016,55.68137095529238,-10.067263772086555
2023-03-06,-2.3040318534224613,8.77231563053249,-10.837029215065119,49.464269410264755,-15.45615316960025,-4.57404806192242,4.895557806699569,14.212226878520884,53.7945482019617,8.295416027210445,0.8880242006579664,4.318066683800548,28.26014508231576,55.123144990481705,21.615576116675395,-0.7537914992427397,-2.353518029987711,19.305397905082057,47.59393497656462,13.124733257893983,-9.53811001954935,-5.5832528651137086,-8.661307996714275,28.769047501242028,-13.393146073598638,-16.719090807031044,-3.535342896547611,-3.6850231796653254,44.391938793374344,-8.674659714818468,-12.153034652872774,-12.303412699060512,-6.083865298876812,53.88230017022807,-10.949228842692282
2023-03-08,-1.239201129980616,8.00798381234127,-10.837040332147097,48.01959791549528,-16.604585462674848,-3.6184973369924878,4.451198676683399,17.541112794097447,56.36828408033261,9.937914389089485,0.9586421579324655,4.493452572147039,29.288030805124187,57.631380544965765,20.924977859333936,0.35224988824005266,-1.7106893052096894,23.989921935080716,52.242530366120725,15.969579483965134,-9.302714747874274,-6.489166226203014,-7.4029372871485695,26.580248920460605,-13.392618878474538,-16.09727031824105,-5.1204945077893305,-7.454335078352403,44.380711734711284,-13.440691981024223,-12.160122323200373,-13.669143628214464,-5.611597033514482,51.54644774688909,-11.71715225437734
2023-03-09,-1.4731520978896517,7.2074512010928515,-12.856467922736813,44.08592841864225,-18.264289728237813,-4.272682506764392,4.0102590908903,18.065689452858425,51.96351356031299,10.738947069515614,-1.0151041843755815,3.977933840288217,29.24318724178803,49.53208407506926,21.22280856860195,-0.694993590826265,-3.357954949479447,24.55975170180613,43.2849143301226,16.83001060359597,-9.086383873947879,-7.124937366050165,-7.4609954275827945,24.827803900729165,-13.20364132289008,-15.300401451285484,-6.297923772187708,-8.494021979791476,44.556999799822506,-14.172561872260337,-12.142390662727298,-14.983098602085999,-6.223779069238045,47.76364127291624,-12.04320227023048
2023-03-10,-1.891084177320268,6.155055206636217,-13.553279842221677,41.839244959102395,-19.34961091817815,-7.135677590508949,2.6105595978374696,17.664939696047878,43.208794219334315,9.775398655439883,-0.944567705086008,3.9431452106578613,30.919903933904358,50.73243422623623,22.141605506291384,-1.2902761140043961,-2.5323922185466863,28.746587041662018,41.99624553033358,20.11401148493892,-8.207829424600178,-7.973579900824634,-7.271343332490609,24.258285042051313,-13.48888395511445,-16.594024931215934,-7.099757911852289,-6.230288979734555,42.6021927313942,-12.517633241936931,-12.369321327625793,-15.931167912725918,-4.394289296226361,44.67864989493682,-10.804739004205521
2023-03-13,0.3378677437079869,4.144128591106089,-14.26327901231177,38.82467703326153,-20.716412964303366,-9.3237862412761,-1.6011081306600117,20.36402627611693,35.51619959571728,11.304603713498107,-2.612459921576271,2.665556044334849,33.56211657732251,44.84061290645073,23.50931517255748,-3.212273906142127,-5.287652797193498,31.386165671317244,34.109161387687564,21.497141263242202,-9.216267841412929,-8.609967487036252,-7.567636734009575,21.466593728420563,-14.524730669760133,-16.407866987961107,-7.090576395242454,-8.977940746417056,40.547973347073345,-15.828885524604154,-12.803036388300626,-17.3636844891477,-0.8637098816718036,39.45448489159617,-8.325387355072477
2023-03-14,-0.9149611237328048,0.21114165951687802,-17.88832702025056,34.22560867049863,-22.849968876828854,-9.830740233311975,-2.483796379748937,18.860417924514405,34.417528486434705,11.67821345511939,-3.2462264046485667,2.0011314818839443,31.4878782636703,41.5841374610218,23.542652734206392,-4.107390437047265,-6.611772145259575,29.137550258237454,31.63479189619929,21.334344558418472,-9.09307948420739,-8.600550276003794,-9.707388190457532,21.534035292086756,-15.163367661299487,-17.751538382758092,-8.430281039892495,-8.733226210251477,37.89925075563246,-14.248069940956576,-14.079185376161373,-17.817253946379697,-4.957565213160531,37.11752013653369,-10.70055528359537
2023-03-15,-2.246862765356672,-1.4235569762712785,-18.972760391769626,33.6191587094347,-21.965188335197684,-11.137611413713511,-3.7512817923247566,15.485544414735752,31.92099224185158,11.220532156641294,-3.6432531203704044,1.2351482933911306,28.930950895260544,38.42824092337142,24.16938451218782,-5.018946717191241,-7.348312385085698,24.914191296547216,30.27398795186052,20.30096840540805,-9.093784490926138,-8.503960242130514,-10.914101534831634,25.65534247947157,-14.204144898291926,-16.445998214817013,-7.637789825519725,-6.7738952136426995,43.68427070006805,-10.216841096638218,-14.125560538116588,-20.27477001123191,-8.559151386201858,35.23956627369621,-11.936165732065263
2023-03-16,-4.0272410383476736,-2.0592873797099953,-19.440752049453934,31.843853516766572,-21.293759064878582,-11.160376072623635,-4.257185432792731,13.509428369646614,33.09867111185392,10.898508178150834,-2.1287620183704337,1.6262671585397293,26.571400269378344,47.16243737287039,23.660031325178956,-5.376759943040799,-7.231899305650147,22.81136870512468,31.418838424527607,19.986487222564154,-8.85155894811157,-7.864670512050187,-10.199927577677947,36.54733133515757,-12.265490109820165,-19.60225509691549,-11.15702338468364,-11.201002498162794,38.10361571120717,-13.243538513824083,-14.410434401137163,-19.247208871333875,-9.563290761241806,39.485988634832495,-11.643497080623177
2023-03-17,-0.8027379250562183,2.5474722237782244,-18.371963165635407,37.827393154881946,-20.613632160165896,-8.965058313973174,-4.3637724572082925,14.624779095081642,39.56122888136595,11.476953626440945,-1.506766425902517,1.5292255390841225,25.958172637026667,45.610405969211705,22.499109536181948,-5.164991405003927,-7.383764523341341,22.708598010433878,30.050984602007645,19.338774721893202,-8.894665721200578,-7.932770254323451,-12.8580461928129,33.320815506887854,-15.251138364914995,-16.48567483628852,-10.448663386327317,-9.490225855475277,44.949948085872634,-11.975805103368254,-10.64830121885797,-16.220472440944878,-7.25244335697891,49.370414170955634,-9.79947658365079
2023-03-20,-0.9032408911392453,2.554953043266872,-21.053210783973576,33.91443103686886,-21.597384335693537,-8.924424960342325,-4.481501942474253,11.469871308064716,37.57805302299654,10.701518897766027,-0.23763776802017134,2.6598697077071076,27.04078395888172,51.06026233271194,26.165102562504437,-5.037473275963289,-8.89038943102024,20.42226686233526,27.547803962676397,19.59220634543024,-7.699311308678891,-6.834092839064088,-12.646893225200706,32.724520034882076,-13.249010814015405,-17.826727891590522,-12.66063980988531,-11.20263151429366,40.13613221948905,-11.814704277126719,-10.186445892776586,-16.295824304111584,-6.608348835642063,46.58101148698921,-7.252089601033229
2023-03-21,-1.3713175835526448,5.460854712205965,-19.753351400381746,31.53991568954966,-21.83838049887832,-8.104777208785007,-2.1621096032662934,13.912464556564164,44.35499157167214,10.952704773112876,-2.322786252710096,3.9838955522487396,25.98446679940265,46.79497388585032,22.711043126023476,-6.447819690328826,-6.271975944559949,19.84592726882608,28.126241120505185,16.731999770886972,-8.007782260415375,-5.7755592068890245,-12.651990665837054,31.335835692752156,-14.921532688285433,-18.508853000947678,-10.478764878690027,-7.032031451058895,41.35032953152781,-9.447595503083118,-10.912984294794924,-13.128643797771655,-6.402655731189421,46.36941699697406,-8.83457269903898
2023-03-22,-1.380167376583663,5.249687891501575,-21.024692815730983,32.50522691260379,-21.837614525004824,-7.749130780692404,-2.2121866370545917,11.892229927379772,45.600793456716865,10.740482298278508,-1.280672000812455,3.3302713727443978,24.359032621217946,49.75313866488332,23.078959634275307,-5.264614505994847,-6.674700861442561,17.886301290503127,31.537392888422815,16.672854493500534,-6.845135390088286,-4.971053497935884,-12.11110549693446,42.15581861127955,-13.015778019181411,-18.63546425238347,-10.11030899865225,-9.452331621983689,41.268385742764295,-10.384371875741383,-9.915472516261747,-12.387512834606717,-9.781489805292187,46.06889873500401,-10.710141913532778
2023-03-23,-2.659551352807743,3.621867777817367,-21.446630608009286,30.58291672851672,-20.479943393993594,-7.040671057228975,-4.463513782618711,8.753591323497535,41.90106314288825,10.091926101807292,-0.03809233647920074,2.9244262469802385,23.067230464899914,52.06490738672381,24.581710608470587,-3.8576812359188972,-8.168090118528982,15.409419395919999,31.792728643483755,16.829661595211153,-8.819779161618357,-7.606253547503561,-13.031106638199919,44.202959224040704,-11.960856973791278,-16.619017098526744,-11.405021091631495,-11.092689425541879,41.58729930687283,-9.998585365715096,-9.41709654801971,-14.687231544441726,-13.46644752235856,42.888597940978165,-12.401555215243576
2023-03-24,-2.8794773613871616,4.069553390982827,-21.036102096303466,30.025919174319043,-20.232024951693106,-7.104638527588058,-4.387104236269379,9.376594590238918,39.88094444909636,10.490359515731607,-0.05667177356658559,1.2580892023007717,24.64953879489107,48.88379258638214,25.91882574616886,-3.5150166696315543,-8.394555038903494,15.93545363646236,29.296355449454666,17.1160064079682,-8.822015401097516,-6.507312636622875,-13.241769809147396,42.61896429019785,-12.358324185827396,-17.584079421041533,-11.573216109190621,-14.394515622222404,36.71034731982148,-13.522808231011563,-10.25912551071112,-15.588295477244763,-14.890525689820988,36.998991981316344,-14.023869092320208
2023-03-27,-1.0210017451306896,4.353936568515193,-22.51621311810059,30.307465087557546,-21.01175851080067,-5.366921608036524,-2.950589026596928,8.482339993214483,40.38320489993376,10.588674270115895,1.9702212873879965,0.23857522077501692,25.917284971239507,50.878100637221195,28.36214275551916,-1.6418796226299492,-9.651486520090835,13.829688777230253,27.3354446155181,16.039849207172075,-7.053101084027169,-5.788538133621479,-12.065287098085731,51.89402439709087,-10.357913345580306,-13.730730609244546,-11.931318318956684,-15.036293124096488,36.7084994458105,-13.386605551939468,-8.124928099216921,-16.331519163113796,-15.019186954152197,34.52988947047433,-13.369167242108615
2023-03-28,-3.259676873717754,4.175829470456094,-23.222657332603514,28.027305917407404,-21.891298773246426,-7.6789042266501735,0.055908291436690405,9.464064526573068,42.35392545418605,11.362227632853084,1.088101678886133,0.4227021481713056,25.857604973127636,48.58552795976152,28.040040491468552,-4.829608549939113,-8.978117422289689,13.900768607391068,24.674414361263047,15.875866441393027,-6.4715713557769945,-5.8478363325394795,-12.501797367488132,51.22561287716568,-10.984533589451395,-19.651193515835395,-11.564788533518232,-16.71341741703617,35.083676725804125,-15.269185294002352,-12.480882088345835,-14.825414997137953,-15.75132821101537,32.14124377423883,-14.290412966961707
2023-03-29,-2.0016773802256305,4.740005093206623,-23.291911845249103,34.66692347956038,-22.653972864471605,-6.8112192126718485,3.3518601972860607,12.338501689750835,47.074613992274664,13.272759223655894,1.8670461966029839,3.378101691913593,26.8862197691637,54.39553329855878,27.941462673288097,-3.8408020588192704,-3.756047905287385,16.412156178714945,36.27141883622653,17.38029205655014,-5.399574383486517,-4.272373852751388,-12.984079565740103,55.68616030423926,-12.260416013061548,-17.466648598987266,-5.504258290788733,-15.973653762602835,43.33041098240691,-15.27485285429444,-10.769050838649353,-8.859401537321144,-14.107043628961268,40.982829965935856,-13.392719150781563
2023-03-31,0.03974034041478447,6.274773300545156,-20.61750154430222,46.506840832732834,-21.562925963185876,-6.111182208346766,5.865540618430387,14.682299745578575,55.14751701676447,13.316464092853252,3.1385333816392524,3.8146101987606595,29.22675873208014,60.54392441159851,27.687702445678685,-3.093092118230023,-2.282558416400282,18.250163874125814,42.058632034814124,16.84183590966921,-4.885510155228323,-4.61144781165661,-11.685119278774591,59.93137768344634,-12.736925991953829,-17.790221246436978,-4.035849824522519,-15.42644795345095,45.4696858488296,-16.433696438344114,-9.444767713964787,-7.121444085546114,-13.759320635148843,46.106887306693594,-14.786424162485535
2023-04-03,0.03948326465046392,5.7831011808737065,-20.521402210141115,45.65637413366259,-21.325645708995534,-5.0549039325440965,8.087087139899918,14.289981975067878,57.204668351848916,13.133482268937357,3.5475403857359478,4.034606995144352,28.26459808218347,57.66038289630524,26.96668931165491,-1.4736362509360723,-0.8893426718883601,19.231692591577108,49.411042938512715,18.025187742589722,-4.204367740568138,-5.017159441766661,-11.018081842522442,62.568084781654136,-11.918489388500541,-18.525594532214374,-2.4885816510063052,-16.488548049967953,44.51740938483624,-17.33359997813967,-9.483553229993857,-5.648761350992004,-13.337027471504292,48.808916905264255,-14.21396961927246
2023-04-05,0.8347980881229011,8.047072415436961,-19.834565434651797,50.74588774215154,-20.892735151877883,-5.1013770893546635,8.903254216353428,14.372669333310961,59.04633994138637,12.862970099183224,4.906672370832044,4.52021981118782,30.081528928817324,64.4776380169807,28.36447549513652,-2.4479454470999196,-1.1178307650544062,18.638189277571104,47.004707082745725,17.07218592611759,-2.944299199681555,-5.37854645159328,-11.542404811148332,67.6914977339604,-12.710029598502103,-20.189063149312535,-2.650579361278216,-16.36601987243027,45.6708361904238,-17.469973784511193,-9.917449987316418,-5.51947627783006,-13.735175369191332,50.34106542716005,-14.87385596864259
2023-04-06,-0.6827841527287104,6.6098011567537585,-21.11423554493469,47.76933319011763,-21.566507630325127,-5.490469254638719,6.237138086794447,12.955184625058846,59.468775986455086,12.307583917137244,4.761023169837064,3.836223678610695,28.58728029811828,60.248790501496316,27.850056822921566,-1.1526220545393318,-1.810731291087575,18.280892866637856,51.19684480156741,17.602758523284855,-2.9062462920481758,-5.377398532555267,-10.703425400202649,71.14559357800947,-11.215385299323321,-19.298395555118997,-4.162478581297613,-14.012398141038352,47.689430691377744,-14.505386860601643,-7.477383339715482,-4.716981132075471,-12.620310443004868,57.90527484259564,-13.12128035423925
2023-04-10,1.2685729665953271,8.6516195225256,-20.0334821128462,51.74097725092407,-20.756285793531138,-4.944626724024193,7.377070481497716,12.265820003449491,56.38075729599511,11.251068454205871,4.99981730026251,5.594523147809971,26.515555352701668,57.059508108826286,25.372002882380574,0.8367949052862311,1.4122618112685226,19.566251902992505,56.12871647096023,18.48551299820309,-2.5667940821136437,-6.252026138536326,-9.462162722127875,71.99609659587205,-10.280518751060486,-16.934468875961773,-0.42367547949139217,-13.285959328165397,50.32401837877281,-14.069752713455896,-1.4846869119194528,0.62089697994403,-9.103652853141819,66.46522488644902,-9.925249391474011
2023-04-11,0.5187931049592143,4.2870238871670185,-21.097775021469467,46.69184499841715,-21.328625614762174,-2.91536526936117,5.7707122522374865,11.355728579833336,61.87566673150476,11.029926157706571,4.207513752350711,4.476812979245404,26.03375500488918,61.065288567247556,25.66500789888928,0.6747394565449705,0.40581378106232524,19.342786223186238,59.84367735025627,18.993615423347276,-3.5536193925590265,-7.0537175229113185,-9.424961552064037,72.04156131857428,-9.689964235688041,-16.16503229811529,-1.7515089891046776,-12.489195499900262,55.886958668084844,-12.745232907512872,-1.9944058938859754,-1.8914199891455041,-11.463490737717063,65.47352561401898,-11.722529132348193
2023-04-12,3.662483681719797,3.7652942196661154,-20.477374599946707,50.980875178192726,-19.40144141289014,-1.4953057465913355,5.792810531674042,7.566243391635763,63.650777216654966,9.02160393198319,3.827157996392172,4.570363604618799,23.986103268870117,58.500959533374086,25.663622875016202,1.8562251084942805,0.6073768088144194,19.052010721728063,63.072767305452736,20.662772548025067,-0.6380902236178709,-4.654229638212771,-8.811572817140167,79.79194136675422,-7.5778024959522465,-14.957520630909581,-4.388158068380276,-13.783477081914041,57.32077209321573,-12.616976129341994,-1.268050679602828,-3.8201948810749786,-11.697990633926647,65.61167321318204,-10.50327325779894
2023-04-13,-1.4100023962139385,2.1966177505103435,-22.277264577973156,43.15450504226051,-21.713132183758788,-1.0572337830459522,7.542466875597742,10.678658536773078,68.40556951664767,11.481993832291892,3.1593898887873673,5.474703787956803,22.718734093204663,59.65479495269337,23.609459476235074,1.0611780538605897,1.227870293445088,18.124174924564528,64.51647065430308,18.981551768713878,-2.284146615448357,-4.992879890182356,-9.633757151003852,72.29119590874639,-8.977854799423547,-15.9409105569572,-3.734268568814114,-14.011104115828932,58.099768069109494,-13.38697371887896,-0.7585482337271077,-3.044117194740359,-10.465357407497955,67.80787047975133,-9.815491032922042
2023-04-17,-5.2433630531976805,-3.637130559992796,-24.70847547844389,32.05940134495948,-24.27985917115577,0.5897947298270312,8.10869171173687,12.303738315331758,69.38141873373536,12.943056139180431,4.621853704600265,7.753206623528541,24.208485758448873,64.72271500458865,24.91557440936858,1.381148338378746,2.3834908186842974,19.156403558810563,66.4554539043051,19.834731936508465,-2.8433569713695372,-4.79568298883104,-9.847406987736873,66.93689112974195,-9.334190237844886,-14.939854430382493,-3.074503166557274,-14.791976225854386,59.44399574833043,-14.306907704085559,0.9996471976981391,-1.116869569030654,-9.351914116309024,69.65335119394467,-8.83587664620732
2023-04-18,-4.998541457740425,-1.1014062187153062,-23.307575621237465,34.22565131821867,-23.397033182429183,0.07695458874570349,9.1785472689347,12.536400483848986,69.40215325972282,12.405132864991874,5.469599896879185,9.33099008401741,23.893094642720648,62.041921752895206,23.74858005493694,1.9763884603889448,4.137856611670099,20.187227948601482,66.68186413481828,20.047036053694445,-0.5905922894202553,-1.7108725376091316,-8.74158806098444,72.80601584553908,-8.848036058116138,-15.35816961259634,-0.6386193116981076,-13.135450449563136,60.25827519250083,-13.236773244086109,2.094362546376005,3.0767432632028413,-8.441489814239178,71.51651652701705,-8.548287859729498
2023-04-19,-7.0780998360126635,-3.6368076782653636,-24.599902505016292,31.009519781336877,-23.891212802738526,0.17049943859941408,7.7608639623224285,11.661453209832807,67.3401938997682,12.710965407564977,5.584037722029267,7.4648904714373465,21.13319697739118,60.021375447813895,22.271734620629257,1.8258446515129423,3.2087663118605114,19.351863247722267,66.54405124507,20.473658036342425,-0.3642076472199829,-1.6671390000254083,-8.767504219614441,73.25642311156831,-7.910004926898539,-14.80029209132857,-0.3190672940781014,-14.445899009827423,61.99528231256475,-13.641771264987302,2.210982954588281,1.601584145529955,-8.419391402957043,71.80970736919247,-7.558620178551512
2023-04-20,-7.937441947120583,-3.1594653307556952,-23.666815920119554,30.683799236649776,-23.448095564766092,-0.24013924536094855,9.439704908021929,12.378942781410496,68.39067281467268,12.700946410574886,5.233574645722938,7.48060655426126,20.974339223250183,57.13676980569039,21.320971566476832,1.5581591336261358,3.7380319545879725,19.759514038518322,67.39224332801379,20.102665497260695,-1.4488334137191639,-2.968026167652882,-9.774637299560096,64.30711271773274,-9.51611116011486,-16.199156322076004,-0.8149167366584775,-15.025309919030605,59.90691130217635,-14.78182873015329,1.4774902440726434,2.184437296810726,-9.82598589074789,69.76578779472082,-9.567606882360336
2023-04-21,-8.346420506128705,-4.049327880001741,-21.982287091508024,33.45179716609552,-22.397297277075157,-0.11750927035589775,7.156456240769216,11.57984365877136,65.41839791603721,10.986301886062755,6.051229001800862,8.14924640050707,23.03711737822742,62.04909702059643,22.382629377859175,1.1761906815523693,3.369863562598918,19.55685742167328,60.042742563061836,18.920882439394738,-0.8977549261271811,-3.1249893958048225,-8.72266923167977,66.2265621809933,-9.20821309816896,-16.245898848047347,-1.5484167350620526,-13.830862353928753,53.18756482401523,-14.289233516982458,-0.540156848028639,0.8213337239118434,-9.237035049235265,60.53766432276272,-9.71984277997484
2023-04-24,-8.422095089073833,-3.5886170207945822,-21.368630362227627,36.289445074001684,-22.555186983676435,0.9487362068660854,6.803022765461697,13.807730321998225,70.1869891282388,12.090358278147173,5.404490142389751,8.707503386305081,22.915244536206302,64.91095937235667,21.0604390310587,0.5576418549451789,2.6332218365738846,20.517744359021716,59.75904458448104,18.699117413694033,-1.5310751946948087,-4.067435646425777,-9.572528294095228,60.898390872731014,-10.93708948395874,-16.047695522374326,-0.1418233321908713,-13.938436627621853,54.936556445705236,-15.237115746937068,-0.649950759588791,2.3311416616855984,-7.778497226622239,63.10812196594292,-9.170130556421785
2023-04-25,-8.886547719863891,-4.694999414377021,-17.676147113580065,36.048769242057105,-20.435523824549673,0.519336756323896,5.853966679197176,16.1997189049951,70.54811514171664,12.304872066254035,5.2344587004988785,7.631349256274911,22.460379961159237,66.00965485488011,18.355684801330852,0.678365668786407,1.350067808262989,20.089801127771434,60.179277398630816,16.064564348412592,-2.1822638550787254,-4.24077328330098,-9.190585707558064,60.98161216189333,-12.234386187609337,-16.906800627133645,-0.6372205596847036,-13.696902045597248,57.30057440626934,-16.58965730704579,-0.19724006948336203,1.0929589289144337,-6.132694315778209,64.27751904646914,-9.278990901093087
2023-04-26,-8.664009581483711,-3.547174654739338,-14.901174483764489,37.32184667546248,-18.985423371527645,1.1837006120049898,6.086207051692827,17.855003073089225,71.84865034865047,12.198648096406783,6.906659097284162,7.967430703202516,26.91698399748743,69.21237727436562,20.825706619856675,1.6434223928543545,1.9786118219563331,22.20976173316551,62.731443608646,16.344403657956153,-1.8993562433582079,-4.330450136310404,-7.87283791443757,61.03123351995813,-12.294406097055422,-16.805726299982293,-0.4000890391981038,-13.146850177675585,55.07067034012072,-17.315296433057558,1.2542154377342962,2.060170534072281,-2.450208511748031,67.37952069758411,-7.1320313802834985
2023-04-27,-7.3634477952211785,-3.787780222219994,-14.975570913010984,41.887583380463845,-18.67031444750865,1.16228643927474,7.236488207044922,18.41242290383076,73.28325708368844,13.26680136157352,7.882866248964038,6.953297528734637,25.547805191178206,68.64476297220489,20.09211502681505,2.9948675396176183,2.6882243417968965,20.491852197515392,66.12696603990727,15.255868884873003,-0.6909207952123353,-4.353593630125507,-8.354659175182821,63.491292763466355,-12.33711497189156,-15.451305977003049,-0.826485231884988,-12.23822220077273,57.925100350916125,-16.05191744791127,3.5442726550084958,3.7505859754060955,-1.50216978041946,70.51400311134122,-5.782401065401244
2023-04-28,-7.903346344645346,-2.2188344805444626,-15.035755526740235,46.94837059928845,-18.198223900555778,0.9636534139008113,6.008105284410958,17.43340875128332,75.14292177957532,13.062400175762235,8.02541971853261,8.007604398338831,25.807055031548344,72.65331724694431,21.124369565365452,3.0647704064481918,3.887942674756495,18.923319693541885,69.65720729979799,14.49685489330057,-0.8216409892340071,-2.8156169338644066,-8.735427394213147,66.94776543345743,-12.132401336662891,-14.435996388454264,0.8880775147692255,-11.731762656466337,60.934105958018115,-15.01720950227714,4.791054997884792,4.287726999519914,-2.046652270661642,71.61813236167684,-5.692590232257744
2023-05-02,-7.559811066086864,-1.7848721268988066,-13.574305509963281,51.067498368241694,-18.220948440532514,1.4477004666371585,4.957541334438442,20.274393002800693,76.0533915001288,13.80788832184152,7.72904179189029,8.007440677885235,26.40537758330348,71.27201980660395,19.609242966171724,2.4867257237277895,3.818001938981763,20.447671822801496,72.15573614908674,13.971850875323133,-0.02818681179785898,-3.6045954687426884,-7.218575245010516,65.28369922060861,-12.206931473673666,-12.4389675703945,1.6056209300054025,-8.673812593670982,65.71229875391228,-13.583928567762227,5.827089853415468,3.960283225941885,-0.7029667158175879,71.44527182591484,-6.041632033567912
2023-05-03,-7.655964640805246,-3.408782981809111,-12.601594002016125,47.5385641193209,-18.089527050484534,3.9979466877912984,5.326616449304855,20.039850708700623,75.06634305698103,12.502291455586922,8.663370834407269,9.98288504409981,29.470047569831337,74.32007037221176,21.340346064043647,2.480863531402555,2.5152848001989137,21.637884023038524,71.84696232686093,13.999980836438098,1.179252577703993,-4.0069582739655445,-5.3392761036531455,65.02610467358974,-11.283225642900895,-13.120168118273645,0.20300913196669157,-6.91327544735314,60.17102714762429,-12.758390197591595,8.104182242769543,4.901846903568985,3.466669497282626,72.05070311165753,-3.0302242213761987
2023-05-04,-6.326753944214936,-2.4114349571938254,-12.427277800794567,49.405421756234524,-17.488092334608506,8.278903299321282,5.778927553355895,20.00053436222742,77.97809898567903,13.065721407751173,8.026460186175942,9.334062542157762,26.911910871555488,72.89687586058523,19.577690501063305,1.5496887350226807,2.412664719771551,18.45344803339497,72.23913881920102,11.60804096675001,1.172049905674033,-4.3347237312283955,-5.872086950319022,67.68785853671392,-11.31172498413273,-7.734870216574718,-1.2595820160378524,-6.971922740166359,64.16111139439866,-12.34800142798409,9.532574473600764,1.9294397657097173,-0.055972238534929275,72.15243076467227,-5.8317226727005345
2023-05-05,-7.89138480986189,-2.1131188747909757,-12.262953466449423,47.284093472044646,-17.267201951987833,5.629843042784688,4.0761379195725755,18.409808485680635,57.95151807677277,11.656080976050266,8.968261750236973,9.653279334808328,28.037169186517687,73.98839905998707,20.734326940178317,2.0566895188554035,1.174289923169991,19.598348144016153,73.74273034060062,12.776830025740772,0.9960718469641083,-3.3717051408831966,-5.613058390001536,64.10261209105185,-10.996596225707178,-8.861128692092258,-1.2968851369077217,-8.138826963262913,56.57463646759382,-13.378302808544362,9.348891349623777,2.040580997599828,-0.05614192832994469,70.2924560580642,-5.756629010520086
2023-05-08,-6.117616015016425,-2.8079282696552132,-12.512867846292941,50.12368072959101,-17.39558899119271,6.466476288261003,4.785053456367883,18.84098788338664,64.00498751452079,12.208385006434286,9.180916628693915,9.576755536425384,26.204195809309617,76.74698121599144,19.160646886360077,1.9540044712296645,1.5140106299364797,21.37410248398457,79.18059109460191,14.600124619439026,2.450189999190955,-4.156372991920376,-6.060091918583089,66.37092835050976,-11.302947230530114,-9.627574197667554,-0.859857275650111,-8.121935243486378,58.87183182552584,-13.249717564101527,9.913745479460779,3.1232217936071116,0.7236695515098424,74.16997399806432,-4.897792473865437
2023-05-09,-6.305330923688091,-3.9122820140401693,-11.058301543932492,52.903955635038876,-16.723193730655993,6.627868677955218,4.623688812925475,19.703145297283896,62.66571857884472,12.078988975873406,7.5865873976102005,8.536321765290689,26.6069354788246,72.75287798355602,18.543061592570155,3.344101005825717,1.7261781978856305,23.202539074930883,80.3608091173201,15.355498675372825,2.920898657552562,-5.746714699390032,-5.542284402723407,68.47139418424291,-11.558503840303292,-5.507478776892604,-3.3145891747064837,-7.751327140653375,58.11703986449618,-13.62684779281016,10.007355057975897,1.310139515030384,1.0704225352112573,69.05104094754084,-5.366974735894059
2023-05-10,-8.097033541348031,-3.5928238837095505,-9.78538256066932,52.3850859209948,-15.922800086472332,6.544862952812713,5.310041752821015,19.8204176105542,63.924178327229335,11.668879069844905,5.788845169474821,9.229038138375568,27.054902455729945,75.02013234497451,18.411192520414875,4.068640261669154,3.2481715643947195,25.71286081848121,82.10145094144266,17.160451717760395,3.33650725607304,-6.196106601040496,-5.522554256978884,68.47931309533166,-11.949977525566913,-1.4572982432883852,-4.174006114585882,-8.502145050323328,56.80244947960551,-14.72686288963776,10.531461479173032,3.0058094934512836,1.720259430288218,71.19218701315371,-5.199901854844113
2023-05-11,-8.15634651276902,-2.4092096924025252,-8.74373962814985,52.53733583655513,-16.820496675378948,4.76052019578832,5.272498629667943,23.284730637753913,65.29169552416855,12.37325110816565,6.142425754037384,9.411048334210005,29.88479813638638,76.70709687453895,18.38917082926974,3.1828478838013208,4.079875390197185,29.4789419379045,82.94293796845999,18.019235474989603,3.056729045293638,-7.396047744863321,-4.209004700817099,56.31633107063247,-12.687114511488495,-1.7731493347422078,-4.472917739443871,-5.865828993134703,54.56748622404951,-14.197299359843896,11.973394144940519,2.8978916547933276,5.660817493670689,72.34290093261566,-3.6908340952787055
2023-05-12,-7.834965684751072,-2.3164159004637086,-10.829728235413572,51.269652571241195,-18.776268065740563,5.846339328789618,6.14567829699566,24.29893879985654,68.1594041650186,13.221856174739788,5.739774715762058,9.97808142476444,30.856189985005944,77.34454199686931,19.19474828270915,4.119336933221862,4.813247702152901,29.935452574047638,84.52410932966129,18.35606373942371,2.4079241156346853,-6.969451005152538,-4.011221929411535,51.94367347841804,-12.565402971004868,-1.4118910917261474,-10.013203510013502,-8.160929983262466,46.17354957991212,-16.345303692416422,11.004900464824608,2.2232268084653173,7.0179538829795,70.0988281867801,-2.519108371763301
2023-05-15,-7.077694950692304,-2.0037380875979727,-8.314110093374016,53.517969565384114,-18.218796681537263,6.221000946836774,5.723442935975065,27.409905362291532,70.459962846104,13.646007971687313,8.191880980092826,10.729502703174031,32.79903255629144,80.97817506876432,18.4529559896474,5.911060492229647,4.19483336207449,33.1740831516941,85.81545124535627,18.787490442315846,2.427940929801786,-5.612997803287978,-2.601221363858852,51.98363505263965,-13.123062592027479,-0.9657237568179822,-11.240923849074703,-6.004780745136829,47.06773851149084,-16.158940654074193,14.783771914768185,5.528255377521596,15.754016727207109,78.76607980482346,3.249287175346849
2023-05-16,-8.312362904166548,-1.4350216232303037,-8.190792128601343,54.35560827601874,-18.15492852785452,5.6961596774311785,5.0762244218251595,28.09248495623633,67.29434048821143,14.190491665856996,7.9405130603463325,10.216156945908782,34.504251231895886,78.52686320630215,19.90638314625319,4.679295667806915,4.019816428448975,32.37659365014069,76.61153900185334,18.009642166950446,0.7865811856051952,-4.778470125004775,-2.5850606179116165,49.88457513905274,-13.15759213008575,-4.8818809870666335,-10.694441908259389,-4.364098032890706,45.689120841056884,-14.743549004744128,14.684808235957924,6.918813080087993,17.160936047063768,78.32833076675729,4.445353650662276
2023-05-17,-9.834839731863898,-1.9743412513264835,-8.164570068181442,49.20281690526871,-17.972034819111336,5.160472916602621,5.036704600637942,26.728111329935977,63.551242848578944,13.194320659570312,8.238771656129407,10.871134194934996,33.924295667703696,78.71954008045438,19.621996326052347,5.3234666912710615,6.185810374978495,32.63276627318945,76.86205816548076,18.468394407033053,0.7807340352570691,-4.502390201684969,-1.5699054727675743,46.449586699461506,-12.081640249021508,-4.2146358328862155,-10.854993508902078,-0.01774985103731863,42.02385109981997,-10.695245396956954,13.81795669956476,5.647537818367598,19.09996945121033,70.71066730289074,6.3808178874099175
2023-05-18,-9.645705284893113,-5.7427728904834385,-7.180303720434933,48.292821682901675,-17.229482699724528,5.27654977260521,3.8345279856419223,26.113685734240867,64.1133177539237,12.459913415657198,7.477118415409789,9.813009245740734,33.36452999877457,66.22506416539683,18.92574076367579,4.02454390792204,5.5732333114820065,32.670029844375236,68.90126561032058,18.306431076735883,-0.694819425853821,-5.94899799865336,-2.5187895140490357,38.440481796271875,-13.072650069039781,-2.9782145005557648,-13.114999803845329,-0.5768394622670647,39.89845508991911,-11.34094638113754,9.631150767287554,1.4500836586726074,15.433427061557413,59.73701707724395,2.935959226276985
2023-05-19,-6.556695024168024,-5.178179555870566,-4.883578866131599,55.519424955387215,-17.40002675222335,6.509341240544897,4.499298752831882,31.127627377497767,66.37502217567311,13.872435319888865,7.396110779689535,11.282326135151411,34.93067010842932,65.91375027900602,17.17503253801784,5.391374080608724,6.0601725170215115,36.393870119349046,71.4031414614185,18.445688859159425,-1.172550060362021,-6.87872468765015,-2.416205068178867,33.7694467853872,-15.257336696461888,-1.5197895668083605,-14.339409854578033,3.5413462430582188,41.571237049573554,-10.083744449568389,12.467820361049476,1.1912694814650626,18.98833001479412,62.00684463336472,3.3305580556580727
2023-05-22,-5.170035450124633,-2.872899242785021,-2.0845635885678004,64.63112097443491,-15.6228918201473,5.370560697086413,3.5704879147178348,32.49946603165221,64.67070218602757,14.17935913749464,6.688788259130196,11.708212687420572,32.97924094922118,67.83926863795244,14.59279772905231,5.981362044129446,5.586617102469016,33.40408765657816,72.08319790648102,14.958902787665206,-0.03755151074670282,-6.080434547789759,-3.0507922299972234,41.59801126323159,-16.45552436096336,0.6012632943175555,-12.019786300485546,9.11811884174487,56.00161717251825,-5.96915404426518,15.38653807028747,2.020765163590532,20.158667587261057,63.81440274734311,3.5448675442306454
2023-05-23,-6.6613664636430485,-3.598486824532998,-1.801828970190622,62.03281893563243,-15.212292035850295,5.327923442797622,3.337606794435799,30.827672869981072,65.45651234366805,12.961151970559271,7.2481650752115545,11.861681444514428,33.62205900855562,68.55449716061116,15.373921917003619,5.647057868661531,6.68894205302295,31.30311596545996,74.32984890683976,13.37166603523363,0.6300560459476134,-5.2644520882217165,-2.33220157188746,45.636448476818195,-15.670234142034811,2.72987651472274,-7.953136910007041,10.965586965976136,64.0130073014649,-4.188462136575244,13.820742201368308,3.001230032402491,17.008873537012835,63.46422156635588,1.0295211675453997
2023-05-24,-8.093084139859453,-2.663619637113601,-4.394454498448807,62.24206874690959,-14.987957928588692,4.9157664192757355,2.874147758768286,27.335106518665377,59.74818654374313,13.225831992735039,7.8609972478463686,12.567306816806955,31.548225887056482,71.02042482236274,16.972119711910615,5.933264043948849,8.216649803160037,28.21379147514127,74.4978344628868,14.007154897129048,1.1533881128170886,-3.92176398113645,-2.3968397437513334,52.07340145219991,-13.211687434257813,-0.09555257699526143,-9.302636039461854,2.229608336634037,57.112311426366,-9.097869592545493,12.312927140259067,2.944124346996335,14.756333611294693,63.41066971145118,2.0408409339185196
2023-05-25,-6.846272437697342,-2.4958500804705186,-3.8199371913186786,62.73290205611987,-14.74372395054755,6.198735617862106,2.93244731316058,27.860591449271954,59.79660385885414,13.338643811547435,8.85562966147797,13.509497794134461,30.71397936720459,73.83982376577863,15.867954158238916,6.769406392694055,9.820817157178796,28.599514630243263,75.48270655729905,13.993642746425849,2.4802448579422265,-3.1559579695603857,-3.3074421257329067,52.790999879117535,-14.289436237381082,1.1166142740519192,-8.87359732980374,2.865668884435668,58.028392594361755,-8.817445047130546,15.619972566311002,3.9884190955726595,18.107052869976915,66.54121953975671,4.692877180790878
2023-05-26,-5.977926844396009,0.501033413594798,3.540295837073093,67.80590090831187,-11.515267940960094,8.14781899749848,3.94828104851479,32.12563170478244,64.197882758084,12.913537913062534,10.739938430537599,15.539657425878794,33.51192432274102,79.1355569492192,14.098252809459112,7.232456906792817,11.297568781504786,33.08014875977114,77.81691392514742,13.729260769305496,4.530329946462985,-1.5088381862770173,0.005556730968203638,59.17872521484002,-14.536028507401443,2.9923858646482504,-7.14693727022957,8.384385342958222,61.24824880096785,-7.3755466997466606,17.886985305655045,6.646351000630135,22.78809414020484,69.71133936854987,4.933750886058164
2023-05-29,-5.516001522752423,-0.7019454310403628,1.5658500073235215,65.21627625931188,-11.171759451774498,8.945106248851143,4.369972285090307,29.27966634817365,67.53936385082777,13.066402728297533,11.1399167451242,15.442666751702339,31.339014940008305,80.52050604745969,14.867483623844091,8.144117192698918,11.565647556980885,30.280542743512086,79.65870950151717,13.941756887178226,5.030992930758349,-1.6527238702470193,-3.377595994699778,60.08084086099809,-15.495236393809897,4.300902608198776,-7.096612503213196,4.991808998421687,63.89642165532992,-8.175457945434704,20.237350557869505,8.795978735725862,18.738318589067426,71.52421368295748,3.8470699074638848
2023-05-30,-4.281692035388296,-0.3672763518756672,0.7508764086782582,65.91243947031012,-12.329159587088922,11.10227122898344,3.9967278946161144,29.751768050401918,68.86455517740193,12.906675907188504,12.142702927740201,16.12844408518106,32.24134057359112,82.13211749015534,15.073038356399792,9.144757263897452,10.983382135658237,27.553704478971785,76.4571594889035,10.993977105377507,5.110559304032503,-2.1142428592999085,-2.2072742737246465,58.8745641154306,-14.903266787331116,6.155785848810313,-7.571409663541817,13.258350390789886,59.60059206622689,-1.4454750521135762,22.018230148216134,8.29535675175006,19.758071276697684,70.28305538914532,4.21041612053934
2023-05-31,-4.1788144945536505,-2.846053019295447,2.762735923453019,66.19273452075578,-10.595188600979387,10.316094190488911,2.4451595667212667,28.69195149425119,62.10295146462347,11.963539589739103,12.107700726150771,15.37235755818882,34.28467898455807,82.72343228886004,16.82927950979596,9.372412332222835,10.5359067056493,27.731351704031894,76.96230061414488,11.127806263813756,5.93406012368225,-1.6274639389107004,-0.10399964666589767,61.981449414121165,-13.089282891815134,4.958302321611319,-8.549542346742978,13.700944477340249,56.14197440158083,-1.0788161142455621,25.176467396854598,8.880042704484104,22.14285402881857,72.15626271670587,6.265746333563493
2023-06-01,-3.5020608848302825,-2.9285028344348207,6.820516566607693,67.82370518938914,-7.404404888114602,9.724027254701717,1.8768852073604236,27.52284488005088,55.65053483145497,10.541065439110442,12.400571312469012,15.637054078265301,34.452077443767834,81.62077631363093,16.54755589177499,10.784751324901777,10.024695169007568,29.473732007446763,78.3350933518677,12.232159625541339,6.807152232205049,-1.200223529263822,2.144080196174336,66.89328888995016,-11.458096282249885,8.093910091704771,-8.844871392125974,15.847816022296591,55.70405179656792,0.4207600916062759,27.217764350239904,8.788493288362043,27.13422234848586,74.64268270890537,10.20419443585412
2023-06-02,-1.975483447279558,-3.2382425641688917,4.9963199576882555,64.68615926405418,-8.395534719193575,9.007717894004807,2.1336667300154266,25.19871017865829,57.71755101362523,9.230122583194976,13.87165719376342,15.903797835309174,35.50788258709652,83.21444267518396,18.224401871680417,13.516838505499473,10.37248917057212,29.660310105652464,81.0886813965518,13.1226635386674,8.385629988447807,-0.7184157591367035,2.7322286233326665,69.65172819333534,-10.37085038848683,12.086567866384378,-6.6655189128782215,14.214487751090665,59.84440012767675,-0.3531068329241438,26.26366716489148,10.253816856423569,27.16321401645483,77.49383105897292,10.944061925792559
2023-06-05,-1.433387090890914,-3.647641017333303,2.0849058668830134,62.33534359766286,-10.220940044621496,9.517477024898046,2.4358359596263757,23.836207903586516,59.94769524776189,8.908346827692238,13.613458087547281,13.265394633620886,33.511492338560124,77.46515999123918,17.417322116414425,14.439829588238041,12.012927488435675,29.280628202568714,84.09387790994451,13.696468365287462,10.108030323309535,-1.1679187454846307,2.0880098233170274,70.66794352215229,-10.218210255252325,13.414051575939734,-7.31230952517814,14.667560248368993,60.934285966919276,0.8449356842183064,25.267032680972257,11.009685427537018,26.99496713724665,78.15042588305076,11.686332781787922
2023-06-06,-4.680413714480314,-5.6023469607436756,-3.5769140635000474,50.244286306946556,-13.622041954531527,8.517346554655525,2.1606383731391787,23.27330958463918,60.8027122186469,10.430989218083964,13.261228121015467,12.082267018158577,32.18822002087762,76.96772236850207,18.417165476201625,14.632705469496422,11.318526395311256,28.178459537592392,86.1689533877691,14.825132308691469,10.610652488804217,-0.998918174833674,2.697071611215751,72.92584455407307,-8.00166519387313,8.940796000830776,-9.090978066545553,13.362343000604593,60.187295413709265,1.5525235739791698,25.304838188933854,10.718649484441723,23.488599197061056,80.28224390558049,10.623850470436413
2023-06-07,-2.7046399375787566,-7.091148218216292,-2.5787602445274893,54.15772927270787,-13.721405919216224,9.620002884004686,2.346631665242538,24.764900599559603,62.32758048766064,10.494798068447464,15.118346520703785,13.750630010488262,33.31128969129451,80.76531284824556,18.063685891606298,16.333174416159537,12.338773819337835,27.901633740081277,87.18582818218283,13.27276441387788,10.922029605344562,-0.5716180049549213,3.5003525618005904,73.83201608693038,-8.33759734210343,10.67718841142642,-9.108983529423142,13.59523697904459,65.10980551958471,0.6026752012758818,24.719786320577764,10.292996679331079,22.97788991523422,82.73240246828901,8.912178407294213
2023-06-08,-4.111577569723702,-7.925390008915834,-2.2885619494544707,48.284597048544846,-13.361922055340592,6.651657057448679,2.069449519467792,23.511432785320107,56.35718203231176,9.514232460437967,12.62607355208103,13.264105852558172,33.06647003911378,70.54473031306853,17.986424446089288,14.897495703928353,12.613876217470432,27.060451439937736,78.39146682959594,12.661050898078319,9.587243234587106,-1.3417991458422263,3.7577065544952326,64.32418024035256,-8.000860010091039,7.053764178217525,-9.362906933863623,13.697602886556659,65.61431816189946,0.8125760661797043,20.934466019417485,7.532101745281405,22.3900743134126,72.80468966562808,8.519954363304926
2023-06-09,-6.045114325416878,-8.209864819205926,-4.823548161302938,44.48775629791636,-14.746543851249038,6.3810789308068605,1.5151572517201117,23.518688408935052,56.22773218937296,10.640761263816145,11.245913633581317,12.23380426889058,31.632219750796242,62.03995495774832,17.908384453186233,13.29640962082188,12.44239091615289,27.277786021034412,74.21655494531807,14.007939355043186,8.919023528506887,-1.4697927678609557,2.8855208580885083,61.14809380093977,-7.841214172577759,6.335014311729359,-11.443233290718135,11.890585843439162,62.82677827692651,0.22499231036980927,21.617666166665384,6.8374290534154,21.33642332487984,72.89173015673367,8.68601681753487
2023-06-12,-4.263156581824834,-5.449528627270639,-3.7446771045643312,51.89475705074611,-14.182876289855939,5.6932724198961004,1.8687641720019244,24.577312313156984,55.24810706591599,11.06779657130419,11.024344475854075,12.088670647567778,32.62968459861373,62.94034943744544,18.246946854056432,12.706706166711479,13.10371541322275,30.062524441868476,75.24586319630885,15.958176798248891,9.411789443519414,-0.7664772289560084,3.5208716371686766,60.826579836941335,-7.705224182567139,6.991236601443851,-10.23143197111942,14.027548930294941,64.91867200806658,1.6620793381562304,24.186221633571,9.085025174368045,24.247263713051215,75.82836463966936,10.773539373949937
2023-06-13,-2.8345064838430467,-4.265901990001142,-3.086875082608831,53.68490877456733,-14.202070876033723,6.84276285092742,2.277710812852085,24.837481992533505,57.65385239652856,10.519575559447691,13.703465403146286,12.549256768058914,34.583646225683154,69.21781851067115,19.14792913713996,14.68641114050795,13.889347933532758,29.683312157337216,74.20906862391298,14.809625987405761,11.053891885711042,0.9631089620162792,4.683619534333494,66.11129016703833,-7.322792687750468,7.828954332739424,-8.669308560892986,13.714010251038534,67.64377095191654,0.6718811330969521,29.43078001657642,13.714789069148537,29.045851848087057,80.68631875629984,14.245277510571409
2023-06-14,-2.3369014528439203,-4.1837928565498945,-1.6920602579040378,52.871728849399304,-13.954676951137312,8.651381789850232,0.8983694876935733,25.695824206440278,55.479091515286385,10.016930759712995,14.190325164470963,13.11172023063467,37.50193243361299,71.48523371788394,20.35038296125389,15.23435553970225,13.747514175046561,29.22409342311958,74.79593232385058,13.10509500513386,11.065175627791369,1.9491354621296253,5.677274123331277,64.94975582863091,-7.504569674431172,10.2746736806391,-8.024333162743169,16.362561883683036,71.66445439271507,1.847869605870689,31.144049332779122,14.922420468747566,31.606811446518577,81.07702398068204,15.190600434253575
2023-06-15,-1.9407523832302598,-1.6094418158104529,-2.6233253440201554,49.99562986307825,-14.773718669453473,9.803947509631916,-0.43393784064916785,24.31729545020127,44.713520889155696,8.805325646236618,15.77815216070877,12.75349433756865,39.70569084106577,73.41032090412203,22.273599433987744,18.078432959015743,14.285430268291744,29.21628762185422,75.41683536456048,13.093035064662551,13.479372896858344,3.020809945928127,6.84212942287612,70.91673592975171,-6.48933728412625,11.061273974978736,-7.161512133970838,15.983874540153597,70.39893952947519,1.511726050288975,32.78667833620275,15.785951590003023,28.188005493390534,76.53493794616308,12.193059148692642
2023-06-16,-0.6805644763256513,-1.5892986996781433,-3.940486867165671,48.00951268838404,-15.920629670088715,11.485890324796987,0.5260020501711038,25.233275263865007,53.53444554743981,9.61470223128893,17.276660568722345,13.469594646850403,40.0622088751718,75.88836027483669,22.59423294136662,19.62569856309717,14.712204060065526,29.32942352004291,76.89394454200828,13.199995919808405,14.174918604706965,3.7929025049518783,6.225381082550041,73.09958098735609,-7.022606473914883,12.943711921545775,-7.105534451119134,18.06107706058806,71.70726330404135,3.3369907465456317,33.8596924478985,15.013338204199389,27.584503123665826,75.27027598889148,11.672694735173783
2023-06-19,-0.02855229136559112,-2.274773525918916,-1.3945036944231548,50.31454068576179,-14.820141487856942,11.733864256174531,-0.7106193622043233,26.53552717283567,48.414234211769454,9.307074201420406,17.22615922832844,12.955313524351997,39.26172335796385,70.2257070776107,20.300534313295373,19.4976404112726,13.500117510730036,28.810779316416536,70.03289120180278,11.272539240702484,14.01673694605925,3.6483006045984645,6.807605820152629,73.69292413647716,-7.734790730252639,10.45134870470934,-7.713478131508477,19.299219550067058,68.49843785726677,3.056026515928334,34.033936184317895,15.100891386981496,28.193272552714333,70.96531086507605,10.739109150766723
2023-06-20,1.4501776337129346,-2.635465553428573,3.6403931494461084,54.370939411956535,-13.116267673977521,11.841529191712553,-0.6404060714557125,31.01598856568075,50.631810515758964,9.833219800273053,15.99579314087045,13.526518753580064,40.68870039319452,70.53147393836365,17.942039920982424,20.16066706147466,13.699916447622673,32.42086106367306,73.1020823613727,11.01095140045858,12.736301767720137,2.7573815608294305,8.587704356153658,71.75565062559207,-8.968841660287142,14.161829439279018,-8.216463590714017,24.93299804687501,70.67619635458965,4.733732004857671,33.2085153223854,14.012589605124326,33.00244101279173,72.11050775745952,11.498501042928044
2023-06-21,0.5934959932928363,-0.21400614918521965,3.8362114893570887,56.020159838765025,-13.370384976791572,10.760863496257421,0.8310874947577096,31.665952711000877,52.17779287507972,9.847717202077156,15.774001902692714,14.029558112099206,40.36606839135444,66.38919679020736,17.106145271013972,20.67418174678761,14.441370631507212,33.08267337399358,72.5184197229869,11.029674477579853,13.45948580749119,3.367643815921828,8.423294146683302,72.02730909354497,-9.54342327447122,10.444256097959537,-7.763224837707828,23.303713226143618,64.15635880586703,2.871176196636993,28.859655241619663,15.138291001910108,31.49616992687021,70.08619965367646,9.706068956095892
2023-06-22,1.2945252935735452,0.3795917206366184,3.59084223047037,51.48905733801596,-13.40144767279493,11.084060699086873,1.1704470590957472,31.153780133654617,49.74638636047448,9.64026594692806,14.03300571487025,13.762020225283123,39.985183551090245,60.172364984657236,17.023030045572508,21.187462372798027,15.082676341950263,31.189681302563187,67.03716678240667,9.670278148657442,12.891290028257885,4.199438168598735,7.384994546666035,65.80113986466986,-10.229660564814347,13.162490011648199,-7.010679158076627,24.258885213769442,64.34879396600112,3.8763595469603285,29.12657918809336,15.97317006590493,31.253211472441734,65.32319045700224,9.723387290567342
2023-06-23,1.3827560852494925,-0.007523475637827293,5.224897152426022,46.626854142531755,-13.4061496292047,9.345099203048491,0.4829225239164625,33.7439739407049,47.92141264268249,10.063359345844013,14.183632911601585,11.53139118348594,40.03861754233113,56.0569777098531,15.243477748688573,19.834128465868073,12.107439934911879,32.79850240089672,57.61440496464864,9.285292336385265,13.345222346083595,4.26878373802555,9.27887506322711,66.55024394726638,-10.069966215255644,9.877153431840924,-10.459847378484245,27.871570225608643,50.3599728978357,5.230719330189482,28.4266476360282,14.411467749176833,34.20703667296516,61.84570658773902,10.444432514217405
2023-06-26,1.3200981130806033,-0.07828882699868478,6.949046738755427,47.37279272666654,-12.492225503734101,9.10521607104544,0.6505101891431053,33.284948617137424,48.28518267553645,9.056317779299317,14.465910728338827,12.999977859166002,42.38422615921949,59.84747716705513,16.501522309045846,20.62476759182794,14.274338579365997,35.88759086100046,63.68198232865751,11.185849902449041,13.899966710457324,6.103359779861051,13.424738226121825,73.14028491703688,-7.193689727458685,10.755869336371893,-9.884001101224237,28.74694375327922,53.60273022511573,5.343234601854219,28.975400339091095,16.18687996572996,34.66172276236412,62.9580748637859,10.182820961016104
2023-06-27,2.860435156745278,0.12480906203011788,6.800925695897941,51.643278629516736,-12.877962032057921,11.370404398533385,3.529180569726975,34.99245238392743,56.87190579284729,10.119060161197213,13.986103597654465,13.942683627532503,39.77394895810053,59.27686264997792,14.019529406799403,20.680503002047335,16.025033882324813,36.96244547147036,64.08002615855713,11.726066949304958,13.972258672584204,3.920157152153858,13.327255867625553,74.17754930850431,-7.554158129537846,11.455383349865889,-7.067405866276855,34.95391892888797,56.56829902648311,10.087626790080728,31.9958958335387,19.565714883470832,38.867154574763994,66.92331269214556,13.279818826770251
2023-06-28,3.2479988712899255,0.2749961177058724,3.712065683019783,52.49022745271839,-14.509608006386676,12.520383809558755,4.526217270034882,33.55221479043931,59.94717856491454,10.087781193612955,15.165109714824677,15.099843604619378,39.05821877658755,62.4034447796271,14.626408748606101,22.513491886003713,18.207122223662964,35.23126551879805,67.59220660691767,11.471831390658194,15.8855368209188,5.6620969149328015,12.600068933730801,78.7059607429967,-7.183180970730807,15.599581558892162,-4.727540672815122,31.569132122808874,61.52607090831333,8.453115897005926,35.778969267730346,21.849234393404004,34.59537247725712,68.31484152547259,10.947661468582837
2023-06-30,5.775750257167145,4.69577800111638,7.547182010934872,63.923989277983495,-13.614436775394722,13.481804241613649,7.391324768580776,36.23828077474409,65.35726164320248,9.431231924622342,15.505775869699923,17.78149525404742,41.20695094004241,65.33348792602952,13.422237199525245,25.862276859141332,23.795769782813014,39.20681021604202,74.9214538873456,11.815655978701866,15.861227409480128,7.689417923094899,15.314871997557255,81.31416435617845,-7.37516335230981,15.564364998100167,-0.3034666400730579,38.26421193912486,61.349759236562754,11.058528906439303,38.09587487914128,26.87568433722649,38.3346657204783,69.87852263109973,11.11511978562103
2023-07-03,6.215977992974264,2.7536803221441364,4.984336840779036,60.8946819766225,-15.476758570176841,14.12812746128047,5.3643378578595025,36.2867922410725,69.6758096807049,9.72495317809965,17.088196606670113,18.36223523972478,41.335602213498056,69.9146994354911,13.78976700723138,26.757113109238695,20.63524073685892,32.988684443637496,72.57312848776519,7.069635537269425,14.661588923386981,7.241182378542321,12.2600417305075,71.33567682966947,-9.619064180019077,17.731655352553123,-5.404020070173477,38.745306109053736,65.02309135583124,11.704310932553042,40.83333989625335,23.25609680272267,37.09277319940896,71.98972105947477,10.373851148781021
2023-07-04,6.135198224265803,4.010713968953028,7.027369961709251,64.85386428119483,-13.340067158112124,13.508596164940023,5.777276854919533,34.71725185969679,71.03295825297405,9.080396939416403,16.276715174533884,18.4476551627349,39.79991078838132,70.47797490141065,13.195819766078444,24.038263609924137,19.274199427470485,29.79992493201391,68.50394628210877,5.0988432352838675,14.510782460226078,8.327687584173749,12.292663705160622,72.77596874015782,-9.076765141407861,14.926192645823955,-5.147561571817249,36.51829748061284,64.9980249954755,10.53870141433344,37.20320623934157,22.427723207169947,36.46920551883941,70.68997897600543,10.498951711879911
2023-07-05,3.983643855662322,4.024967309706273,5.2772986329754135,66.20666575158614,-14.078127934622465,11.18764725879089,4.392767541632292,33.54231993030161,67.63009533963455,8.990316785836395,17.14697352389716,20.82367039352475,41.133029040478995,76.65230656937399,15.185459950783331,24.81338011402614,20.95278729122272,30.77045405450125,73.91846668142793,6.728063591126232,14.603835582240364,9.004853556588843,12.686199541713062,74.9091919184153,-8.031367196156658,14.458514058985795,-5.903908827491944,34.84559646953274,65.96449142725098,10.053983516686094,35.76868881564461,22.945651528711288,36.06727669186611,72.3588475876881,11.05105556480237
2023-07-06,4.093874965075273,4.134974625212662,4.5462663750656995,65.32062824467306,-15.009812367934295,11.091666929073796,5.47608988874726,34.77147455513683,69.60131588558869,9.561568356716466,17.550221653469023,21.720363240147968,40.84694781604439,76.46330614805532,14.50058368745697,24.36735258451108,22.534630192496262,30.60329726387858,76.89543877656992,6.173076520988485,14.945781055369988,10.113037717533935,13.566196308369749,76.91846712579616,-7.6771206895021145,15.47139817430585,-5.920364852144844,33.33368671282146,67.81431692752605,8.392728351898949,37.58474903479425,24.536826123726073,38.20354447821257,77.82163064979636,12.351646633468238
2023-07-07,2.012789419698646,2.8643902354151374,5.047422109699307,59.58578163393987,-14.148986718872703,9.575446593688785,3.985589865600292,35.03354175974038,60.80543578479691,10.357457176883344,14.195474062390456,19.798671836950433,40.47430313038119,63.34056677165573,14.803971592082865,25.419065270959894,22.348874972864152,30.786461409856123,77.61845145276591,6.886490025084369,13.028812877508745,9.700906444546709,12.759447706908178,70.64272651098933,-7.8462598296876624,14.245041630457699,-8.819961969273804,32.04462566660702,62.6957560088672,7.914736831592029,35.26791807508312,21.8527899511026,36.273883261717366,69.85467222167337,11.371138166105155
2023-07-10,1.495588170389306,0.8025923786430855,4.853584103867936,52.20995369938613,-14.516207607863462,9.307403724324459,3.305914329796611,34.214612666735775,59.55232480029167,9.420905191270679,13.938665574602105,19.363311842012077,39.48433566252252,58.04554538418117,13.71714275325675,23.52849729814057,22.10468059464119,31.638340514395868,72.4462106121089,7.3205524403517686,12.036891911438152,8.78082389453596,13.096508007999885,69.61725496612816,-7.796013903974597,15.502613644122377,-6.787537613421202,36.99286042262955,68.56308575293518,11.685922228203616,30.4207981222927,20.668735091972422,36.750594629444656,64.79244392055045,11.488410631958912
2023-07-11,0.9751569324149001,2.256100476236722,4.491660319623714,54.37298978249541,-15.328775350344948,9.576187118973522,4.158053687522001,33.411767227086784,57.25831237763409,8.10563904563315,15.845797664740612,21.637875898009405,37.33564606491666,63.314874596953466,11.285219363905941,23.783464008659116,24.8192777290704,33.34628251376195,76.26197498239975,8.052575759471514,12.982216815733306,10.082195960666262,13.330994852953705,73.12488663769213,-8.166124496337234,14.341368837238,-5.021734680852719,35.61375700322049,66.85146868265784,9.889945759115903,25.038558906892018,23.1821277879487,34.6065364848412,64.73625380634286,9.073779239007319
2023-07-12,1.5424209698089886,2.069216048408995,4.400759299028656,50.462657469373546,-14.713326952527906,7.912076725732176,4.766045519423812,31.522647224250065,55.17116675253643,7.4429830536394626,15.149873242334365,19.994819994820002,34.01743423644792,64.0286535817306,9.481015014910653,22.546220035026444,23.37308773410718,33.55086692987636,76.12685832612289,9.099868617150864,13.306505652947154,9.280023695033046,14.065083011647662,74.0526896727785,-6.818384212291162,12.261279936488334,-5.8857922235226345,36.845551731169834,66.20072966593416,11.79135005204699,25.71701056293909,23.2097030946546,34.538971980495184,65.60280631673068,9.907067654346658
2023-07-13,2.235478930058954,5.979836662800442,6.979737610593917,58.41050958737006,-12.87409477244228,7.476551708904222,5.869448654962772,32.08453407963179,55.59377587337832,7.5716285651883375,15.000991967183586,19.40226162718597,33.60832824678859,60.69163553611705,8.812629423474805,20.66131734575629,22.90106301456816,33.21859993738157,71.0643229457404,8.495228834276404,10.357315687247448,9.653136444799992,13.428423865842444,70.248869633116,-7.622187821967574,12.012016646082824,-4.742203852852899,36.79335717636023,67.16851502237151,11.406564825288768,26.911632796716557,25.302328974542743,36.1745482389952,68.8952825378784,10.90259753171512
2023-07-14,9.182928810873904,7.64344689838401,10.489654349534462,71.24142225794063,-9.698307979341392,6.376898502892603,5.252245994563531,30.577714157861703,58.1534488597809,6.719390137131898,15.67073045484464,19.325219817121496,31.206441971496556,64.1119749569281,7.233240829542131,20.57064119235317,21.850110376085418,30.319935700907585,72.24203526993338,6.508711309630177,11.753840114806291,9.201218558190384,13.09285791557173,72.02654785231044,-7.570745104144749,13.299365445141875,-4.761585062068264,38.671692413256366,71.8965384486863,13.334488500353793,26.952016062064054,25.98902378654433,34.6974392496491,72.1870768090296,10.086385433103096
2023-07-17,14.933984890872987,8.90757879153714,10.09084523144792,71.92197511409985,-9.895785929874268,7.541426534443874,8.175700200524805,30.154316357762134,66.62202264472009,6.5252279478427155,14.528171273067358,19.821495799862564,31.35178128676619,64.25349004385373,7.505297054203197,19.47230016580932,21.12238985437227,28.171307033594474,69.57626942138576,4.902227449733965,13.303400931212783,10.081780782036386,13.430510615822278,74.58387322720446,-7.1624258209240015,13.35861547977155,-3.5769966572033574,34.24785309331837,73.32978457661284,9.8755965416077,25.67536844077276,26.93167873958775,31.221890435030385,71.98862837366842,7.398987459740991
2023-07-18,15.475426180623032,9.703339129482158,11.047137634181725,74.1786013167985,-8.793946234352202,7.4426535350494705,7.525335587214843,29.28856677282439,65.73805938719056,6.18823882891395,14.621466115283187,20.890801707726126,30.336768712469684,62.317712944896826,7.0491557737476285,19.29012672462771,21.64776302359661,27.953089623610317,68.85474877655663,5.091374891049427,11.182372385403294,10.525737866900586,12.592525539021594,72.18004822243934,-7.524676847130984,12.136893372760472,-5.085280909724387,34.31988962180901,66.96720024270252,10.320602004167668,23.326029795031754,25.908923972991403,30.182478781744226,65.99537700756423,6.9224332303570835
2023-07-19,17.4842545806952,9.168601749878302,14.510299780823544,73.83730290827401,-6.37397565827068,8.339186746809313,8.5239044519958,28.757503752151404,68.70881021632538,5.274837316407299,15.285717447256953,21.723315397623864,30.392776428312974,63.89779825282204,6.611870576094114,19.308525048159495,21.48691337155031,26.612123163640078,68.81635663670804,3.5207291218894987,11.62190068660962,11.215365188336701,12.15891990350686,74.04006110137966,-8.296513194646703,12.023217912592866,-4.5565455485763735,32.298370091034286,68.48867762428557,8.169923947650059,23.380517656233057,26.10843987089517,28.55773650812745,66.70914019236184,5.111503425155028
2023-07-20,16.92673113304146,7.645739728690537,15.083642210521454,69.75998766654452,-7.501190335945451,9.267671577615054,9.005277015665115,31.467348829203743,73.6385627083809,5.667261157282066,17.259684522692087,23.396557641526417,33.67828843121438,69.52540018483643,7.444310245205399,19.525645542799673,21.38804530585041,28.657389953771293,70.55473809740995,3.4087485990248245,14.52754093580424,12.868227654815435,14.84580609101589,78.31281596833557,-7.692351803612074,12.650792172572656,-5.597685749519343,34.15769927962591,69.07902540293281,7.829638098637259,23.94267914565451,25.773920138273844,28.47046882513795,66.81141476567743,3.2585102022592904
2023-07-21,11.36730985373462,2.0721258669786247,10.839806607667967,51.098814436477845,-10.370197950411676,9.39550600396506,9.266956143057659,32.29585456760926,71.0376016677491,6.9800789065579405,15.058485736236626,22.020938194140683,31.11521904221597,61.74504794032769,6.025366590897963,20.867135260199632,22.28876324218938,28.85279054417149,70.91975359642475,4.19587026969952,13.775581372177825,12.754155485679263,13.085572525373813,76.66400991863824,-8.5541757034028,13.462722406011718,-4.9703167063096965,32.21619199232948,63.90383483257693,6.915660345468599,26.58795173221664,25.904178242155893,28.069748630955658,66.51789514943925,3.5626691317140358
2023-07-24,10.475440331851903,1.171093697030301,12.517855393952694,50.782086876035656,-8.837388749310248,7.710198087872278,8.732083735619112,32.53100916239751,67.53830513754788,7.377383124052939,12.416424455796292,18.491959033936833,29.034675175785686,51.20893636624534,4.544633291521039,21.128723550098115,21.8041880109743,28.90766267826863,71.68981738693985,4.441727038157195,15.076662003281683,13.314751776466638,12.664490249882077,77.8289512926592,-8.718584348710113,12.137710162650839,-5.857808130013986,31.316017872415756,58.744993610048695,6.392990218111261,25.502342152818347,24.686638726694387,28.612482285153938,67.32938200253697,4.202570192053767
2023-07-25,10.28448120503187,0.4839981551423955,12.3708941584308,49.79109213270241,-8.363413093581018,7.41942664339188,7.977295209383395,32.18578714906706,65.74903353195381,7.7953011106309145,11.18786504981124,17.00794792581004,26.06617115159484,46.96050481342394,2.8048564996301817,22.170861037308253,22.999626215846103,27.53636538153137,75.49369817868593,4.003775332926551,15.466904701464257,12.947112175586017,12.96928997800817,78.83264228318632,-7.875431299578128,14.73271297597265,-4.664918060976541,36.28769404344809,69.43616289633937,11.140337656117794,24.389675054140135,24.144328772633237,27.380952380952372,63.91367129490256,3.8770386273000668
2023-07-26,10.106781417421029,0.5671193255523344,9.067290474539558,50.28933498029345,-10.232334535384558,7.547188396248461,8.820225123489012,30.273134769273735,68.2699962931971,7.221102955013103,11.559590147718279,19.264630729548582,27.508242306717158,52.117192687114255,4.945462471559892,21.510473877936455,23.50740421530988,27.03385327944914,75.32072799467952,4.55501731321224,16.218689929275577,14.011282986154772,13.88214361128519,80.59026328339935,-6.269477075919805,15.60859009862201,-3.820273132620844,33.407728511710474,70.37248445165267,9.801025507542494,24.177075450763397,25.734523501193827,27.34649913275089,68.92746525378871,4.812340001306725
2023-07-27,8.73598303799088,0.7292656923678642,8.772165643458862,49.5420400542329,-9.592777443153988,6.228828317171775,7.463511583302718,27.88180489187586,59.90214010570663,6.290416554984168,10.852478654670605,19.590831280679687,26.56722832866334,48.72391582870414,5.197791293592058,19.126671404621256,22.6943574175452,24.189518338009663,62.723347767336286,3.2215305928050553,19.175122197560746,18.351716495578096,17.644808988483728,86.28515136768513,-2.2181790170223703,14.387135427981757,-3.2871708653245624,31.86835914020236,67.91109632974235,9.603886458164945,24.909617704938867,29.336755128730687,26.814992569237674,75.55226649528501,5.403723360005608
2023-07-28,6.4314925960403,-1.980156883600348,4.774688047566111,46.14626622252918,-11.892375552900535,5.167711461944191,6.181163703768577,26.399703933790807,55.83829526924549,6.292634718865253,10.770774835156672,19.66059444114867,26.25473986143152,52.91737883625185,6.17073084796127,17.807308153420397,21.41783167033966,24.19093645892452,60.77170732049011,4.435227564590183,18.619065185842953,17.644442325229882,17.708766114836962,86.69082551071052,-1.0157896698367863,14.508395980827427,-2.0220319274417364,31.586968666290872,70.70505416030572,10.654733823863904,26.477197143894806,32.53678921884195,29.354319029574683,79.65492412337608,8.777243569495985
2023-07-31,6.791968666369308,-1.281302398562889,5.5941657567602165,52.2137659646473,-11.236448096775431,5.303087779229276,6.8275610723925295,26.106001414859993,58.46751089440532,6.006013889829087,10.233784201325724,18.753799451028353,24.487031578885123,49.82400107913872,4.645091039258542,18.255454035768114,21.196142830986652,24.851866392637547,66.3911136831989,4.951774971031897,19.07699278966546,19.043428781813287,18.498629759717033,86.97903537581323,-0.3888216952531498,14.896297098138378,0.6043839625168301,32.771459610869556,75.295072509276,11.609067243204251,27.37385873725884,34.7960479356414,29.394977168949765,80.95019651717107,8.770761051420294
2023-08-01,9.17287818202297,0.8146412310578999,7.528005817186179,56.54754234514782,-8.895816430457003,5.2635850971464615,9.47196711098821,24.099979351544953,57.29122928984935,5.144954692469583,9.103160789051866,18.555172200267055,23.52412123333196,48.556227075147646,4.657053114522713,18.150261750764084,21.08140850679545,24.17644134793171,65.24645921489993,5.2097378873403155,19.182794971449436,20.588261153329924,18.89233676029891,87.07222321165531,0.7327271709802963,16.240716012254808,0.9897386495619331,32.90178387854286,75.71221273504068,12.602372034833142,24.764678838406052,34.87583578607663,26.666669444148173,68.52462243458062,7.319608668292488
2023-08-02,7.748036276885495,0.9310831419234944,6.477174685905163,53.024362584533215,-9.31209961046029,2.9992824233970206,11.52649341422487,22.51737929422182,46.935063773298644,4.349537092785316,8.971255210855645,17.71778962473116,23.549111658134002,47.29140426962352,5.228276053723557,16.0717892152199,17.87054065722744,24.189252381077033,52.22657069209517,5.77349166719936,18.08623651662147,19.47026614032854,19.65441535075452,83.02292584355219,1.9111159974669834,12.525770181582763,3.8220478978362005,28.342580529966877,62.67492326251126,9.31093159798908,22.849469514381514,34.56018668626339,25.348577008928565,60.29339007258503,6.760902506000077
2023-08-03,8.121231226326596,-0.41103119090339924,9.308562604236048,51.99296071241557,-7.0344438852982805,4.341767305936206,10.216045033328047,22.262562352019245,40.55553610434586,3.9827697873632717,8.044226921410091,17.733915997742123,24.553908735778897,44.409930367148775,5.931531034813564,15.240750121889214,17.610894551096457,25.278375796745813,50.18819409649007,6.5476811478968555,19.755564075455332,20.948415534384,22.340966280865192,85.03912920157357,4.049451341608301,13.692846064160635,3.6183766607130075,28.113484697933888,60.12603354321505,8.958905569527609,21.031353598112034,32.346443344978496,24.370818938598514,52.33981731455105,5.7758154677227225
2023-08-04,9.008112048482865,2.3394143281378232,9.172915464301191,57.68194410264077,-6.910185486235198,3.6861195822936788,10.390957919300646,22.010451619603867,46.49982737271192,4.036154587477014,7.235911479003887,17.081151107911218,23.8230944924555,44.29888581711418,5.581763112227223,12.839504504297249,15.044393467624628,24.354743102262354,48.07299957841817,6.035090480676986,20.357578082355744,23.306567423798064,20.683031956662703,86.59904335117567,2.9042873136244207,13.296211935106994,2.388535067907882,27.519182595558078,61.250187266546874,8.733352079885215,19.188685119788328,31.004748002880067,23.16391191640492,52.684520953725375,5.019689785942183
2023-08-07,9.435387815327733,2.5351244659498784,7.383021559360037,61.32467717821101,-7.234594185327802,3.7949579363843577,10.674351442746776,19.9578416910561,45.932283629206395,3.628466619107318,7.656537578467648,15.82399489109918,23.185401858626054,44.577541739531824,6.416672095057652,12.766240910173288,16.537257906682235,24.28353519451958,50.78892670586881,7.365320988183366,21.723794398375485,25.279223074879663,22.262676263947114,88.72602133143134,5.6195533978652845,13.454171197626486,7.205706797417788,25.369640482241174,61.18288217122501,8.303579162612351,20.914155583716564,33.01446444833245,21.374217235711136,54.89766351498801,4.852036698230777
2023-08-08,9.729544149972845,0.8447061553812585,5.737620677184441,61.79632275944919,-7.297201388987662,3.7695795695007694,10.561156339034516,19.934107033716252,47.9982872273148,5.149210845986363,6.745108570046421,12.924417631154217,22.21129169365843,43.007153893376845,7.145675203503887,11.58328995296456,16.123212613285908,22.326441033437796,48.71453889530277,7.246629490042511,22.502335643712314,26.589634961323718,21.93041343825477,89.4754221545998,6.899422259867172,12.413041598549302,10.7748483181066,19.30438655627038,54.527945271165976,4.597119260909754,19.675023384890842,32.278552372861945,20.04655969216462,54.07613963143455,5.247800885015508
2023-08-09,10.09910604672266,1.1190414500909185,5.886552981690629,63.019560897649896,-6.477857808086052,3.2326364907085736,8.147046999493512,18.41011527648981,46.729685292617184,4.583323623384539,6.837612235239954,13.400033244175935,22.760848686415013,46.84429630347621,8.426020331742713,12.188356028705961,15.75914074443714,19.550858084917856,54.72281438256694,5.590861484709175,25.00427929747817,28.82532141062417,22.950062777025515,90.30315187184118,8.593139825091868,15.188972843128923,13.146500337464584,19.71442529449492,62.15361607703125,5.735328892526748,17.634768847978542,31.71964337363673,18.115548795595604,48.55729744493486,4.323153776171518
2023-08-10,10.127583343373603,1.499124978974642,6.34753419793157,61.66995244873164,-5.611402958586565,1.708584909539601,7.654813909861402,17.142641111375134,41.90334683099902,3.9697782522122083,5.674884322507823,11.740384613761922,20.865564067665932,41.71832168453699,7.27405302818902,11.02979623081486,15.603487633831769,18.590405465777483,52.788541550916655,5.254739368511063,24.77836379191265,27.78293210475251,21.91089260976242,83.37297911728221,8.201832833146216,18.141241632427317,16.473215966164425,20.84766770002244,64.35278703325775,7.25816913349655,17.74122481482756,30.698529411764696,19.83146067415731,47.467152784973145,6.356236087296185
2023-08-11,9.42202121466491,1.6774643442091008,4.766643751695554,60.752185243702336,-6.234818063265079,0.2881641571366833,6.527091798917373,16.3476908032639,37.66680118842665,4.130112461586455,3.7270793629978094,12.22427824854102,20.475601510367426,38.16800447502172,7.824554553169549,9.78201535718184,16.27129669453371,19.031062931791798,49.738211576083984,6.531705820172085,22.967947848683103,25.953536985038596,21.081059769752407,71.8582389033411,8.36643412297693,17.31223041445609,16.17931833569064,20.451459357024902,61.43861525825895,7.802947548120587,12.424597458007547,29.045193522295666,20.278536474828623,45.8059788328141,7.648183160052691
2023-08-14,9.969167814803658,0.8281315033452641,4.183608660196891,63.32848298896904,-6.819586101332742,0.42650164640347654,6.146955538640686,16.781398297767815,36.41551364107163,4.447706976082744,4.449444108070533,12.743265858931018,20.485867902942424,41.74702488325517,7.760934608761971,10.446615646659406,15.61473934785289,18.398000603029608,47.49393036536009,5.89357426606254,22.890524634670207,23.85715838033804,17.89391636451112,69.5567013671239,5.442728124438245,15.175641034232301,9.552903312850013,16.468726708719373,51.10123947792116,4.16805772552824,11.766578604611722,28.179286344590125,20.8681798576289,43.09874929617428,8.102869262727408
2023-08-16,11.69937491219204,0.7139204080841566,4.132139155497638,65.461019233082,-6.928389881440012,0.5668343066919546,5.75655855417343,15.891911469832642,34.753750021242865,3.5823030976837034,4.817329039729734,13.45298943536688,20.694884857660977,44.62903968553274,7.875122492224862,11.051912297449707,16.963723858624014,20.466876261377863,51.987373353779475,7.671332122133112,24.198394548253543,25.168053685734606,19.00384323257791,71.39604182112485,6.363697027422255,15.112243096158263,10.260681250588476,15.873370167153556,47.38500620026626,3.5657311833061422,14.523406223044045,30.34820090581094,21.820054725356776,48.52774870078103,8.880780995858961
2023-08-17,11.356610811046242,0.6154803169672984,3.645591848827867,62.229662204229356,-6.203156622128104,0.31781364355034647,5.611133011241631,14.78778504923044,34.115297106395175,3.8802683635527524,5.040876386792514,12.894907098817221,19.487069115953325,39.96971720393617,8.133010846199106,11.85056168816776,16.352036654565506,19.115944657518558,50.752665822923895,7.7971518667619755,25.463700371324084,24.59195420874909,18.687430268445347,69.44401796091756,7.409356338557682,15.68912932756714,12.24365890236685,14.33486238532109,47.16997782121544,3.4703839158769068,17.449142514774607,28.760846505258964,21.773818548439007,49.11367842633936,10.202465750524814
2023-08-18,8.127574920113334,1.0379795955727245,3.039950906783706,53.66304299788727,-6.433676454435588,-0.26915914353075054,6.222661609881608,14.531265176130859,33.628221278946654,4.001111406266977,5.300337089571716,13.088466672102928,20.184084952742708,41.54982719683734,9.134203566236243,11.023152200137009,17.00882565132997,18.840066985912895,50.37737283461132,7.913756362712099,25.95830669938346,24.48138249814886,17.92026507977933,65.30073165576994,7.078522242453489,15.586376430739168,13.82970674109294,12.745678262540782,48.099957190609906,2.379693680371142,15.587529561200197,29.99877510666562,21.941128586113813,45.748518369059546,10.729702318292155
2023-08-21,6.654527571116597,1.140450686526906,2.3281980333669017,58.19492823299203,-6.824226267015277,0.26637385658891954,5.6512403233246244,13.17561939836791,37.24244885825823,3.0529815614867672,5.599641198925642,12.662977601122982,21.941688148121983,46.1466988784244,11.034996822700883,11.065833550808101,17.70908316281212,19.375866867315782,52.19696843862013,8.698667368118684,25.22949122675349,25.182465660897414,17.82014552763542,66.81733646817798,7.28209263775581,13.469597280616652,14.15184831927494,14.231136264877641,53.72845794671939,4.01409103683581,15.91081243809116,33.74547372145757,21.582656591246074,50.65047739361585,10.708077715852514
2023-08-22,7.026121441888544,-0.10328071917929948,3.4012694505227925,57.55520184766573,-5.652256416712065,0.08827497998415978,5.4209016461344905,12.682295129434928,37.11627821212878,2.8161486192909813,6.154156062791949,13.848384528420809,22.809616904630925,50.44891089616038,12.056750433070839,10.90856367100237,17.171634442805185,19.99536040719605,56.08169719474291,9.488902361102646,24.267913195044997,25.050870695303317,18.95677557039024,65.2894607248428,8.541253106957548,11.545634186007758,14.590692256850124,13.341699014653653,57.04531215252203,3.417816945134966,16.247826796086052,32.31413925226625,21.060344181824586,51.68036796411686,10.46063913593105
2023-08-23,7.0378763244409726,-1.6247890680147425,3.3939603777291216,57.86272043927791,-5.213783572149966,1.834337519105178,6.840275686161257,13.353637491534531,47.7084791188284,3.9167314696552324,5.132282343317063,13.39672816492332,20.77129253073742,47.431730564539485,10.716852611783946,10.78301053726436,17.356059068275933,16.96678950471697,55.48899338852407,7.229081702270945,22.845232769456935,24.26211508138232,18.15894309550807,64.25518991293816,8.321986238078871,13.157646092636632,13.049521045727941,12.423217743166903,56.35775185790509,3.063770935835519,16.758756075580173,31.135176641039152,19.22566911815542,53.75897918764455,9.29990528946718
2023-08-24,7.547510316294348,0.18451476008018997,2.8266279392749505,60.53150316743437,-4.824091116305851,1.8653266845745087,8.179688972022836,12.759246166976745,48.041183295897014,4.369499944314614,4.792375697283369,14.072400402499419,20.244312061305834,49.34347814406717,11.297646513195826,10.191381051979764,17.65068344511036,17.166946243155156,53.096577789617584,8.449249219811161,21.979449966882104,25.00483900243191,17.057228966427186,59.7257691862588,8.347695354415553,12.435829703578172,13.691304227197021,11.481905777577284,54.541909919127775,3.1871988716125177,15.70601797208704,33.77926623689791,19.37658731376839,54.76126317720584,10.494484013726124
2023-08-25,5.3094961145282005,-0.9858285234003561,2.983621581637652,56.48329904641626,-4.015129091836512,0.48491348709618354,8.672242357817716,11.538727499680856,43.445329803270425,3.9585731778791544,2.2203714798166185,13.198776440215742,18.345767242709353,43.29084984958464,10.303007574016455,8.72689402685538,16.59051978344197,16.994487868208587,47.64057322018742,9.04356093259584,19.232954899908062,24.634601161791302,16.152524556461746,52.26749002229076,8.258817314666622,9.838430517241337,13.12522018599076,9.071216284870044,48.36833873791256,1.6587536358919852,12.781721717137074,32.95497170814614,16.022641803759917,47.634747428710554,8.13776137334492
2023-08-28,5.244151652844153,-0.5611173549346038,2.4553787262371785,53.723287994312145,-5.757595848410024,0.41241744642865896,9.394414874051638,14.131287006075066,48.699535683556086,4.98235436821628,1.50988884720622,12.818005952853117,19.665572434443845,42.07427372499859,10.07300329768064,8.83042016033382,17.69369711949804,19.532765866608727,53.62746171250269,9.95084270059432,20.101072306483523,26.143348763987696,18.452021869897116,56.97363369257088,8.956732739860529,9.048263982217408,13.738323612024095,11.049161682530917,49.398796648922854,2.1472967655946196,12.96724032278136,35.828816762453556,19.438281415844894,52.369083193824295,9.863932263039633
2023-08-29,5.353331648489035,0.8424264382794755,4.705570330792086,55.26727806985802,-5.319405552033929,0.13254561958615518,11.24953242275819,16.183763748060763,48.7112641559477,5.059814698640097,0.5809303614542349,12.794173937202856,19.427084101775538,40.31008082674493,7.992605171054867,9.881969550047742,19.930408942189317,22.709571239391124,58.384697934662505,10.96081242569651,19.963976731460154,26.094806905797174,20.12074441939904,55.2264843621885,8.619851372093379,11.456997970234383,18.318052078794867,15.917732382256599,55.16063763361593,4.819254356181091,15.119943968905968,40.46731817847715,24.58437262330724,59.53890540373143,12.656112006609476
2023-08-30,6.085148715882638,1.6520471447745377,7.410946635192217,59.05244223317617,-2.4152541695068863,0.23670407370013358,10.577216879384665,14.304400461798593,43.98317674489415,3.847570622907903,0.9223656273417813,13.141743623252001,19.97292039929266,44.639205072745796,8.997521299855006,10.41692801869849,20.765657797184623,21.293538938746302,62.36410269747297,10.197326613454184,19.30132772257689,26.3807402379858,19.25289239145038,55.385781808908185,8.3433631126568,13.374250237630969,18.99568831927285,15.349263791127775,58.85681938118458,4.796847448169417,15.873016277699236,45.045748442606204,25.847789522928256,64.44728732071216,14.334943864098172
2023-08-31,5.836567952201044,2.130106904100204,7.987050564883114,59.98756041605075,-1.260714023346643,0.45432362103714485,10.222529428473038,12.682759407389032,40.09805510902587,3.032865029307552,0.1837277437778173,12.607082346134767,18.820943787488332,40.1010935335688,8.645389306187345,9.912674475696148,21.766483092448773,21.349227536002815,61.860022525662046,10.957156603921847,17.818904694836778,25.839016895730893,19.391809479792776,53.994183074288635,9.16736736329562,13.173411451249638,22.33356562182889,14.224583335496943,57.32029991073951,4.442650674593085,15.371905870674073,46.773559336934724,24.406821169850225,66.48140654952815,13.752904896273389
2023-09-01,7.454268986048418,5.331527688833804,10.156715465690723,64.92872155440386,-0.6850743100403456,1.1339880815320669,10.243852422872912,14.084115212536496,49.00409503302135,2.8557848410682096,-0.09387737631393334,13.764757469624733,19.636794879617312,42.319381287950456,7.861961415823138,10.700834251509072,25.6640872415262,23.6870865710622,70.34579518142085,11.513617301331024,16.365132313526498,26.12308174490654,19.20512818126774,50.13946058741814,7.4727800037940995,15.026863666890522,28.929663608562684,18.118651137907182,66.9672463740568,6.493235666719066,14.831418438486077,44.99035997789389,23.7567261624855,69.24489669642529,11.576402859324887
2023-09-04,10.004528985507255,8.427738267633632,12.102321434321173,71.88039760650267,0.7943865919798787,1.0808039169454275,10.701146206322964,14.34234275034132,51.4759374685037,2.808453487405349,0.2220037564216737,13.865684232302211,19.646965695304463,41.54885141998034,7.577990897498665,9.425710673289744,25.226596820231208,23.31513771342466,70.76116794528087,10.876148721080492,16.375581656616035,28.138860739394623,19.650722952534938,51.93230732112316,7.58136915437122,17.255140132774514,32.98380510562531,18.709227520177897,72.43139612453902,6.734843824927639,15.754753536550892,45.00254494241007,25.6528979424931,72.29091845872581,12.97809545396893
2023-09-05,12.814122112407599,7.533954469187898,16.931103581509575,73.62548184079509,3.418996187693635,0.8323364547977219,9.420575989809121,16.344061638248508,50.618357238071525,2.8997905475124153,0.9993471520753028,14.393100978648343,20.064683373186874,47.219472110243174,6.190471583061008,8.236871584235717,24.074854212553998,23.7176365527066,70.70194347595475,9.4213035804964,16.94741020967023,29.356293501674703,21.302034553534057,58.46275485984879,7.284839232759643,17.959089258475625,28.505570793513833,21.108863217235154,73.4059159082932,7.113990031132622,15.609955710935598,44.86486793388591,28.731010802036174,74.7933214990012,13.855351635276625
2023-09-06,11.754295210680166,8.731743910452439,13.744065337238043,72.35266100317254,3.0039180938476573,0.3022018572184759,9.951276568603085,12.324911152629747,48.30763479885393,1.7187658447124665,0.8825003561155009,16.134266338703252,18.812156730117646,53.83185698426023,7.593461022320813,7.434822413560305,24.98233934205838,20.4572056466384,69.1252518558797,9.08317816365285,17.70436386768639,30.560069336097563,20.913581211465292,62.94786900214513,9.496461011949918,15.285381458668645,27.594618847842355,17.67768814061408,68.876672799267,6.566113271677221,12.709863356229633,40.57150074010478,23.19732499467324,68.66692707298932,11.56456502155645
2023-09-07,13.49108657134408,8.824812512240987,16.524515201126256,73.61367983802802,3.6225018616577565,2.0072656991379834,8.792439187125112,14.19197469675737,56.46890415434174,1.5482286296329972,1.387471648401073,14.188728391323501,19.209790251238346,51.00984843563737,6.010453602105015,8.874554923597877,25.094137066012003,20.576422989136624,71.50012865005357,7.2257678489193955,18.548028313872944,29.913516138131158,21.912786862803667,60.42788484507539,8.414164708995564,15.054298624327544,23.169957526189798,18.748240254018043,68.66681892086814,5.600008080287933,16.22678887826141,40.55824650144113,23.68645033906318,72.37682968822891,9.991441787157385
2023-09-08,14.319346568407543,7.4086113722777736,16.830833776225983,72.75475165493776,3.3881799386150657,2.653841727477313,9.204264393613194,14.550422284383568,60.45311246435203,1.370154507894683,2.1775085367325753,13.668302899718721,18.576576017272938,50.01245943632503,4.933055611500414,10.09777376333243,24.736824746310848,21.801121085872268,74.52800784356208,7.786581816843308,18.57935422292738,29.15547472602178,21.944397982929953,57.61780170275419,7.913373153815351,15.540576212856628,22.86008825179564,18.516562849093667,68.38089034422583,4.879947608845137,18.64781019775046,44.296697720358914,26.543279488707316,76.70126312100456,11.983103491838776
2023-09-11,13.406061635804623,8.571383654989484,17.26576248291596,74.94203440707624,3.5985886900745667,3.7012848769946594,9.605281527974485,14.484030368922785,65.51746611781019,1.1410638761670588,2.908640281617547,14.253643281680596,19.38757655449297,55.751660172305,5.473108060638032,11.592735588966917,25.77249660365222,23.62091995535831,80.26593938733293,9.213060732961997,19.087514655786975,30.29578078870998,21.840670987601495,59.77020765123305,7.640297492681736,16.91983823548555,25.09398076055378,18.68855034613457,73.07964956199817,4.855552457792256,18.021755803350636,46.566759237781,26.53233840634941,78.25138022848554,11.785157108089916
2023-09-12,14.113136117453106,10.878591875287258,18.870112277157492,77.77648848687491,4.971849923784166,3.247515473073448,10.312498106370471,14.736315090069386,64.24822149948565,1.3213752197087203,1.1721095626679334,15.036194594221385,19.612258307564723,53.27612016604199,5.627224434946387,9.631062393392597,25.73193095419306,21.509909355640634,63.107814136790886,7.303002620146426,17.96941137566137,31.00962256733668,21.675269015915234,60.451158854733585,7.449028472307795,12.841789509592738,21.676121678544714,14.013052286275606,58.92660281952704,0.6826761132564974,10.860377658390451,43.48745153257718,21.98858518783078,61.77952440258887,7.7257117995711555
2023-09-13,13.972071884620508,11.308656880912494,18.15976616169792,75.28067830798139,3.761585894189712,4.368121348435938,13.397405993183309,16.357712859037086,68.63729170917566,2.179119081467107,0.8803718399931437,15.195624631215576,19.737955386748762,55.22667072027392,5.1474672491705675,8.944199517328965,25.541146211681443,22.361951993942508,59.76415538001078,7.451720703521558,19.050539638686615,32.223690935540674,21.680729290975908,64.6021221250571,6.853507366587475,11.72854744509031,23.20829110319138,14.460800707534549,60.19898034143806,0.5133523019991149,11.299434499923212,45.96258528768347,22.709040735746843,63.44951952923125,7.756515469671932
2023-09-14,15.144773119272447,12.910098190795093,17.589237852165795,76.6828678036687,4.110385357947544,5.886367400550396,16.26741128035636,14.40584430503864,69.56125354883427,1.2918933344336025,0.18589164381486167,15.99337407093877,19.085242464514618,53.98884501946894,5.434908073918465,9.93891574957515,29.81414892923089,22.950027452221477,64.51096749363904,8.856685965715227,17.6944840237647,33.55896240436132,22.05957916532284,65.89509974472392,8.068306722991569,13.603793685786169,26.169820551340585,17.223653037407473,64.41152951935189,3.786706281182428,13.7109197451317,50.99295323510571,24.775013234515608,66.70352612031321,10.472479864356599
2023-09-15,16.67173812735072,15.87771172374428,16.122377847287982,79.16613919008046,2.5562156798812907,5.219499783342463,17.304896128757164,14.391281365442854,71.81755446989948,1.0273570098644935,-1.039375878372173,16.057715247810634,18.380182724789805,50.249096959624616,4.550249287121733,11.222237702799331,33.05037880948214,24.253390924194452,70.11088223499704,9.737311574315989,17.6831929952727,34.36468981377283,22.808587113142732,68.76509196974501,8.461299026104175,12.907001599735214,27.52135862606002,16.770949707993978,63.63179567118048,3.1290172092983015,13.508033246751783,51.94150420776032,24.86970055311446,64.9357165538084,10.281619953121579
2023-09-18,15.40042112711031,15.367471662632992,13.725149971431772,73.06237843002253,1.3154311570146682,5.376804795599743,17.741576027809437,13.32475772428201,66.06366730842709,0.9587298190775639,0.143408435407677,17.394271429166295,18.844264769262598,54.40961374888606,5.875946777480023,12.85847752013931,34.86321764065299,24.95304711583981,72.61937431513013,11.318137158792375,16.877940531850033,33.26041400417101,21.928001378757788,63.84761496307827,8.623185222486796,12.159261782663023,23.881417336196932,14.419615047183232,58.29177946723199,1.9341160177593908,12.769076058356909,51.14883143970302,20.503753490638623,59.03813825884706,7.3543516452568625
2023-09-20,13.88968963522197,15.541292441417042,13.161965187817115,68.51479813488406,2.7486718177464953,3.6971235134177993,15.976448665225384,11.039116187179076,54.8660788733022,0.8211698083639973,-0.46113710009381137,15.46089350414983,17.33859609616435,50.311580125693894,6.54096437641114,11.457384581466435,33.927936802363256,24.24240327068159,68.82652284046875,12.809475324326748,16.779030289493324,31.652359988580493,21.29833565414043,61.29864013397315,10.1363241746522,9.563524636135035,25.079724122766933,11.124550052892058,51.50368075497318,0.8987419521111928,10.91403537708333,47.746939809958036,19.309777703731477,54.56323716430504,8.330755599574658
2023-09-21,13.416558790371514,14.08968152252299,16.99608446950631,67.77776542618031,6.692885975822693,1.7434252274791007,12.691896332624841,7.774278398956036,44.48770977852776,-1.7168066052381192,-0.5037168390801816,15.190828759831842,16.952356331909858,46.83073022106426,6.65300873360839,9.627345097742479,32.29190166742784,22.523779164854684,58.004453043340206,11.73378715225204,15.542320324614135,31.093722530351585,20.694358704178526,53.18335878272061,10.065473639900002,10.001213650458563,21.49002211497608,8.795938656207625,49.461519678472364,-0.7851183198802847,9.93872861217351,41.66666666666667,18.687664041994758,50.36103473285096,8.235497485129883
2023-09-22,14.213769096695072,15.69229522639548,18.648179044107582,67.41335560512309,7.812038699827117,2.0290502701463486,13.338012132791244,8.258766917498495,44.347574158541626,-1.628508228803205,0.098334719444515,14.145139751114112,17.18125174617393,45.957346562520655,6.47908589862265,10.421980810298281,33.81759644577846,21.920690994517678,58.851397530783,10.78567207444554,14.447267618562055,29.20099681668735,20.371280745238707,43.56838664643589,9.377769491338261,9.220710736894965,23.596875878289957,7.948720607068638,47.05771237321953,-1.9102380040775246,10.087248983116325,42.151898734177216,18.987075071497085,48.18888842961945,8.119983346887839
2023-09-25,14.338641521957673,15.919666045394166,22.249870591007472,60.76968691219886,8.9297600705039,2.620649168092082,12.210650635662645,9.784533382381388,46.70757314625404,-2.1773779965481355,0.699440307602317,14.98227926486997,19.563053174377366,46.52573772842031,6.535693106409335,11.486780847960043,33.599212183805214,25.21990173351536,58.37340078392147,11.576182338202457,13.886386727583556,29.084778258300204,21.62941046291065,41.79768397384433,8.376904083334669,11.877191106636541,22.927472927472927,10.0461920680877,46.64628911363771,-1.9442291374404896,12.458077462392003,44.42613888087783,25.464945556332385,53.15045390259404,11.79452665789109
2023-09-26,13.57428076029652,15.073572697558069,21.114576109780025,56.6277664940141,8.535163193115958,2.2528065202371383,11.563145492612769,9.095160496147404,44.82205870101712,-2.2358709549873956,0.5381070252735487,15.081859835511358,18.914398068835236,50.950692963660906,6.56350387350273,10.602094952995401,33.41351998874356,24.508566620774054,59.926128679119984,11.5766411540571,11.898561669844177,27.45242449143308,21.116696285547597,40.56980974341915,8.53706315949756,11.379061595549732,23.358847928844217,10.886887226060527,48.011079231168345,-0.6302396653867004,12.437322095807236,45.01648630362072,27.052550450463997,54.11892494490052,13.856397307154422
2023-09-27,13.17527842227928,16.41258387501452,20.62889373970829,58.73648745773016,9.003122430699584,1.0579893730947587,12.548691441842497,7.5250650871788505,44.33446876718027,-2.8378071728220156,1.4165082296168086,15.600726135734778,18.98138411254795,56.87259712778398,7.514393751958526,10.546575053479268,33.40816282607455,22.511263860966913,60.0718235279951,10.70407660864463,12.906176136321479,28.681719123411863,18.89386129759878,48.6630875451388,7.435306065603964,10.60194222413502,23.27181869830688,9.21264177572725,48.14679909557782,-1.3128729494346958,11.87725110493969,47.673379829902714,25.98424860478201,56.445980139264805,13.842347793050047
2023-09-28,10.528029710414998,14.117978867868274,18.76207094660669,45.08534975297112,7.781003411852128,-0.060574993630990726,12.452224594232542,7.5188282852798105,40.533456499507544,-2.4226581274078396,-1.0874155325934831,13.91278642365734,15.345910889693304,43.3418002246702,4.6807109041949735,8.433989354152205,32.846266749069386,21.69441376969019,52.448431570877034,10.442213757043683,10.27986559707108,27.79841425255356,19.482171892493504,43.74237754500239,8.434521844857557,8.06546736969378,24.923228089027162,10.465592931706924,44.09892336081023,0.2516405596980631,10.275500128383275,49.730937429153464,26.390436481848557,52.61423493237624,14.704029300735488
2023-09-29,7.514123704038833,13.723870980365849,18.675336186111036,43.63142653812557,6.5378597626222,-0.36382216056431993,13.068932289574441,9.73273278094795,45.49978787900291,-1.4901421635565626,-1.1344082738206418,14.195468791493315,14.467910883277678,47.05132956059976,2.7607473374085423,6.844295803404954,34.47666339228146,21.497666352307498,55.38846833569166,9.071537147605646,12.022879970946065,29.791083713786783,22.278077338973667,57.330219430532246,9.772131887225877,10.149614229429659,27.293702232097374,12.105885418800977,52.485528460719415,0.6402971598288953,10.701927771935104,52.87479566472886,27.9080191151726,55.65358008719851,14.826273435927927
2023-10-03,7.790874221350008,14.49113124138368,19.272085640819945,42.58816124437072,5.827005135392871,-1.6808739849248355,12.20977745730194,12.27251202670323,42.971846534291394,-0.3835336409424128,-2.693606434212148,13.93430140916987,14.415904148730396,43.86518756073973,1.5182421843584981,5.849995352118698,34.172398334609014,22.126242863825563,48.58818569821805,8.359424263250027,12.246950232756726,28.704136654922287,21.17772939013449,52.49669158734325,7.517833041699862,8.32688952065659,27.535040224600404,12.785882516487955,49.87142516567402,0.0719665808145642,10.383653530031411,55.45698596585182,32.409842654371786,57.14765365972521,17.483793657793466
2023-10-04,7.001886716468864,13.566664570228571,18.949730255042297,44.5907648850218,4.140461746349344,-2.952219985374016,10.15757270384119,13.849900537597692,37.684365157987045,-0.3244380097383148,-2.6111066611077427,13.240606119294362,17.065988950543453,45.48611289944141,2.4912466633007613,4.972047411871139,30.205504885471246,25.31492374665163,42.55008277042825,9.713187198519568,10.176631667961678,26.164123011304174,20.773920008216095,46.15253102456053,5.737539459776353,7.183037767252509,23.18138446803888,16.40116290074849,45.60409266800761,1.9091916081257487,8.671952295123742,49.10140283179749,35.891910857149846,50.265446030861945,18.973337004750633
2023-10-05,7.6521757570033655,11.940655042034054,18.964677377066973,50.75212031570135,3.5150813088935307,-2.0784314302248252,8.876688251636677,15.262894625038248,42.082736892098296,0.29403829837399975,-4.447410698869381,11.936966489993672,16.206925429904253,44.864433017079904,1.1154705728807501,4.150002306905898,29.993138268085474,27.025968949804422,47.09445248227735,10.529476430243022,9.072033042586414,25.000733414332622,19.236389828742652,44.90403688327748,3.7515072560568186,6.623973839553088,22.040216087394214,17.114856240584196,44.642030923595954,1.9054910542753323,8.376114422517379,47.14082954079457,36.662277638038155,51.307444281997604,18.914345782836286
2023-10-06,8.510260177708616,12.952534553661854,19.484693913261463,54.50611878089342,2.492920555239575,-2.1599009012998494,8.692197013803703,17.48222970058171,44.57128513596871,0.7752243487791466,-4.069047921077629,12.767046803056402,17.316753961590226,47.76770269054126,0.6332807138681673,3.4745736524341986,28.688587849642456,27.544105324045056,49.49692108971393,9.406212847280603,9.060603112333698,25.360562071169102,19.07102279496369,48.420056671811615,2.1380771047933678,6.624926655724117,23.12129361169275,20.057319690390575,47.15704701874081,2.984113915334574,9.251510925151084,50.31341712308996,41.82257091128545,60.73126133137434,21.654155166538036
2023-10-09,9.296548716711971,11.496458085377736,20.468658808155404,53.82892056767261,3.8344404545683552,-2.3116304952698896,7.042467154900889,16.57273012515834,38.79192067379125,0.4764585624140505,-2.7191746462310484,11.090299684542583,16.111825419191206,46.73894563250265,0.07919521840031862,2.1549986509835417,28.121844435625263,26.6896590417687,44.853922322868,9.196449832905085,9.694600983186863,23.986505282016157,17.31783350171576,47.667228797225725,1.1186786464680631,5.858978418501404,20.938633963794185,17.73305949213806,41.55569165761234,1.4765705563161813,9.681962515640684,48.36450719880021,40.17556341924298,57.5529602150398,20.820231062916218
2023-10-10,11.559267398247975,13.227734604429141,20.711862716078766,58.22788187600398,4.799722913324467,-1.1161248785088729,8.08739659730513,14.828956777500224,46.285447923520096,-0.3077031375707251,-1.3937055542262766,12.350696064077571,16.660720069571667,51.2731993276627,1.2825986035547965,4.060844448352707,28.544797422805644,26.217196552805767,50.997722201436765,9.579348110488173,9.852531376752328,23.075361840550677,16.457109138999826,47.76856758488771,1.105827500649692,6.2340417315244645,22.70309477969843,17.59560474090418,50.424194081393644,2.0942475360379964,15.050291159343576,50.049507972037446,42.971700992224356,66.91601510714338,24.125287368596005
2023-10-11,10.991549521662613,12.073891311217832,21.77009797155327,57.741959498300076,3.7977854593188143,-0.5098940324492984,9.017464679868414,17.05975988644419,48.531179664787174,-0.21734362527163764,-1.7485376277083131,13.820190302453783,20.18788719580593,57.15092854870097,2.449096599014111,3.575164975026368,28.20892705877107,30.019572774259238,55.048495959808974,10.829702407627106,9.22031163358492,23.3995292966765,15.68455847021748,50.309535094807295,-1.3895760858072093,6.956238681984872,22.295227365804937,21.777092474867786,52.09353843709117,3.803747628739118,16.029233390987628,45.08128134280529,45.98208663712686,68.54788393017843,24.43627427485513
2023-10-12,9.910002668286877,11.605277597360143,16.389822507298035,46.99655074014595,1.5738507561567916,-0.09016688311443977,7.814775769644511,14.036456244705754,49.71980227546951,-0.47994113373234226,-1.7183922169877741,13.1711467826668,18.237607370594098,58.46248268138897,3.1864197926131377,4.398361741070378,27.936246092174976,28.455429009790834,58.23104817886644,12.103552475479118,8.965536909664307,23.465042238313004,14.756166919279256,50.66454072339578,0.14815317100944636,7.8544738095705835,21.07881276738852,18.958106477866487,54.96019885021147,3.8152021656375545,15.52442220843031,45.2338500705467,42.48686799930677,67.7714334986047,24.348843851585865
2023-10-13,7.357011419784709,9.756954790014971,13.889627064404952,43.83831219463937,-0.06038923230389237,-0.8442877728873088,6.569140324105027,12.742488708314292,45.44536044706252,-1.0670178758375504,-0.960306407044309,13.896630073158223,19.102120200909155,60.334195381516025,4.513640454323542,5.961771244247083,27.85486906620531,28.63142988985348,61.56534016262811,12.875732119259542,9.789897482593979,21.161183757571568,15.522064033117221,52.52316653165036,1.3720951779193635,6.91411188411486,19.756652800646336,14.501541578352617,52.169620139108915,0.4765736142988919,14.842581677419119,45.74859555271544,40.18071516617194,68.67463920341123,23.010378310590298
2023-10-16,2.6010256438739,12.022804787977325,14.483517602569584,42.924798727495975,0.45951741621779174,-1.3239884009931924,4.968480705378009,12.885693592399349,44.62175493964793,-0.94257637281987,-1.9675906726228543,13.3948039514604,19.6028335787372,58.1947879786146,4.951727502321845,6.055752233584033,27.872100489405693,29.44220402491935,63.20808703759253,13.585794898244252,8.741790990218302,21.523127241185392,15.455623459239543,49.62570811910593,1.312542264541916,6.389254061720684,20.53834975374935,16.03712404552786,55.722486447385705,1.822810200914815,13.134499076953476,43.626527439909715,39.25436762190293,67.04041353779635,22.19598822916462
2023-10-17,2.4267460141535135,17.723140788120052,13.441396458331978,43.89831947075999,-1.2773835227972818,-2.2887914674998178,5.080027539895915,13.600643023714287,47.64518628127537,-1.1387988606689103,-1.5079046777896843,12.801195621053797,21.546905391364703,61.45873359654324,5.776452860839365,6.414394516839361,27.135724836786856,30.165993165539405,63.285324071045615,13.27723232299749,8.2416017412007,22.64141599519922,16.759922471055955,51.557957244789584,1.6105707959253701,6.175634482840464,20.359229226610864,16.65878091279478,56.79284515232909,1.522552139792288,13.203001348394515,42.268289030607775,40.67933780404434,67.12066733210034,22.426492849078983
2023-10-18,0.7506897167225857,16.34228833030256,15.060887131636914,40.73309289887282,-0.659217921680888,-3.3519572775573825,3.8412216906806185,13.372337308199,40.834806090716924,-2.117070926469744,-1.684639543336075,12.69050757195358,23.205647659121475,57.3695713695164,6.3727709740354355,6.585108734153078,27.145511278553446,32.406610223434804,63.59154528342725,14.316659117071517,9.375296529182098,21.60604948471432,19.525524980008967,56.13928880987497,3.195442220529987,6.462944931069914,19.384239038854577,18.62182823322862,53.96827665458176,2.4152123455066343,13.643585022984151,40.15212152558767,44.46424248286205,64.70305195986734,24.72692665910685
2023-10-19,0.5948289598877832,18.183084950249473,13.88499344236791,39.644022381502445,-0.6292525818584749,-4.192752567904745,3.7967927124353595,11.852320592101261,39.27686101209834,-2.402868352313592,-1.8703282940993993,13.129496054785417,21.57448902616419,58.36250880193807,6.080243553969278,7.122019586960815,27.80570157100346,31.906687867650785,65.60854072686979,15.095639615531642,8.378871279820377,20.974556065229578,18.957742060958527,53.496093848571824,3.7969918815860426,5.077573111909484,17.711278704418444,17.335700512631536,49.814124101776635,2.381673882888502,13.009418413479889,39.43160543884987,41.664719925416364,62.8635710042582,23.610044451503743
2023-10-20,1.0383385279210344,18.140826431834476,14.408207979252396,38.468178010683985,-0.3931805649605824,-5.33451636633292,3.4387697541962803,13.203084379480657,38.90228384441848,-1.4423931251392852,-4.454942949636964,12.035832474281861,20.416792301474153,47.297228606438935,4.838052265399684,5.911597928837398,26.59152112913734,31.32355264074347,60.36949609429886,14.333767012822896,5.651428570257799,20.99998310506397,17.4086719436501,46.697377102233574,2.2191029206552804,3.507960371612495,16.602537320294065,15.652323728302541,44.283401381630775,0.6899795942685305,11.756477573762014,38.5139724237332,41.53972329865137,57.50019770102169,23.228236072458163
2023-10-23,3.271895644154843,15.011132013851402,10.353954180108893,30.040719577893825,-1.6422335037498792,-6.3461472757129105,2.453106079942069,9.785117783861974,32.780497073978395,-2.1492337091553626,-4.238191598224628,10.182086660718959,19.161096391921163,42.29179978708977,6.207515457260526,4.409779236679734,26.19710909487354,30.44977949131489,52.15681498299022,16.26904578111428,4.46721585137313,18.85818217822768,15.143876589111693,40.223627455422616,2.6269933974532034,0.8025114769555142,14.373273775386153,12.602298863809725,34.358808339708915,0.36170158897552707,9.009522668851977,37.992921939566116,39.126304344067094,47.53222115667132,24.00237633375648
2023-10-25,2.3021828884924656,13.018787015158505,8.962975587636945,26.803273791136235,-1.3528663162175159,-6.730935181057374,0.4602944711890933,7.294631174313926,29.94761478398837,-2.8632637102323333,-2.9463664791327338,9.10422460859115,18.604478660986135,39.96940485004099,7.37584761124237,3.796372657937952,25.727221291863312,29.037897937438206,49.916398417107295,16.821504730942948,3.2661105167552495,18.83519296330176,14.001647964213571,37.067399780374366,3.2087802875058635,1.690239321989484,14.033105834598558,13.871380284103196,35.05033383968072,3.0908454276580732,7.753879081424064,35.23364200770298,38.3861297771593,44.42547663176165,25.284712265673548
2023-10-26,1.5607595603774893,12.005756789052114,6.747087163737553,24.118978172839263,-1.0099090545143907,-7.7758786399825475,-0.933377608163366,4.86594945686083,25.796877252692383,-2.75435002833766,-2.627970392931833,8.265880875769206,16.52802837078169,37.02151674283581,8.060279981488216,1.1889823410270672,23.623451000922557,25.29245141634979,42.42185570818909,16.18781823491815,1.8445052730606815,17.596697847322716,12.609688502969263,33.24746203987729,4.426674323704627,-2.8191064289457057,11.498275688363169,10.787785751983003,31.17932203969569,2.737163876105031,6.887845903913559,32.95744419224811,34.410614450203724,40.85639213840682,24.643391234230737
2023-10-27,2.682174795129444,13.060037756327358,9.04960075239618,32.98703869950894,0.2613957802911182,-7.121546015836888,-0.11183411412917232,5.967566481823328,34.66526827144811,-2.5722602411733853,-2.7812208755492063,8.456871537852816,17.09809762049259,44.30334270012928,7.661271840001649,2.57497908505544,24.639343166445048,27.105471945145055,49.30376619698923,16.862161260621143,1.7968235167946656,18.306934680835486,13.18371186668459,37.37149494646919,4.0623427601017115,-2.2990347113293508,12.950708482976214,12.49880507863923,35.19728157845087,3.432631967260358,7.693733498183319,33.73092870178316,36.486013889838496,48.06512247159211,25.48673413444589
2023-10-30,3.012270969910902,12.011405488891524,7.768659625152652,33.905530431896395,-1.110019570655718,-5.7797564730537765,0.08906073626084865,7.331993812982418,38.70751809774795,-1.5107100289937558,-2.5127652776709253,8.067016061598476,15.581237218786836,41.84340094996032,6.058907351368492,2.89911504824365,22.580290661784375,25.87552387359984,45.366660783614456,15.505084091149701,-0.967500454410708,18.02210234875483,12.883899618759243,39.044207180980045,3.583793868414764,-1.7260312957609547,12.412777672170328,11.483702665958129,36.27804359272668,2.298954196646119,7.705532875522714,34.53456936188268,39.580404052442454,54.70393071388223,28.08086760173851
2023-10-31,3.702918761285501,10.372564303295274,7.923579789472646,33.20826691810058,-0.5798162118171302,-5.7670152340660525,-0.8973264793847524,5.056866485399869,36.862219388783345,-3.2206585941298105,-3.212460515486737,7.212307430878551,15.797444876274103,43.142766393266186,6.6736599569702015,2.4346906285726444,20.675551644805434,25.367347915201634,42.66582051624919,15.489541720911415,-1.8639831960667985,16.40802574344733,13.13042165823759,36.44606326938158,4.216773899059745,-2.836248869331237,11.260652894531864,12.248733735673657,35.61046626378642,3.404554961584516,7.114306230486389,35.47517226044747,41.2839777991048,58.193975788591366,30.152086008573132
2023-11-01,1.3913196356466262,8.277786295718116,6.345166268502789,30.480503069284552,-0.7022685045365629,-6.462390266116591,-1.5020087153358563,3.381069916192936,35.49455236521098,-3.4699358470767883,-2.942901665405817,6.989712330225073,15.556850076507889,41.035480051725514,7.898962162393275,0.8123260845494862,19.21607393530309,23.76774594973088,40.70575850394725,15.565726552022019,-1.713565992411914,17.036529936434963,12.817836481572552,38.90308463185438,5.341461468608877,-5.893585295756876,8.124785826993364,9.860860018755101,31.842588006135514,2.5804421844609626,8.04587129879797,37.62219547957142,43.07242420232185,62.08960602677713,33.59109455880316
2023-11-02,0.9709894814792674,10.23293534579861,6.475333805382388,36.14131753996626,-1.743524051442602,-5.648518465208097,-0.6822479442058826,4.608027773877876,40.6653166497009,-3.466692259663273,-1.7373875898845648,7.207616013331086,17.910029078461843,48.76316730400826,8.808524211040725,1.6569262722616607,20.107924478458415,23.128980846699477,44.55396890450356,13.624623776690537,-1.1122343500052145,17.85720298648068,13.134714039949525,43.43097560263736,4.40181694411641,-4.74435147913127,10.725847882774598,10.950631465424188,38.576899139496135,2.386324254083938,12.771685652396947,40.69923142486991,47.59609234381526,67.48183072538234,36.203112769654865
2023-11-03,2.4509367018232586,10.388872443489516,7.726916584535104,40.46858022040541,-0.6402874707599482,-3.728021228417755,-0.8405526904651683,4.889799931860939,45.171018336601726,-3.2570438391687273,-0.8921344729195146,7.999085077546497,18.079787223642853,52.907326554052354,8.908470473564511,3.995748137531563,20.709725570986627,23.62204653317088,47.684607892375226,14.02025970151557,-0.40854678088061425,17.603798998669728,12.505999214648256,45.530088062605195,3.7676013961687627,-2.3260940901883242,9.908314891450075,8.523929522947116,40.71618247661102,0.09482106992275696,17.38693861070011,44.20923136241779,46.991661618148605,71.92193999122304,35.57474497205859
2023-11-06,3.342543796511599,11.735230733394154,9.37413248297554,44.436984551043544,0.21847103412782065,-2.0084958522454954,2.246067237436833,6.413757955373667,49.317126026587665,-2.4940918188010475,0.025637828199087664,8.071927114687227,18.50441212157845,55.08803249389412,8.584458902760627,5.1557900972860615,21.18232130471176,22.60535309245646,51.561506802848484,12.342111874011197,-0.1781577187999095,19.54221029436254,15.511599444342128,52.98122514432398,5.842173283710195,-0.5316424315816803,13.088406652810702,11.621779915364638,46.5542426669049,2.277968869531266,20.95051897726996,46.38805030213122,49.37521703935337,73.79429736337899,36.87108205777216
2023-11-07,1.7922795857586715,10.961842187548744,7.846113252234366,44.61519100587161,0.09665502468898524,-2.5437038347129515,1.048651782413823,5.883883787141375,50.890803212957024,-1.7245752442898943,0.1524506704182249,7.399393344982719,17.68477069323562,55.775498557996414,9.228339700933796,5.319208714522339,18.84167326131365,20.640948827284333,50.641176247780734,11.972096837394819,0.20175841480218892,20.60040962398899,15.58780677023217,59.2799619325284,7.282056538098103,-0.6953118024810245,12.508450001758288,11.541037908696982,47.175286208683445,3.526074848240146,19.224697892122133,42.10234975566036,46.54052131245694,68.28906497438992,36.01061333239275
2023-11-08,0.44818901938805666,9.925865206840779,5.625255353575498,43.49670275658343,-1.4265667316772146,-2.629164343462509,1.066017912009043,5.7389960758758685,49.777651341829056,-1.320419641551518,0.7349353665562441,8.44774354754172,17.705191883957163,59.74917139541492,9.84688120913142,5.392143363932189,18.846758286166974,20.898265116596626,53.03950720756016,12.826776407158036,0.11628470371627397,21.865340552043833,14.862087113077816,64.99036199732588,7.193589650507604,0.06266699493289174,13.525269517342032,9.762373223363863,50.32786146888744,2.4343461806338285,20.330076061533966,45.49609538304766,47.402297221487274,70.90839362947348,37.56132906018968
2023-11-09,-0.347932446664867,9.347759462297645,5.419087044034954,40.1396274160268,-1.7144658659921208,-2.8485785515101836,0.813621582891666,6.166866981474195,50.147405642496004,-1.0172870853106697,0.11285939609013695,6.86558045493435,16.72824563191666,52.38837888525361,8.829418771823594,6.593277273057652,18.940285649963396,22.80367018705536,56.9700338304008,14.493728378709525,-0.556217804185255,21.8209558423192,14.272799555922644,64.75615346334548,6.540129081660395,0.8380714352326679,13.355143189662977,8.623692581728859,48.642996077947494,1.2732887787571867,22.02826367008295,46.037353083348044,50.42695770631227,72.89881282547009,40.247789094805086
2023-11-10,-0.9728490820138158,9.028007904241697,6.401294570379301,38.866101991781875,-1.117323188991659,-2.3631486913352484,0.793095792447529,6.107410386904211,52.21972760300806,-1.3904406811403258,-0.24929690237487367,6.571269377366207,16.600743048851285,53.60142353932442,8.361403283459001,5.169118246594162,17.98750481073983,22.80124798302092,54.4660692998991,14.12376292340689,-1.1489541778325063,23.56803740802038,14.428886363932625,65.36962479320525,6.343016162120119,-0.4762055527408604,14.640436558304781,9.512664134912452,51.676346749880736,1.7741881627413303,23.83801465482973,45.67656228513477,49.8981112265855,73.2658615858579,39.3058848282601
2023-11-13,-0.7488592692033613,9.302882727557105,6.770973372390765,38.81212542149691,-0.5127302258799649,-1.4605399194454027,0.22309042543275925,6.382479142286912,53.309204774924815,-0.8747221517307335,0.574059315233777,6.2815208398236955,16.88637752869928,52.815742426604096,8.912621163050494,5.959934810683842,17.647099706606518,23.309746029884295,56.80848290826871,14.897800231402236,-0.5362390883603352,24.109253431443967,15.45951982067888,64.42169494983665,7.583100852019808,-0.13683321134714266,17.979585177576276,6.166049213475833,55.799658582545725,-1.076387660948508,24.416317338402482,46.48929590373776,49.746085201801726,73.61226056752454,39.53070488671173
2023-11-15,1.979935238369257,11.588506371229945,9.352564967687904,55.361081007721694,1.1678530383247177,0.005877169802492865,0.29405826283599446,6.034331455682995,57.827820858717516,-1.902020634858459,2.009183757688149,5.811146993883454,17.16415687085164,57.56693670984235,8.39477068665011,8.26110132522826,18.85121888271628,23.83682946364065,63.99542262311959,14.568013723423935,1.0468561753117722,24.25524540439121,17.280801209372633,64.96180088145567,8.50268454583334,1.5480957589972588,19.12833607828737,5.737210537057291,60.026130380926965,-2.176902942731329,28.598316181285032,44.57613930458548,52.56867750030434,78.05746619022385,41.14936899891812
2023-11-16,4.010613341380265,14.379605930589022,12.738233852919457,65.91936055059259,3.565265870207357,0.16012710942039377,0.5873117005818829,5.693349382384216,57.05876252656832,-2.906410226543754,1.3590926039946716,5.8690087778568545,16.68475287168065,56.24267211479101,7.190675613392283,9.534855287016008,20.977540617975166,25.84061567047007,66.93306507013264,15.601569882543643,2.258674780973058,25.666221922798993,19.66129905099583,68.5876072106412,9.925034542927191,3.7649187616448865,19.511910352374873,6.730778526289116,60.026130380926965,-1.9533917035626236,30.645303456858052,46.017785781342745,56.12048344323715,79.2664808086934,43.41771041648672
2023-11-17,3.1374050841035617,15.203836779599067,12.929319906948589,64.32740259939926,3.1792434705214756,-0.8247529527714792,-0.26259362876129844,4.760884906495844,47.310552652518346,-4.283946287278395,1.8154895134786742,6.720276656754454,18.321981145316137,61.73684288669288,8.106313848046431,9.598055105348458,21.71073603530218,29.239531372436602,69.18191429369828,18.081266091749804,2.6346221813274173,27.470552999874375,21.731331311574387,72.12179115622597,11.22130799810841,4.932061502306162,20.78964972234496,7.677941085558859,60.666776819426026,-1.6187425123443733,29.852844007096067,48.71190003442234,57.110460829279376,79.9006729028511,43.54587898897462
2023-11-20,4.259470426066514,16.09981271601275,9.432464145455533,66.37352540093607,1.9626689263609443,-0.6980927514015911,-0.3824977418598219,3.437363260826043,47.32733080639085,-3.6232099209536295,2.3296284351191465,7.487938511597592,18.035739855796763,58.14073970957893,9.978690129810719,8.948817515463414,21.859864343662714,28.651398896590518,64.026109373966,19.869730568897204,2.9189130347560877,29.125876675349982,21.4441808561898,72.17124756799191,13.154472965297037,4.491162791258385,20.88491645745765,5.030859901183482,57.857686349403195,-2.1384844179248907,29.376527164588317,51.9516217702034,54.15504740658115,78.5870046476383,43.63251512962889
2023-11-21,5.625557380641877,14.210353691540867,8.296336505998037,65.16705501398008,0.3356247853537164,-0.36920972443202915,-0.6373751062306643,3.8332462363957154,49.14454944313197,-3.7993899817356347,1.9458934877756073,7.349369491603452,19.460875461674874,56.69229044952148,10.679474149973878,9.539848356262294,21.614592560372348,28.984646675403745,65.79893890300681,19.50316630681175,4.566679046753763,31.710418299070042,22.650421239324636,75.53908145401374,13.63456089350603,5.55153439729521,22.00319387687877,4.5086558711976865,62.61990375155741,-3.173628761362779,31.799315674120155,52.343572966283226,54.15839545800401,80.19586282018605,42.82642814357611
2023-11-22,5.2583290293699125,12.262773555525964,9.037577184119794,67.78494865728084,1.2859591662495617,-1.2553939309576823,-0.9923641155980323,2.542691558302379,45.27721040517946,-4.7471969004445835,1.7224255656479892,7.418516416168464,19.995304783845256,59.59903945695163,11.464688177685446,10.01192439837746,22.18566083834275,29.011705863502392,68.09164592981324,19.840102004412373,4.8029309581660184,31.244177229637017,23.263960935403748,77.3740126858701,14.500971466851208,3.2568710200130413,17.165155710974567,3.082154375884283,57.416390917528474,-4.246085170668645,29.601269285005838,50.22188415832858,53.25751566148939,76.3543319060174,42.36224679679705
2023-11-23,4.751249033862859,12.11119900287716,8.076892277932668,63.60631873984836,0.4776185305514158,-0.9450313400351185,-0.8575905862772126,2.451393206482555,47.646102716596644,-4.752331533996723,1.306829308564672,7.541409686480005,20.29762912443043,61.24078097452256,11.839071558520953,9.837891346963401,21.819627659433305,29.968071962781107,69.30444991198131,20.829550892757865,3.364464856167837,28.448863461985454,21.686734587163905,64.36870879405174,13.130504036282332,2.9234022393492154,14.80656175369781,5.675838715754433,59.517629288341524,-1.7546083479894392,30.65598350435539,51.88474140286581,56.4431518764855,78.0255006548445,45.44307302563111
2023-11-24,3.657505943704531,10.9527930130225,7.997432630401624,57.40102143162512,0.08205351959997831,-1.5961429173512731,0.20891595336236524,3.089068265321937,51.0637428479022,-4.466565582862991,1.3270769053567166,6.527468582369655,19.915102403293705,56.61536515844972,11.126249987875504,9.951220077764077,21.807271724600106,31.815748676994083,69.44305820544179,22.154670648192432,4.397186324227054,28.246966544760376,23.21742320390787,67.55799529606429,14.186536135945605,3.7536536988454605,17.405192260719325,6.483414533274168,62.10657291542645,-1.32099872465955,30.441636734260257,52.302032455549316,56.7859936740434,78.44990430517034,45.29478921698069
2023-11-28,3.234587120272603,11.026228233159063,8.255180026458376,58.281105949437574,-0.35555756266857363,-1.3827023673984806,0.4568324009486924,3.402676083576539,52.99283894460624,-4.822087937429709,0.8700581800362261,5.7041303340918725,19.984227489885022,55.02621805010564,10.440548402223815,11.277678920385892,22.618411204960974,34.66054117043782,72.62311920994908,23.94949174679759,4.654396197505228,27.65685684787844,23.62806010049754,65.07716138756487,13.794546508648908,6.039813092668234,19.226743666865055,8.647042524430159,68.18781359441314,0.005135755775476092,30.91666892722802,51.47846447739612,57.52006048029281,79.37731005327376,44.99073943082708
2023-11-29,5.479133827176086,11.079544339367997,11.636089972177066,64.40542172086924,0.8780472458042032,0.7573796606645811,1.2459657838838734,5.243441063314713,62.69831455690489,-4.898560827935894,2.3659952064885914,4.638900569083915,20.899427251725488,58.41949355819692,9.248703867448693,13.791361811343084,23.721813368334587,37.69937033134716,77.05255806666892,24.429685681979073,6.421873928598476,26.889944944922828,24.975381001047946,67.2246343508737,12.931869902718685,7.624223231487326,18.21275765383792,9.764166018909615,68.81187198116595,-0.8134848836830466,31.991743333287914,48.86256065574659,58.75648894545342,76.28384036168721,43.45759150476207
2023-11-30,5.877114254856353,11.429470692036103,10.64729661368089,63.86542859325827,0.26604298232981716,-0.028988738989854657,0.3833091528217203,4.7700319416565495,61.02184841472054,-5.059799494248685,3.15815277311684,4.715726216822103,20.886626853110933,62.175460889326004,9.544689251307181,13.418843698001638,23.4342041375275,37.71016915283825,78.00354129752473,24.78979750938761,7.1040417352331575,28.63310260759868,26.50715261576355,72.30584616423249,14.637880815390435,7.410503192852591,17.129289066369967,8.817077293561226,68.85871785193498,-1.3924597975340403,32.65172588402265,49.85299397172105,63.034031456322204,78.85716101000166,47.737700837427674
2023-12-01,5.6134438765082395,11.267281792608564,10.858623379209442,64.06973132828338,-0.08426384113403573,0.7168163315185438,0.8503120597525893,4.881024613652141,64.97994460908033,-5.471812079758465,5.131280541498162,5.742020069549336,22.796562651007534,70.50924251633748,10.67527794463594,12.261137453414106,23.35474887309774,36.90327232431163,74.97569793381359,23.38951016964037,7.512351777698867,28.976092670044263,26.249224840563823,72.63907765769224,13.787126837052321,7.107769595193036,19.37910458367762,10.34042352297937,71.87169420152921,-0.5513120376062219,32.172562640949586,52.15698005452831,64.77894437274063,80.93166765402043,48.51356645630946
2023-12-04,5.02075421735757,11.411423294025358,8.240595117525729,64.93477921977538,-3.284709748653525,4.970987003541127,5.2194576059817255,7.792241239686604,77.14052395655762,-3.6853235422440345,5.28821717040624,6.259359495227046,22.593928175874602,73.41763782422905,9.540300787413747,12.815012282633997,24.56687090640186,37.69112021124694,77.89242192737996,23.029965252912767,7.291662362401241,28.000377733968996,25.917217744679167,71.18304104455267,12.509731202012087,7.85888029467976,22.284196848797077,11.82945765583463,76.02394786735772,-0.07798419722934158,32.97585007793864,54.08312840621878,67.76577600909607,83.62347135561585,49.90231440749868
2023-12-05,4.217083910190689,10.29978483041134,7.069652505277246,60.55690483687514,-4.955922218370368,6.872380279866608,7.35792674784268,9.372911793901784,79.84732568981151,-2.911354501402197,5.907405648959707,6.101986935852155,22.69321201112533,70.94408153150505,8.912870386766336,13.540623853320778,24.795536293575093,37.30590839153418,79.26900691544176,21.884335399324062,7.510317176603065,26.66747813141872,25.147185254960334,71.21015670755878,11.091224555325873,11.47333889167963,26.158180482326454,14.99965166801851,81.6084434964945,2.083415629435681,31.50966036516598,51.72520156734246,65.05956072384211,80.7829414919062,46.520824164113584
2023-12-06,4.7859212448297495,12.596945673928218,8.950783453160959,67.44765628454999,-3.4074310450475376,5.397523937550064,6.592719297231797,8.867052685495569,76.84930146185044,-3.4816642877377846,6.678410205306351,6.578263312712207,23.52825484634944,74.90532226112109,9.516527517772232,11.67796066589666,23.628434132219756,36.45178007433214,79.08190988638083,20.9741459227069,7.712266450812155,25.339521373385775,24.439062499412856,67.90184057318113,10.324022867918558,8.38344909730331,24.670082230628786,16.3601743208454,81.64909978798497,3.1615175720928423,29.903305329966656,49.16980810887821,64.46540703744104,78.95655342705781,45.810205915572475
2023-12-07,2.4799577263509898,12.73259480141935,8.62051443353864,66.05276428359034,-3.244452299802403,5.076679946495122,6.212352819153044,8.79951150268723,76.88531815195188,-3.0850076538943894,5.86534257182918,6.1003676090873205,20.175000080155225,66.2731604965176,7.047899867398044,12.065970340027942,22.628984467493684,37.360315451378746,80.15828861946068,22.356008191270462,8.248413019397738,25.974720285380194,24.503437912595395,70.91947688556203,10.903528570208664,5.177646842556305,23.3261971935941,14.30820392916694,76.46837306673915,1.8219526529645869,28.878357682807334,49.18282529768811,65.6073850748757,79.55843416988407,47.517559916560195
2023-12-08,3.1749980115905796,16.39596824626992,9.875062256796841,70.67123924387961,-1.7103592486934382,6.130069305619279,7.01342856195204,9.32560176387347,79.04207684538582,-2.2018836523861607,4.050368877034138,5.090193275130628,17.787471036530846,58.3326694204041,5.367751111052277,11.455674895328594,20.63613570980005,34.29036857239731,74.98700349273236,20.130553851176302,6.208995059385924,24.208669131668458,22.967926160993212,64.09686064180835,10.001969855990222,4.5992769651375776,23.384354479026758,12.167509875789628,75.81957530895252,0.34036862607551566,28.202012592393523,48.21428997859422,64.10086020725379,80.46119819330173,46.79777435806267
2023-12-11,3.719788407786373,15.91131852913039,7.6918751305409705,71.83241391058642,-3.5127022977624267,6.541786109794145,6.863757366131673,9.371456135153267,79.30046601232795,-2.007869809604812,3.672433162907862,4.587342754764112,18.96876129477294,61.48539876757321,6.590903672173187,12.128763641359818,20.465338092615703,35.32928369056418,76.37685780603881,21.249229502727452,4.458399345146691,22.952094455572404,22.249278146195174,58.40599800460518,9.530105962751723,6.5294899157622766,22.81292881536048,11.625919357567138,78.03709657235217,0.012032470266465367,30.544112912627686,47.13609128342482,62.28080427332527,81.84494025092698,45.39663511568228
2023-12-12,3.2221941661492615,17.147989741945334,7.86355466729145,71.32241768191074,-3.540173123955981,4.94492141864753,7.051444829271336,9.266820439874014,75.16163214113432,-2.2852657189301517,3.8259976312289723,5.266553912031835,19.229221050263966,59.49388200192874,6.623873620229914,10.819371480028694,20.65409746800979,35.873255973930696,70.03980851637085,21.508240561481596,4.294676274562326,23.639282359830283,21.980291525200624,55.13797226074272,9.084090906362597,6.8964311330840244,22.988939094607154,11.473599188232875,78.66536399815399,-0.3117956559693935,26.39441254792645,46.904167025997246,57.96913835445348,70.63896722174701,41.26806579320996
2023-12-13,2.008283156531321,16.615202750197522,7.041252245763396,61.457560196149295,-4.341467513291808,4.2869928282242675,7.05460456023097,8.676650164525611,75.05843468820184,-2.8799770910625355,4.706702893835613,6.986700287880088,20.075243794843956,62.9856799096601,7.306495098043864,11.271261424784583,22.50718166706549,37.75000411044338,73.62536029444846,23.101729163156048,5.847989727317082,25.513862676603093,23.669069000319464,60.68529500667507,10.518154509316657,7.88633114074786,24.652488654930636,10.38821357546098,80.39544822792631,-1.3504205816514459,25.752448682067943,49.202526631323515,59.40414353564349,74.09179038641759,42.45317691080888
2023-12-14,4.841958237106492,18.89713577855754,12.417802327300208,72.53371836507311,-1.0618541719090602,4.743402228971316,8.620253935321909,10.650110324402728,78.8368693912224,-2.6175879217347875,4.062857968816291,7.08967217389973,20.03538994056249,64.26663753126877,5.642333052325443,10.199118568406895,22.97421100541448,39.08840164722005,75.70544016392523,22.41075950856679,5.52418518160136,25.6661294935393,24.702927226460947,61.07068457844095,9.750200979735801,6.6135085878435085,24.652341778082132,11.89862222865039,81.52786696725322,-1.5187810575788663,29.492125277783643,52.828879879914695,66.71342209070966,80.23712353255671,46.72335275055575
2023-12-15,8.50433446074561,23.817698876527203,18.535757196179816,80.61856739485351,2.5361778929376744,5.783610304640696,9.218949417259626,11.706641237819992,80.8448099112576,-3.371165724895564,4.07234071605469,5.2921825736799155,18.50556892154438,61.516489985855756,2.510064335547746,12.2476297163584,23.058268969445162,40.15026010759399,75.36308417525683,21.233223982787152,5.552670276719618,24.519863816738805,25.7191257846483,61.8013893251457,8.749958248166067,11.870625220058638,26.236815433883965,15.292956386475565,84.8293371637141,-0.2689199826754529,32.88003253234626,47.31130589795114,67.51474077686332,76.51119158859207,44.90413413024839
2023-12-18,8.51058825904991,23.671765653028952,18.497595156068414,79.06094498993464,2.9552813044964044,4.265461758578937,8.819903652700734,9.797508463654125,75.65934466876571,-4.603689589480808,3.434080914312787,4.344685435638129,18.02606866549481,58.89676036607439,2.54560090199043,12.955152894229261,23.05808713419313,39.97551510650747,75.88123131482405,21.61612659355514,5.71689457307254,25.856533478504275,28.30964780394085,66.12956381008624,11.480371110797872,11.879917823410334,25.001807066857083,14.971245608363027,85.40813162682507,-0.1085471992282927,30.72356195338537,45.4945852122747,67.20589897691053,71.71830167324644,45.27493441758208
2023-12-19,6.958916131240844,23.157601310150188,21.17545137531549,73.67343812106685,4.475989362163668,4.065244036752724,10.190906637035347,9.712746596182843,75.67882845006017,-5.407014241074759,5.050230139222234,5.245509738859311,18.667989863949998,65.91559635115614,2.31408677204199,10.903444326459887,21.926044221443732,39.34370424758462,68.83669768716246,20.140434365410886,5.823053376754617,24.54789664996444,28.310251899410854,67.66036056013735,10.627526948335152,9.504179274311042,24.400901900101758,15.491916215756806,80.25346506975171,-0.42428500966753546,28.23929137277259,45.822077694619054,68.84148028702819,69.1478829409303,45.57305541799634
2023-12-20,4.15529272939712,21.51979037901779,19.588477930672443,65.18934062896355,4.587722565324981,2.6254843153477703,7.982021246841486,8.550008892416061,67.89298194219297,-5.066119989543627,5.208097637980669,4.114590049037248,18.138403296872617,63.18252094408791,3.3195401607726716,6.683083611077745,18.655312842589055,36.11212459609989,52.87915714003278,19.038701481646925,3.4504346060533653,21.743774611890167,26.36139728876752,55.35214637536782,10.51107089318326,5.482674474947391,19.097324956872352,10.634823501700463,58.597849633435345,-3.2428171452480448,25.61546510930226,42.58364389932869,63.990208581806215,58.855239732295864,43.4198572919932
2023-12-21,5.181336214702914,21.379704938888942,18.618591545100614,65.92405110061578,3.8461292888722243,4.045895782136921,9.640240496175556,8.861115718442347,70.88561880658294,-4.696174940418308,4.989978928135197,5.1405434142508755,18.761830454774508,64.98038226810007,3.971529583543032,5.879950952260282,19.494500643791213,35.62639864956307,53.286716206747904,18.735826700417313,4.738946402618427,22.416723490138637,26.882853553359,58.843071806315265,11.081180808265877,8.137632746073663,21.286370597243497,11.93097292472478,62.39200443023781,-2.008630060737504,28.536870652075574,44.94984142867096,66.83855954841648,61.162292349590714,46.060903266134545
2023-12-22,8.159838861789481,23.182904789648262,19.93646176620436,70.90983666905065,4.82966314028388,4.643094634417055,8.511879091314123,7.816962429362673,65.11966811150893,-5.763304287641391,6.118352326131982,5.629001233547926,19.916927894623115,67.46088089911157,4.812589690329361,7.8836461432306715,20.24429038236899,36.717657697790315,59.626402129264385,19.497155333178927,6.042285366691003,23.83515254803903,27.249760210223673,63.00531023320382,11.221802786902458,11.814643679279468,22.508064674353957,12.442234144697295,66.53882027640779,-1.7206164451738282,33.365368388196174,47.920911874861424,68.64846219604334,66.75646875990421,47.406061682901914
2023-12-26,7.817448267915994,22.282839601059344,22.021146804914782,68.92963369275198,4.797846446189014,6.949198447509075,8.81377775382961,9.718115453315136,67.05053436249345,-5.768610468602553,7.376726595716221,6.8358519426005016,21.824449875443896,70.37075318284182,4.628913313278171,10.821648529375416,21.49083107630565,39.0357722753333,63.49235749344561,19.41085537192151,8.204899802291177,25.02245193649104,29.23276280764413,66.88958164450631,10.991541934817771,13.710217930278933,25.08261976788817,15.372174762411838,69.03006814131581,-0.9126223486114249,35.3206588967824,48.76981194073862,71.29101899532205,67.25239560652328,47.113269923471776
2023-12-27,8.614457266388364,24.052665427861353,24.523559075054546,70.45346628384638,5.0541290359930935,8.226809512739376,10.422785883528407,11.715226133473756,71.16278718287128,-5.751603401912664,8.025522079696179,8.131748673761695,23.012861796197104,72.22640785220383,3.7796313582343366,12.261039388054872,23.960863370519327,42.657479183381916,68.53291861778851,20.35278574914068,10.530487225578945,26.49912251515889,31.811374949002925,68.84415438353363,11.20248485636337,16.060076114050048,26.76164001354675,17.87478813668091,71.8279850455757,-0.5550974050024471,37.150485411565,50.98519635658221,75.10231854495957,68.66725267705239,47.724829771660524
2023-12-28,9.3206105760542,24.995701036169994,24.98629701505419,69.71934891985039,5.71355589608773,8.360006987709202,11.199742609377129,11.73675121297495,72.6553929625144,-5.492925407836113,9.414833833025726,10.180125283349994,22.88542653622796,76.685436453472,3.9366371930151356,13.482372714199675,26.517844168945004,41.83591615864544,71.41193400324335,19.96498343417441,12.275421649547425,27.866420899828626,33.32476188159581,72.6593049694345,12.766239212647946,17.35351960108451,31.291821394469487,17.558897256175854,73.69166872001364,-0.5685474890393616,36.374009483603274,53.363589223640396,75.46553342358536,70.5884091266979,48.40895296847514
2023-12-29,9.374518801392018,24.22132306371627,24.124071647007426,67.02714811816674,5.012026395139468,8.219869141559343,10.6578534097725,11.377694021290097,68.98104019219457,-5.771723492479652,9.774742676465742,10.365448278783763,24.712932119194964,79.00847607119474,5.510216880094476,14.37469764102406,26.500811687126834,44.5579658529935,74.3003667060411,22.299604938460902,12.349443101293843,25.71741087442776,33.390396766020245,71.32581607055394,12.851566019258609,17.751246881804562,31.150233794012916,18.187343241554508,74.86821425928815,-0.01059227778920091,36.94473671036298,53.97699470828601,78.90106601655462,72.01842533125065,51.354714821764105
2024-01-02,8.248136242161586,22.510129578994587,22.663033322614012,63.5574378344049,3.0359682693224865,7.1169961641248225,8.250282600319569,12.070630540524597,60.85127840258423,-5.861565465073104,9.325523844103234,10.874128886426648,26.332957901843734,79.99697039713288,6.118675603828039,12.62604351320682,24.504233722091364,44.45607936098539,64.90488375667277,21.341952878359095,13.948079815069093,28.6544196999581,33.697875135388024,77.96107545367829,12.305147255689208,18.393757596410932,30.945795373764874,21.691324549876544,75.89970364391613,2.21974066135624,35.1475715637207,51.199388000571886,80.7826291623166,69.073797887654,51.85596456776249
2024-01-03,7.8917227324120764,19.250595356759014,19.578529864331216,52.38009612808022,0.7392572030056499,7.683808270544423,7.618578810542931,12.489629510431843,60.03702334116452,-5.232806150241531,11.463670782519353,10.25159751323137,26.899416309323733,80.01429910439983,6.906757868658886,13.828437240892066,23.428715519786735,45.901532613571575,64.21962555755113,22.915142349944006,15.686792246289682,27.579239002771104,34.80289915844177,79.19706639847705,13.5650684570243,17.377829295943826,26.844899817063062,20.848255586819796,66.57210936289312,1.8089410858914245,38.148661688692044,52.34412759787337,85.63015312131921,71.6641289559577,56.38462658086203
2024-01-04,8.258762206032543,16.393459518655074,21.859037985470376,52.52140248266222,0.18743833570800117,8.099892716130563,7.706601350883013,15.667546053927396,64.46993862793248,-4.902949101713395,11.823521049292074,10.554985774431348,30.21331532302465,82.16235324928408,7.055978079928038,13.237126848492831,20.98741076928057,49.77729650212488,64.3910287985428,23.140670609798164,12.905929349499923,26.48047371527147,36.206085930348884,79.58735207158648,11.982985100555666,15.26106516466259,26.959618635607363,26.574338546684338,66.71289912061222,4.064162557569007,46.14782456568185,61.78845919095552,105.27021477717926,81.15249641991048,68.76464253392736
2024-01-05,9.882634843815264,18.443452715602238,21.70500676589986,56.890105316093326,1.6448822638179372,8.46853514340864,6.645315754354009,12.36613080099862,63.89693533763502,-6.15470604527003,12.366318575737289,9.339612188693902,29.416808988984688,81.45996133671056,8.085580554193728,15.111063177132756,21.845055022769454,46.988075452676135,65.91558379811548,22.76064905292463,13.593737648222138,27.50550616552814,36.73841240965754,77.0426479291926,14.200394869993715,15.795819427588986,25.438009380863335,18.659314178295382,65.98875435938076,-0.8988016215485617,46.0055323204009,61.166240931229375,98.64721793550532,81.53355685282963,65.90503230428153
2024-01-08,8.497393827703824,16.094258433840736,20.75046707399919,52.89569364168206,1.7199060823014145,7.929658793490457,4.743337836443051,10.79465045033805,53.96306829500852,-6.666850147062197,10.181831824168984,7.3048666740775925,27.100098450943875,65.1407667162316,7.068820442394386,16.26854683590797,22.049474109682897,45.573533149762156,63.83296818035281,22.630797866711518,14.128742150536766,25.74320386647464,36.21470504280533,69.87516980988846,14.746943343013053,15.180751790268943,23.454228691969337,17.09934625703813,58.41384501305044,-1.3557894043985663,48.768261546229,61.6693742178029,97.9281339781355,81.67744327790982,66.73418900287086
2024-01-09,7.897329830215516,16.15382314593723,20.82897655653524,54.40721016722839,2.0197380065952064,6.851543183098863,4.630707125901079,9.226890867108018,51.440373800655934,-7.776270998013168,10.097491760389744,5.201004132651321,27.107714483913004,63.76101002013841,7.321075621281037,16.35891478299967,21.187812430784824,46.58003699229314,67.17125721387697,23.762175242408468,15.4772546511442,25.953389349767654,37.2953076102744,72.42864048509271,15.92278368245028,16.383713032024126,24.09293973676594,16.766605713352757,60.794437543215906,-1.4102505683158295,52.07474014144906,64.81269438344282,102.6300409117475,84.23835701538755,71.08697164549523
2024-01-10,7.707239891418238,16.873406236406694,21.706091927903802,56.16888034787652,1.9268263538276598,6.763321267798683,4.45733932947785,10.177517126553791,52.793544061556595,-7.7281631645310656,9.250184528226502,4.804742165907228,27.568712857242783,60.65208367479526,6.8366738066325095,16.06219356941123,20.094859967611157,47.157792541508584,67.910369162019,23.24220200806575,15.027647683415202,25.44984630946294,38.13663658332727,73.32895605347191,15.687134038213957,16.876964837219187,24.619978035121413,17.242020656779466,63.52199853675929,-1.811759037218641,47.370210688164896,61.004181830398664,100.50949797805133,83.67660140028765,67.92336734309596
2024-01-11,7.5110122864387785,17.505825919477758,20.871651323159178,54.85301240743376,1.6092527588729366,8.093266864525539,5.59454994435169,9.803115625560022,53.7044505177288,-7.695374331569349,9.175606933171942,6.206931509576252,27.234493347251963,58.98835023666964,6.9580968957193345,18.45687966536149,21.00962382414724,48.05391335773914,71.3721947270948,24.459683802006648,15.073648313221067,26.229579353983578,38.47499275245836,72.35196677805787,16.40728314159916,18.48912719068756,25.431379581060632,14.368379604475635,63.10863509329145,-3.857641856942884,48.48589662150997,62.862245473417545,98.4521898863726,83.45580736122521,66.82636914428184
2024-01-12,12.13483830646027,25.096804112897008,26.1008215286332,68.96667444080057,5.009673642040613,7.551039529250891,6.350635619970024,9.866496522760372,56.845468121581725,-8.50935938248596,9.0375364269631,7.517874225589027,28.33689549779215,61.42280729266704,6.87175031128362,16.76055444734783,21.5020189404888,48.35965214332427,69.72318418542605,23.5455761854783,14.832815866252425,26.146755080283167,37.223479492554425,70.77743170886504,14.271997778114587,16.44074230067023,23.699706768190865,15.303542643608182,63.97099450863446,-3.9816930928788796,45.339816900576025,67.21388251456955,101.77487692850792,85.3157742651318,68.026771900248
2024-01-15,14.298547304040031,26.861728733504563,29.723856799623285,72.49295909792295,5.921771220090277,8.179820408787887,7.628217960209116,12.103457045917821,61.49402153582776,-8.46558972926401,8.425792690051281,6.529926906724737,29.580740285041962,63.000416568342104,5.804914112313142,16.008174103156982,20.155657711860652,49.97742410655852,70.63956351563743,22.4591589882446,15.443839000187754,26.088120717779105,38.80057213166703,73.96619274090304,13.333066170375885,15.442264342283064,23.47270378982018,17.272232202220227,61.579400237326084,-4.245195477190389,44.49533869320463,67.65683377143645,106.5232552215596,85.56779462157144,68.62980743006919
2024-01-16,14.759101271955721,26.13173127010857,28.741669295685778,66.78793482627475,5.133798712449766,7.9057525819155705,7.808457328111285,12.946657478157665,60.97046806306885,-7.764819133422874,8.387263392611711,6.524745094267015,27.824176125806567,63.91340810844903,4.384549904586454,14.789862373562567,19.83873576282871,47.84874861211952,68.3020620046869,20.737137101849346,14.051903490454333,24.277268994065725,35.81022900425499,65.10782387444817,10.906168588133468,15.718963488097138,24.80807916797627,17.462134949979546,64.79684089657862,-4.0773626773255245,42.34676470167542,64.44527745400437,102.61253810425974,76.34836277096615,65.45867328120491
2024-01-17,16.198621241864775,24.74736707626115,32.20705586856565,68.115572589976,9.454420493110671,4.011249180280152,3.1330949210236936,9.186438973687206,38.85693170068016,-9.60438287459927,7.1187185945065234,6.090050676699721,26.67391986940717,56.369014074566785,4.873528873380861,12.175779654989993,18.863443029471185,46.084435018935686,57.88273039449585,20.943523573788838,12.595627975709544,23.61862452441439,35.55169902094111,58.81538400421168,12.223455591838327,12.795420258489543,20.59422181531907,14.875397982075045,50.30770647370383,-4.894485151052697,39.735640478221626,60.476017048666385,101.08018680756325,69.59183202323486,66.47458923484952
2024-01-18,15.685155299161146,18.694155854647686,27.76648062888285,65.34354107740435,7.757878104204874,3.363758332354405,1.9952341612033964,7.35227476208089,36.43365606720761,-9.459403741247352,6.777710365169365,4.6767620955840306,24.905776468000962,52.273691584305155,5.345168536380918,11.967180532961642,18.747635568967524,44.69412500977861,59.12235787252019,22.03460413445559,14.28642081142122,24.277100848957023,35.71210851585222,62.9312685064242,14.459197551144886,10.84297544816697,17.925014759121026,12.309914871908934,47.34819238805726,-5.27814449383095,41.23137101029022,59.78140413200555,101.30703125834697,70.9856602914914,69.78176458397756
2024-01-19,16.588665303478002,19.41797609168492,30.055226403310755,67.44580246372462,7.750704953454424,2.908495789189258,0.5531349182338774,8.774057771377919,36.34737522432538,-9.880735056600665,7.548042372835462,5.926320411024255,26.922501562244385,59.40571160337583,5.155243629944661,13.144601288375114,20.40214238951641,45.833952298046476,63.770821384388135,20.82337327631563,14.30487068882227,23.72542290178945,36.1991488103953,64.1660418514964,12.840942299931646,12.03057226392712,18.949170915981718,14.694363048545945,52.199635036497476,-4.975764416079942,42.167288474576736,60.93763748885104,104.28084498843076,72.3085048261822,69.24660134558364
2024-01-23,15.549579316803452,16.4169981264509,27.713334259023313,61.000526026315434,7.610568019492847,2.5663817396046396,-0.8715995574433366,6.588145238097209,31.85336734342718,-10.189402541532544,4.827895969993667,3.061923782035958,24.59238591550892,42.72372520533685,4.980873743999847,11.040552791271097,18.352693931580944,43.9734046459322,52.87930820720807,21.31121580638262,14.277986892495708,24.991887031247018,38.148205415048594,66.93154790817286,16.402934289037386,9.083693274226977,16.13371229931748,10.22798679800605,42.2347245545689,-7.122491634889494,34.22416590721953,52.53715410416233,92.05788939157449,50.622147926398625,61.82694383450449
2024-01-24,17.596983894361507,18.29648481051973,29.142618386901574,64.7649876482732,7.497905549655615,3.0348842690466116,-1.285113486981515,7.129249119284253,32.732565710204554,-10.825953141752432,6.364394244471172,4.375030884069386,27.048748039383106,50.647421234408206,5.754974519897305,11.88891093242268,19.857661084666955,45.61137289109569,58.23737446357605,21.20644451475906,16.304809436237754,26.0498397111405,40.186789554057945,71.317263594369,16.69103856670786,13.307514348147054,19.060786230461545,13.635727275377407,51.28326365695361,-5.4099813810657205,35.022271434480245,52.587883676776315,92.42619953679893,51.20913384604926,60.17495758924487
2024-01-25,15.973795683014224,17.17799628588339,26.13712090119671,58.42327156968616,6.075785493943098,2.614405069694259,-2.8595771629637223,5.888187007699797,31.33463568006536,-10.952679662242593,6.5428998661166915,1.7964744601923543,25.613345284312985,45.688493403211886,5.635313176305257,12.832283184633786,19.50247410043655,45.06171740265006,58.6981774271354,21.990540997360885,16.054651790122666,22.613397538502845,38.39156866906126,62.79923971598494,16.381238507960628,14.99981233240848,19.03396017645811,12.37081315057198,51.68745567956849,-5.501075445690251,37.407194684182386,53.56144071196378,93.14024380424806,52.89461712897661,62.422472668257335
2024-01-29,18.42396356020537,22.29867206556724,24.832854484409218,58.68513025035641,2.7650337410794146,5.309591356048449,-1.3735104068578141,7.766163129175996,38.83085020774661,-11.28462586346145,7.2293542466230765,2.6847687641121887,25.296918228453592,45.134762405969646,3.1470607844543252,16.276108049917816,21.40362771992239,48.46299486984491,64.85138384166811,22.217862758291584,18.186781125548723,23.466439746216892,39.21354144408189,64.59314542096877,14.603517982543558,20.78457037265169,21.75388041228361,15.702326953571566,56.11154573293647,-4.751408734387441,42.69335892827115,55.549349447860074,95.8431301833477,56.00302389027806,61.2221875753383
2024-01-30,19.16591349224546,21.90933076157966,23.337003250220345,57.05952536359885,3.4583083224982047,5.920223197609253,-1.2091983694531128,7.417297152015601,38.248643356752126,-9.895558063976374,6.55545957545407,3.4159452328370588,22.539579459851833,41.09580604485818,2.7894083639004696,16.457898342847766,20.879074153544842,47.235774747908806,63.26234826503213,23.50522372485022,18.040357222932577,21.89568574420624,38.12579372726914,59.39473297244315,15.863533069099978,20.916717813577492,22.960499724921647,15.75770957532936,56.8066004943472,-2.899401701417359,44.62681293030024,55.84100112423309,94.31290605983624,56.948907355373066,62.99475434306252
2024-01-31,21.21624502367705,23.108139156614694,23.70398027896283,59.143945243618425,3.4317021152187266,8.790537595306901,0.3311174201112488,8.334826843586596,45.64866655487277,-9.418795470276198,8.107985002900865,5.266939164629458,23.17068536084377,45.7012707428671,2.985802145096006,20.523352124027518,21.95635349759606,50.00585894851912,69.08175836978378,25.423299099287732,22.46024780476683,24.719033532928925,40.86654670874397,67.89119375233153,17.78171295961237,24.617662272881912,21.104557744145257,15.455129357272867,60.4415072017825,-3.465349130837092,49.724586650500214,60.03738545925819,98.6773379636678,62.17597455933809,66.11862602126301
2024-02-01,19.39513039024714,22.597516484186286,23.292790692815334,57.917887066644454,2.8953813546138463,7.962807810527783,0.2741867723115021,9.118595786377238,47.70686265710826,-8.933851985771257,7.43418772497324,4.446205668489567,24.567381501548937,46.9978011459425,3.9591054101629775,19.540598929409004,22.61874434999127,51.44322822808116,70.54465562800799,26.38864474182345,21.038092199002612,23.2129331039139,40.476645836644856,64.79190916588927,17.23636040319514,22.28308387085938,19.471753326584327,14.907606033177778,56.584810981336624,-4.102568553357056,45.480278630199386,56.67314356042148,96.99223051003729,58.92850538891171,64.40207548491689
2024-02-02,21.808198165856197,25.47739115817784,26.392454723572655,64.01857176308454,4.263739226744145,6.811939565922076,0.6384695748664182,8.149633408845137,45.59679713437796,-10.78513982603445,7.693719075466299,4.987628696305513,25.555577899785177,46.19652503272323,3.5733822975182905,20.950854926797046,24.457359362959163,52.70215732922776,71.29087257694478,25.967154811231595,21.633639815008564,20.456833797082076,42.56273043507226,66.96239803827437,17.602932722872254,24.896601799044895,22.74084736465145,18.70614599022813,62.468935727079355,-2.0768551635016452,43.79040971609556,54.87022700861812,100.30412627344573,61.115671282126264,65.23499945855824
2024-02-05,21.515416418020262,26.015033570417344,23.519738208801442,62.040114566981735,2.7939356839675744,6.95421998305521,0.7861538231558995,7.015910981697182,44.19095666759452,-10.940657500276929,6.702345901838469,3.274575170643823,23.578970555763345,42.807396507873044,2.8432292313172347,23.24110365881755,26.241643260148283,53.27986591147755,74.45047051881961,27.560509005587285,24.58039201498159,22.258234442228186,43.83001810623146,71.52614265200953,19.696283727893714,25.68171096584102,22.1170648596162,19.64781881930002,63.363022814247266,-0.4283010084799699,43.076285240464344,53.255170315675194,103.11948204826366,62.849231650934996,69.03736420275423
2024-02-06,26.03885428199275,27.79245761016216,26.155049785620687,68.98634090490592,4.230626299595763,7.00183864106505,0.08696223615907162,6.920460708335274,42.871709348787,-11.661193088908295,6.8920563151198655,3.7463282096356965,23.202706539876417,42.097866353169465,1.791369321153513,25.690130297132917,26.71114401124075,53.56901907864054,77.69869847375134,26.880335475922635,25.468185346363303,23.318205190971675,46.80221977152477,73.88821549179241,21.289534861734793,29.53427139575011,21.900058623804377,22.636803028425277,66.85905988064064,1.3238139000750326,41.4632211214043,52.84516982796647,106.02924838861819,63.77850393701625,70.22352757240444
2024-02-07,23.493636118400076,24.692746335406035,25.708544859192695,63.46574662786698,2.5590342665982257,6.512048278654525,0.4956955639633609,10.01461479574084,44.56080363473578,-10.244823362634826,6.171086011552851,4.326482739142468,23.684441261872237,43.9276706491973,0.9076738882781932,24.799279523676397,26.867111573697457,53.612485625320595,77.69689834863513,25.3244017315702,25.14686668496322,23.75494024573781,49.23393053367771,74.7752734114505,21.752167384374577,28.34104993772455,22.2520994366715,23.46207571469714,67.84499006372091,0.7262574555449541,40.51450168313342,58.46057213413525,113.72502105731374,67.72778780853776,74.36707888710848
2024-02-08,22.974866831301366,25.988902976488014,27.161964412796436,64.0092243427141,3.0762000587556404,3.910014832085773,0.036227420693601964,11.566896586178865,37.100117599543026,-9.565003925857674,3.3615583725903786,2.439434278601693,20.58943773684907,35.596910324864496,-2.251423477652126,22.46188640752649,27.355154952841264,50.11420969776377,68.76181498206248,21.681057554593796,24.444736667006573,23.936321701378162,48.06705338117023,73.22138531310299,20.021653384367678,26.89704256419272,23.94529795648328,28.682546611495873,64.87866308737689,4.308768583807088,36.085434996966015,59.74652603799271,114.95522366154334,64.80833045491491,74.24052656096076
2024-02-09,21.71669457029981,25.78512839397835,25.268112282761223,62.19878555455777,1.4966396146964822,4.619853587933842,2.5185681679948724,12.99191125956034,44.78501078324703,-8.44997112592738,3.4399967175188673,3.466516486166449,21.81518160561322,38.077123715812434,-1.3010465176046426,21.043112643180663,27.2838414582846,49.699664558087875,66.38556085814446,21.291944352099247,23.518639163381437,23.298581173555277,49.12768030579142,74.4631724943279,20.828502551447126,23.275113478862774,22.61973066802867,27.056574383949773,58.52966868124184,2.9457146429776815,34.451268182199726,62.61950663789162,115.22113322040082,64.75906052051423,74.37974755003705
2024-02-12,22.64699201813274,24.845169018620794,27.765814790630294,64.32936534066528,4.395528047624131,2.616384424906104,0.006127519245979762,10.397722146492994,38.64117328427181,-9.795679559324387,2.2308636461730202,2.3867152831759553,19.875544835122085,34.37203129617066,-2.0514930103434637,20.291751355013552,26.69032067594097,45.750111003824934,61.51413963394061,19.090226334626536,22.248928781901235,22.49557628272423,51.04509036022735,75.13599412506586,23.416674428889685,20.143378441293812,19.30800735109206,22.15772094549502,50.37407898212391,-0.1867611919734724,32.226202294325624,57.646290219635986,106.52412523812309,53.39106686165854,68.74776045641156
2024-02-13,23.568760966002557,24.12258258404607,27.26924454290307,65.76234507926527,3.1130715081802762,4.223103705648246,1.4829070253693954,12.31554917557327,45.30253560008667,-9.0023572056535,1.862258798077021,2.6108805631571474,18.848021061182997,35.9969262561456,-3.7097726296604905,19.803283532506335,26.263248335277247,47.14372735383672,61.773945232150346,19.21530402030196,21.014691114552587,21.155412689568287,51.78255973065533,76.22161754674691,22.9736688656603,16.774826460197744,16.848005734778447,25.26773042665651,44.70811853669215,1.491452169317986,30.31952192509497,56.813579855494226,108.5847434270438,53.54307588372829,68.99458814071781
2024-02-14,22.976002103835945,22.548128690905433,23.583300277262055,60.33176230567029,-0.3504423466885065,5.092755952292594,2.0991062470446575,12.881952478551995,49.190659998150885,-8.979315115446418,3.5704957029221163,3.687384738899979,17.088375373377083,40.628825006578836,-5.587528524283469,20.54808065547846,28.49614986044333,49.2138573023291,66.84430222161824,20.316376424341076,19.96210961232514,19.294859000385145,51.0149265362134,69.64125505117354,21.768641836066593,19.321477975534783,20.32147719854518,33.28593386079366,49.79281149958035,7.473132056179077,30.33606294585647,59.04683454877502,110.38485033598047,57.092807776597056,69.64069761774982
2024-02-15,24.02326381633324,22.816704632812467,24.191074465289386,62.09472458479495,1.1975286140947672,5.474192869175876,2.981680860691527,11.371646801280466,52.0022692328566,-9.248426567712176,2.3913118651815557,2.1360534964006472,15.822318619207643,36.96437057678252,-5.621781169998719,22.687217049043262,29.02906437176396,49.362936227340626,70.76567868494122,21.708907647595122,19.664223367060863,18.289336273314195,52.38661764859105,69.01134805661425,24.172764961531314,19.0270962471099,18.460282605514955,34.033664058010494,51.05981873542128,9.217796948471513,31.30947839783125,62.61105110148675,114.19069659700054,59.71944964664054,74.5340334728003
2024-02-16,25.594854628988273,24.6543259184566,26.523050055672638,65.60184030970188,1.9764075217667543,5.681318172756522,4.137800333447306,12.10935515879572,53.48339309757836,-9.640897183198604,2.8697409643719585,3.4602742949347842,15.606908419613209,39.21395919279483,-6.821901620751558,24.797281213877476,32.23511781973036,52.86840807631488,75.87456736567633,23.21052229087559,21.7694886194425,21.11651302376858,54.76623160480594,73.67865489113406,24.740150492698465,18.80147866870363,18.63891879031336,38.18256410256411,53.38978087152787,11.373867948371895,33.04695093314467,65.53211668204992,116.3480422076057,63.52661877605373,74.37451997079822
2024-02-20,21.000592412533404,23.396325780344696,25.466255147374085,60.00081121969307,0.16918175025681936,6.543866075567117,6.550127839490516,13.504752495437877,59.26906078676596,-9.380588677979752,2.861687810953528,4.928368135335104,17.755103817851925,43.2385207909801,-5.987212398300068,22.258762050635195,32.35868226260787,53.895156154531975,73.70176303994947,22.866119254298177,22.407153790381052,23.688580638859037,55.79014216123461,75.29422946551774,24.379029618097814,17.12796535937635,18.94121842370462,38.18509678482489,52.54494803016081,10.323593055017977,29.858724229836042,66.99613277406755,115.5004827130453,64.68866026354524,72.05030145193507
2024-02-21,15.903365749906717,20.55180159978125,21.550129046679324,53.18214691121975,-1.5052212815906185,6.472029145121194,6.642519727732532,13.197788000682365,58.446840263710754,-8.273309391067086,3.0333215038499617,4.433639756058816,17.74189611633168,43.34787626466404,-4.591117304281822,20.63059706137227,32.132549923037516,52.76470318719142,70.5061618671611,23.788643865836924,20.863387818572555,23.59329867866031,53.07914769191255,72.30041023892082,24.043445256461805,17.431987368119884,21.853206292714678,33.49372527346537,53.34008379354574,8.17294094403358,31.246831369069916,71.46782111963215,119.78622942176287,69.06942048320411,78.09768037298102
2024-02-22,18.448430712564658,22.164637799781552,23.03679608049629,59.006931736537084,-0.9088468695092056,7.65385336183555,6.765975027461546,12.912020895851551,57.29896641488437,-9.063120064147967,3.1524271259500303,5.025148623320375,19.154170772094048,49.00597747497407,-4.0358286443881175,21.76421643474018,33.4512130267423,56.08950829058295,74.41038260503669,25.711086933423477,20.02562066974596,23.187842295187,54.19182457833773,73.09796397803048,24.182733844642602,18.599626951655644,24.44903349441696,37.2183521407172,56.845125048263384,10.512669196892578,31.319475730309353,70.522073971015,122.27245556849415,70.1696375745075,79.01338975876739
2024-02-23,17.485762232754997,22.490033529898025,23.243935576521203,58.09871848649003,-0.9258031205631401,7.403474912990937,6.6536990398699425,12.63817995440637,56.01748985204046,-9.451632125010923,3.4017982541363345,5.810675948689248,19.454864312903265,48.20443222908762,-3.9717882281128714,22.91220070645117,33.911389251911615,55.8086287070221,74.80490155561735,25.252530145388864,20.50801328941749,24.02553739724791,54.52584076113409,74.28572298109151,24.22131359983668,18.846500906322362,24.184090733739684,39.38876721418452,55.793822075482204,12.05281705066692,32.95947901591896,72.0183564869255,121.49229195699931,72.15084104825206,78.0547727397142
2024-02-26,16.311941724965106,22.85513674724178,24.130347998791102,53.41507191268095,-0.284649395624903,6.608852920606889,6.2152426685185835,12.824657797895078,53.22637826404115,-9.366641675367593,3.528179266011078,5.542727364361033,19.356652060273905,47.992193776743605,-4.119414800395682,22.43344267756795,34.11340744635925,56.92452309396829,75.04387043422085,26.05929243742875,18.70854445230885,24.129582678518812,54.518220607402924,70.3878791743172,24.12628169528228,16.304598244034054,22.761288021187596,39.738814146106314,52.14784945239707,12.253812788427098,31.561246657936472,73.39682278750158,125.41374569762765,72.28155365314225,81.07748061338955
2024-02-27,16.29340490145339,22.408494770629204,23.804503289608103,55.74931961445185,-0.0017494990455335646,7.223194473338279,5.877120997341034,11.860491552317963,53.34928572973872,-9.649058328337002,3.0655024443346113,4.840729007799371,18.11668703891105,47.87174107108476,-4.595860853057521,22.485898929844605,34.74909452937365,58.611923740716776,76.69645511119505,28.11258444743352,18.633707018484724,24.331602059695513,55.64136505402195,72.22690588577478,25.713231727726527,17.782454855018702,21.618477493851774,38.829739956993194,53.39081595246028,12.134298384338816,33.89293293028464,73.52694056057045,132.08442868708707,74.3955317842546,87.45712975345594
2024-02-28,16.592498280264856,22.132098228362484,22.005959318963477,54.36145180063088,0.13329485805537722,5.474495869428031,4.477728827717886,10.141363749583565,46.26614236380576,-9.604270857192754,1.8966107436672708,3.2282255172995544,17.523667128800604,42.7447428677323,-3.5454327059331936,19.6013084470928,31.367555221664368,53.9255115807788,63.7499055759946,26.33045732627155,19.757296829444893,23.786488993968156,54.79608229010302,67.15608973504584,27.044956142707655,14.967012314596895,18.32796052711472,35.59282910143311,46.59336248808586,11.284373426023064,29.72472281715517,69.493112445053,124.26335282354763,63.87615708843994,84.05845550075529
2024-02-29,17.673440860011947,21.97735395362852,19.995479241136316,54.12036111273195,-1.5493776732961262,5.37318974126475,3.6912830364224325,10.78405265863147,48.1380655875678,-9.10691805147944,2.7363788427159363,4.099769599737413,18.045732753325705,45.245679773299784,-3.1490525637019484,19.78862440354403,31.709054046066896,54.56855526456972,64.37313610237388,26.816198028230854,19.108404466608174,24.345822938818905,54.51474959912706,68.34822331223427,26.772053021426977,15.240206602083873,19.56592487976012,35.16870541046369,49.86768529169203,10.899537640190138,29.53267970422848,68.96454751194257,121.57195784051842,64.16771405733783,81.78932471038532
2024-03-01,16.805114750844517,20.583277948394986,20.805771894398294,51.75464094783807,-2.959528279426893,7.761794763761998,6.271769876412381,14.964470117366746,59.397298601135674,-7.651710374839215,3.3066583554806295,4.20548638702456,18.869699672778694,47.936759849844776,-4.514730143749213,21.32914341457035,35.012254645720105,58.84284032534246,70.6156677810765,27.594765654749764,18.377018122017287,23.88675355220853,54.86443682327786,61.208016321821866,24.399006491250464,17.236652995921233,24.317527712974908,41.33821863988829,60.35314669255002,13.533709473332213,29.726283294463496,69.83332881221067,127.20178111067355,66.01066217516501,82.50591564455294
2024-03-04,14.43309188505335,20.7030341320108,19.513109192927768,49.46154980090247,-4.815598832402735,6.483918720036286,7.290406262300464,16.59489032005439,60.72965177408521,-7.139769944393759,2.8379099721693724,5.2710499925639365,19.1655405373502,47.89564610391863,-5.092414610765372,19.206404995009496,35.64659161016623,58.15106622681559,69.70689430285807,25.95701538076338,18.574616055760096,26.18932841018069,57.2755661727717,64.27285967050368,25.259736656035024,18.564367925118507,27.603980008731522,44.35228335096515,63.51980884464017,14.967184275631018,31.843058655612744,74.0219515834726,131.37083649376976,68.74611183615706,84.27178966413125
2024-03-05,12.701876731722873,19.325494794613608,18.655938734459454,43.35515195629959,-5.384895692955194,6.967464184749916,6.936455665753338,16.98250996260051,61.727992937781565,-6.71927170049893,1.2059138787047896,4.4021512544233365,17.784425217122045,41.48427235077227,-6.07983218941166,20.336031180830627,36.48373511736482,60.632753826409356,73.0166620527564,28.087012925883712,17.116920127053127,25.436955011898664,58.23037563958566,65.51341515960586,26.17137966592553,18.284413478731665,27.049883716220037,44.50440788985466,62.622445615319485,15.226424999456922,30.374160232002033,72.94357365455181,134.9072097616801,69.48708925392661,87.31274971257315
2024-03-06,13.506985456546804,19.878636381066418,20.88852570778943,46.707356773373725,-5.574942322063336,7.031698153007615,7.798918845269998,19.92579317215144,64.70219971741358,-6.326924982731896,0.052277782972276476,5.186240844175605,18.643951455784567,44.661798538036074,-7.32816126461443,21.111780428692327,35.961462299331394,63.05913773936869,73.67906039169105,27.36418444850315,17.733538556800397,26.578096133519978,59.60840590459633,68.00665562275336,24.6688454936955,16.518278405884026,24.800129171259798,47.661081827254435,60.47728233018113,15.336886496801894,26.941427436791,67.78173769620817,135.67850733511065,62.597975023469445,84.08659149636657
2024-03-07,13.574997360201602,19.277318830027657,21.24783637012275,47.86704432537334,-5.608447715326759,3.0246824153711938,8.146025988678819,19.58486570393707,62.92668215589785,-6.903071910565794,0.3108567747684088,5.615512726513328,19.495232635414794,51.2862140199469,-6.972851336963382,19.446498360400845,34.75358179646244,62.7360494617651,71.95411783094235,26.69016438759748,18.274747648346512,26.898942906846045,60.375823399851015,69.07860813618275,24.85272622460435,16.22608073730969,25.360149293652732,49.17317253005011,63.995979231279975,16.13145220470504,24.229074889867853,65.19466837876078,139.6078431372549,61.88439773403655,86.53492656369686
2024-03-11,13.883215343978183,18.685766094656884,21.213899792423383,46.624061959292995,-5.201676081330609,0.6713177150636351,7.589833501195509,18.58823589290037,56.39460483619724,-7.255141379244357,-0.0433354821803289,5.861510164057049,19.207557923301554,47.57344696464711,-6.770785290145009,18.036380481812774,34.0192427729296,63.1905185917272,68.00136022250148,27.627175335556498,18.314629823092154,27.200433789130194,60.067775367346556,69.24172526685126,25.18495687540785,11.145164056095581,23.897225389964728,51.56789352605773,58.08841344210962,18.537414362207727,23.449311354525882,62.34777008547325,138.28360065859243,56.74957201104063,86.35557471893219
2024-03-12,12.723553683521205,18.118414187187916,24.415930145189215,49.60377547727261,-3.117926605147503,0.956233483143154,6.4053703518447636,17.3053794606991,55.83605829241986,-8.6548774802379,-1.877792389999633,4.675211136698509,19.083500080482672,42.84513715988444,-7.270263691716283,17.671342839835603,31.412955971704015,65.13889163895055,65.85265523496987,28.592843387813005,17.249394372463822,26.291980078431788,59.283337271581594,58.985782976708556,24.033151977517164,9.198890230146839,18.353523607411336,52.59279985591625,51.985791321924474,18.823263370816413,19.21606253227539,54.8656057136657,124.54019920618973,43.579865639966094,74.84834967839551
2024-03-13,12.08936297799168,14.86913179558198,24.550001573616754,46.324771954664044,-2.025803653680258,0.2986724316881073,5.390515021628461,16.668508121689698,52.151250424540066,-8.22558669025394,-0.9395798743121575,4.870653119152668,19.41168673300735,43.22277321436171,-6.067732683970317,13.829137754871713,27.563727754684074,59.743715044215605,50.9903190541556,25.65846571733652,14.370137812048611,23.80385914964076,58.64085466575444,48.679405977434314,24.790927717362532,3.766016961128771,9.138654861963103,45.136736076534056,38.04582300797372,14.168244863663372,12.479588150574106,44.96184593684545,110.19836580392158,32.410709995244076,65.34737617627904
2024-03-14,12.837169954034477,16.41974785641016,25.190758653055468,54.81413651452155,-1.3534136969960309,-0.998795610109604,5.070046832388475,14.968250436761643,49.89758747252786,-9.408445472835359,0.9498207911408096,5.0386609138869165,20.156981445842682,49.40521330056612,-5.319880096305529,15.449012335867906,28.674475858932745,59.65266833073877,54.2847374399494,25.801543935357497,16.91470507096038,24.173933332511943,60.62679765417802,55.461755463349476,26.569128806707674,5.935844555344683,10.808127451802596,42.394616667543204,43.44973850247886,12.202713629255069,12.569375125435212,44.316204473489165,109.06347901771683,34.38184016720891,64.73578998655682
2024-03-15,11.894788690631607,16.057038069262752,26.19084142352708,52.62680419567134,-0.7478324542874226,-1.5220540059284415,4.9201625863223075,15.361058141515272,47.628944042947126,-9.265720540812161,0.3307911095646654,4.01537235488012,20.7974895638104,49.5237848558186,-4.989834935410253,13.107554195242255,26.82610210410614,58.51022930605938,47.93689460608002,24.672152585085726,16.699285923811335,21.90220612322942,59.15560483672089,50.54530432769464,25.179756144714418,4.878552865072883,11.72658739819521,42.557113342428664,43.54358962967532,12.124638671740406,11.43701064647451,45.47445700479062,104.49562740515267,34.085075148168585,60.84078721261075
2024-03-18,10.127672507515939,13.676199946369106,23.707911462676368,45.85635941134299,-1.3152917015843868,-1.1075997267307458,3.7825517557967814,12.907569505771876,47.41317062146297,-9.930978305119254,0.13160384586807794,3.962636637122574,18.71361277802246,46.511413496132064,-5.299361135970793,15.344820519420077,27.824405134388506,59.90083656262642,52.64706869491343,27.556655239598783,17.85854987549722,22.920193054543404,59.689944840936214,52.95611119344208,27.38842195692932,7.159700341645081,14.549895278125845,41.09105736036249,49.97650686590051,12.551652311446837,13.949036666872638,44.02521549911498,102.43931742547785,35.74884431336132,61.49060114308909
2024-03-19,8.310488452417708,10.485669748764415,18.671123642508626,36.93619514220912,-3.662542809084801,-1.5022625140017731,2.7203284279861295,12.17497904248579,45.10308875024065,-8.936126079400475,-2.7196229158455876,1.8590754075084925,15.781482365059652,35.53920685350238,-6.008359418203235,13.59645474993636,26.40020813408881,57.66760609919053,50.84513681955485,27.99488019285896,14.020529445635766,20.68843829464908,55.87572541887591,43.27436479840429,26.540227847516174,5.252250100760469,13.552791076794568,39.511059329326926,47.76479234125895,13.255358955613117,11.496571009359947,40.20966824081083,102.31792115616085,34.57989237870969,64.24209588721628
2024-03-20,4.457619740176488,9.515414063471361,18.90240036420179,36.46737567280154,-3.3366365266168985,-2.977862622344718,1.6242876046225874,11.385586529845071,44.2060775023333,-9.447535092218429,-2.5163957885769084,1.4442245934162212,15.903722496828653,38.8992751665654,-5.774453490325127,13.086127970078355,24.619916246167016,56.737579928184644,51.849569292222064,27.421999994358615,13.652767559727774,19.931156903742075,56.26523729666359,42.371127651441746,27.038002469204848,3.784531832772231,10.648330758385804,38.41440159076903,45.89381680176296,12.525916801823866,7.999480780463131,39.850822951593166,104.97481896751691,36.937937389258146,66.63713573534633
2024-03-21,0.6828810431790178,9.245289991805583,21.12963923298816,39.93744703899749,-3.2061252839245213,-3.029798010490925,2.5785805842052145,13.15699476449308,49.66219769767384,-9.57701150736141,-1.5646929817447308,2.443928104933124,17.847596484755112,43.248488807698955,-5.828783426034779,14.757529139467529,28.812606380111582,61.95857731413837,57.14259831088955,29.420002742559227,14.850615172576976,21.227891143894272,58.82020263395766,48.192419777304835,26.91214878105921,4.103239004527026,16.460944348696337,41.705160353702,52.07914297625426,13.235634356303638,12.039637323613327,48.87830652474015,113.62168791720819,46.953719987259674,70.7036446886703
2024-03-22,-1.3931474584699788,6.99887575654814,19.09901148229003,33.91846839403307,-6.146414130448163,-2.097341704605571,2.0786587456166794,15.754551090163083,52.07575774853602,-8.78194902442566,-0.44680625656033923,2.971930969371961,18.61915907499214,48.27687287860023,-6.524552190139299,16.48278273006516,31.573305328197996,65.1786356176151,62.38851238643058,30.165708924112124,15.205892422932576,21.792091834718995,61.0379990914687,53.518595933915535,26.902763405718222,4.663032472050577,17.09691472121948,44.27310756257585,54.36479540356037,13.691527081270284,15.11122626672854,50.47749518408848,119.64084224684495,51.911738522067814,73.08355788780207
2024-03-26,-1.0635123426227189,5.821394856649631,19.48304083951209,32.537171784627844,-6.854076920402452,-2.654429434636618,1.3029055678147161,17.782265855482173,48.39355547652267,-8.179957603761878,-1.9878059990456998,2.962035362503457,19.429138829080884,47.36743830288573,-6.896097549289893,17.318093191753636,30.109806167780807,68.90093755017661,62.19666919320981,31.670851583466476,14.752988446579728,21.43511621524512,62.18748121161168,53.362643908696086,26.43721270621242,5.76092343950616,15.812631205363669,46.120588967593214,55.25990162195864,13.91187439397703,17.541187522060774,50.73398594943255,127.59769691403746,55.93583300744645,77.42934412193074
2024-03-27,0.009501097910891154,4.165188625738714,20.704236992227987,31.1376227903299,-7.013599459989117,-1.389708889274388,1.1992888371564758,18.711720653467356,51.022134832512506,-8.548565646556716,-1.9311139923397391,3.1764093434191842,19.744183358700916,45.843993501071765,-7.753191821712013,20.67302730321181,28.737706613904134,71.2860063204392,63.79387040325593,31.95285921600859,16.420255195006582,20.43725996871075,61.82515077716537,52.267920816420954,24.664540885851814,9.882038252465541,15.906512716285404,47.80555975189418,55.02096193636982,13.86432923655445,21.490575726351892,52.61095176262602,131.8793756939135,58.02068129676105,78.63191088006486
2024-03-28,0.14950806499436364,5.338590795212728,21.52646888548395,33.25340006464866,-7.619711187849942,-1.495703709897167,2.4896774589277415,20.672961505960075,55.474920619773954,-8.268518471948816,-1.5584856209832854,3.3537252030668263,21.331352697042938,50.65377463622385,-7.768031878851767,22.130706366219766,29.3119319982025,74.39423228606906,67.53049074445116,32.568564638716445,16.984693044796018,22.52853494745657,63.28203294422599,57.47990909504284,24.121448599288243,9.744819182781761,18.675449525719156,47.016828902563866,58.204947147937524,11.757193628848817,21.03884611807043,55.579545073548985,135.15666433787536,59.36447153859691,78.75809909448964
2024-04-01,-1.6695755264254264,6.35402866273187,22.88281928043552,35.26791359760712,-7.0769135798831595,0.1819226554818476,4.833464130954379,21.582128711813773,60.63747792889232,-8.060486245465004,-2.199417845153673,3.7843663480879863,19.830356703122586,49.94658157560349,-9.385163386705287,20.284435652030908,29.76723492421902,73.79458037948233,66.61219034384642,31.422186653246676,17.161710273892727,24.240955149137044,63.56614952619273,61.67050593733376,23.68752228203508,11.891962974681913,25.111599705891873,56.48924375771005,65.95852031255065,18.336018059048563,23.17673015533508,64.27509994019694,142.71143303139118,68.15735524724329,83.53660502576994
2024-04-02,-1.9707862025155842,5.6925968735475285,20.584347165914487,33.40028386228927,-8.165018584576067,-0.37590969458555223,6.547166042263353,20.070021901697068,60.094918412762425,-8.556719930488743,-2.5006114472213015,4.69165187881222,20.59518144156187,52.42198340537251,-8.156767385095288,20.389834096623915,33.41799880765872,76.50120778927791,69.62182041549711,34.42030842382833,15.834173638814208,25.33825152269089,64.31057967555058,60.975197375476625,25.13613404648467,12.28778300068576,27.68268275915846,55.12171952109639,68.59075496320065,18.138054931355853,24.114256149118262,67.95222920582708,137.93232470825504,69.84897255548034,81.20519894382848
2024-04-03,-1.9406327816793079,6.506649503033768,23.21998737879212,37.05622397406234,-6.692975140212887,-1.3627159271868639,6.751985542023098,20.990578325613683,60.99779102476244,-8.381171433465862,-3.3787272922185863,4.3756342826278605,19.13971361801734,49.50078409842129,-9.782719047270582,18.274499221583508,32.77618215716651,77.6778956151888,67.92581428358505,34.544696650849446,14.992250094572523,27.101494301187266,64.21639760603904,59.94817696098807,24.35112046155423,10.747669017393523,28.533828956123152,58.863797036513034,68.59790877143047,20.297920611192666,20.094793521095376,64.71059226819904,134.13923432555382,60.82683560131535,77.29944485959359
2024-04-04,-0.7423283326741137,8.509092710295828,25.783377898662053,42.172333423623854,-4.424936649365996,-0.9230331411448134,7.359808211465801,20.469139315285357,65.63638209371643,-8.462900152586672,-5.079331347503291,3.8572918793261968,19.417481385617986,46.675405770120406,-9.261990421351229,17.61812451148268,33.47583843757222,78.32266860832517,69.24758198266558,35.49644343965483,13.429629359341245,27.353594638719226,64.39410524336522,59.019307948759675,24.91298361985357,9.564302463506035,28.577565167302076,58.05715161183911,68.27547650177554,20.09792176588516,18.922044117095172,62.178759722342235,134.22852075187515,60.706210174632325,77.97586679077317
2024-04-05,-0.7520809869069445,8.551933840965775,24.914588503088897,40.50114768008744,-4.834716031182351,0.41580332506767625,8.669850955833859,21.235503928462364,69.50385074876239,-7.6376002457909316,-5.37182041224582,3.8778406418810363,19.544550967645403,50.49470515253629,-8.92584063966677,16.020352649740598,32.69792754519067,77.03697609015141,67.66217649309273,34.87435138277244,13.836601615106826,27.89478796001097,63.005008053211434,59.87395946899504,24.184197103124426,9.03797699533091,28.393577486697353,58.38483800221774,68.61904702688346,20.66435366325137,19.756083853989214,63.99965372848706,137.82653538715684,63.6456391120098,81.18644144498117
2024-04-08,-0.6205608784481398,7.57639065699347,25.232456003285808,38.799514290852876,-5.649263305880259,1.7169649877623039,8.956157484205551,22.628729493786494,70.24350783273684,-7.6109234230852145,-5.669424166877879,3.1273961747197987,19.216018822852064,51.01449897822796,-10.182076111475347,20.33114417246813,35.524206795623556,80.80035447065148,73.62372013829025,36.21585955653841,11.25688878959239,26.77508843772738,63.13636322189331,61.294618576040904,22.907723307616724,9.60568423910817,29.76628810993731,59.96526341040447,70.84558032044166,20.518601406687885,22.0694951633295,64.97395833333333,143.62262011000877,66.2134427303924,83.54645765413964
2024-04-09,1.9883512478656273,10.0369891477057,25.571988022417315,39.02776963390393,-6.026268287095071,2.14988503141913,9.998886345814938,23.6961947247504,71.49374547642181,-7.430047098595194,-6.264188868341847,4.481375925115572,19.017646610075456,46.59117615297537,-10.93131065473074,20.100175293435242,36.70815266008929,81.61167715054722,71.53766052910406,35.91189638113759,10.371235106127386,27.68494145688951,63.17933042120616,59.85887445671615,22.117765750083862,12.896025853917358,32.51490450871572,65.54189641137948,72.99831710492518,23.88582840490896,21.23096291788944,67.47895282337876,150.76780605897474,67.22076650670591,87.66595082187358
2024-04-10,2.568339000768094,11.039214217518879,26.278092714343227,42.28755302115814,-5.733476293298779,1.6407013764961897,9.873489143915016,24.232781044326202,73.5522725771842,-7.26030028061857,-5.9146783708152295,5.2095194363055874,20.144503933566437,54.87088434475008,-10.312196796452033,19.962079422838208,35.841612046129015,82.67526737792177,71.08867035393523,36.36698221173642,9.784536200650585,23.953250879382736,60.88026761481979,57.27740132634674,20.097027402523217,14.163931883616488,31.586563922916213,67.50140885748542,75.08755181568553,25.03970553854056,14.216098699210411,66.92434355268806,155.18524912086184,68.34774348070023,90.49564195009306
2024-04-12,0.47731193555560214,10.407117775027785,26.406358111636095,39.371292129086214,-4.846375797016345,0.8421079782595209,9.38195733175251,22.73725090040044,65.19518012642655,-7.608332188719702,-6.877293680986362,4.638556848771103,19.219208750284444,47.764978141570396,-10.256572876001869,18.712234828091212,36.65091563195026,83.3478108495908,66.83058181082329,38.016860485878624,8.238284270798335,22.951912669507536,58.24419770200369,46.43374823891149,19.119869802285017,13.713509321682427,31.67548991890998,67.93238903402148,72.3207572855497,26.4127507220824,12.796832113738542,64.6896151682129,156.0215119392641,64.71104413567267,92.72270081093241
2024-04-15,-0.1478991596638668,8.336927093975444,23.034634598508163,34.24410511214566,-5.645186347920972,0.6807129572552251,8.664349965619111,19.70201031653329,53.02945855194167,-8.20096378509756,-6.1720951872210605,3.3813042849574426,17.069615586317855,42.47484423532598,-10.219737726587397,18.147495418454884,37.36837604605843,78.86118758374315,61.742412249566506,37.16799402969304,8.267651606721515,23.564508934676674,55.894079050659414,41.97672265531457,19.554602054028457,14.879310640409194,32.31885364710174,62.992195834738055,69.37954654333267,24.998121991548206,11.425864828337406,65.76632201796859,147.159911551466,60.49041288276513,89.5460369578379
2024-04-16,-3.137400918027855,4.512158013594791,16.99159427898369,27.959902642326853,-8.300796329919057,0.5125714830961581,7.399233722703613,16.93272888491464,49.40995274430811,-8.346935625593465,-5.604874887400246,3.9266650930541047,16.3323562793799,45.29216154753038,-8.81751379124852,17.18835984036511,36.35910376224545,77.25747829477787,62.15523358704178,38.93621763489135,7.778596976615826,24.459764890117054,55.57561891840037,44.587784962059864,21.941755330537084,13.365910847819551,31.93945635726663,61.01919764294135,66.67713340232243,26.208487801636295,8.191520046149403,64.5319729652655,142.0937098809275,58.77525714477185,89.75551659444831
2024-04-18,-3.834442339492017,3.577267882323465,16.993149294520315,27.493378380639385,-7.461962659679089,-0.615281047819527,6.106426786015251,15.329406446563087,44.68079163946972,-8.7779328572278,-6.252910245179121,2.418868546983921,15.494733429538176,39.946211288219374,-8.647164221490023,15.957942211425724,34.58333134853093,73.1933885934296,56.86046735218497,36.99072430650576,6.458200450224716,22.456363743988405,53.51198588137922,40.32914022380656,21.42333091586628,11.945222854262294,30.838178752322797,61.08965821783876,65.09315324822884,27.417040204422484,7.732734251671114,58.7659574468085,138.6465358664888,56.75992653395231,88.76218120735496
2024-04-19,-3.9353372114782514,3.280091413493591,15.153643833385711,26.674546854884554,-8.711862896612244,0.28625968341478014,8.402694308044612,16.036918449716286,50.83821205091606,-8.011646285210938,-5.6432213144609555,3.014585812527071,14.439212097926601,42.842895196407255,-9.278229188172805,15.220391620570695,36.48648065193767,74.86899641653537,58.70873787479182,38.62752743718498,5.891923915493713,21.853700118618868,51.08214433390352,37.57255636626761,19.770482693388992,13.113641950223665,34.027367080419445,62.090866884699246,67.6270918616564,28.49765571280529,7.025245471765529,58.91739535012306,135.7770104643791,54.16001497410545,86.9124010373602
2024-04-22,-8.167468933013389,2.9762602246953263,16.59768663278436,29.626969577499864,-8.131113950186485,0.45084584870984656,8.03592892621281,16.77322296605832,54.618713303935735,-7.992806511463979,-5.286821510292416,3.2729164968494873,16.027840529883996,48.05311363763796,-8.580103361598724,16.550718823750167,36.08526551098008,74.93052887337655,62.64248684850511,37.83011728453256,7.468249452200171,23.408817008129866,51.88584807589889,45.47108074118893,19.672903231860882,13.076782934232511,31.667445418337927,61.5600303456709,68.27672073076685,27.29532160252619,5.907722435063434,53.92608987069147,130.96534049156872,56.425243735805005,81.98069927324087
2024-04-23,-9.374235788006324,3.583931977493382,16.090543340341725,32.63786227427022,-8.5306853069972,-0.3900709938942426,7.757842308126328,17.47486767804991,55.10158919228975,-7.439957373096561,-4.857273399990025,3.1592555029891,17.416060928096712,52.33065149214972,-7.486292009517137,16.781288718508947,35.47584073647827,73.69212183208829,64.46708948969423,36.85438016236524,5.383998831722314,21.659333943253255,50.127045431446284,41.245522374644494,18.28713663818111,13.17824143623394,30.655524656764534,59.78547094497555,66.292362369841,25.897141185631067,8.366356326881718,56.58433360401271,127.1745575747945,63.29719697144749,78.99391715424626
2024-04-24,-8.943125489117476,4.496050835021315,16.623107612704114,30.46539103497757,-7.740699428738007,0.13277569381753285,8.049025193575243,16.49281423373987,57.44143330634604,-7.84377313564203,-4.974555900004251,2.9954783866613877,16.561164024478426,52.612278343563496,-7.789702342839345,17.016257968195482,34.322801476384534,71.84754985473096,63.89154746196707,35.94676971852078,7.309687269287712,22.388740960276365,51.10731072154471,45.005211224091,19.53938703701146,15.087788071854558,33.178395458127994,61.25082008335907,72.90228109295629,27.56380945393817,11.18466810323444,58.267777889249906,129.85838724965907,65.38297209096925,81.8385264480959
2024-04-25,-9.215131228927243,5.490765808222808,15.78345213577168,32.45721563460528,-8.624312704731718,5.27630318221779,9.49919803064374,16.692354003046383,60.541547376695185,-7.9070121641606095,-3.4978120361894405,3.3719071624959795,17.737118700436593,56.284840427279846,-7.0824893975228065,20.202473437775282,34.83806174340669,72.39702729344168,68.68676292080944,36.05482101299731,10.051010788300108,23.912626690702353,50.13400532355554,52.76597980730894,18.48496196800604,20.126602603769015,35.49730624916692,62.267038599043275,75.13503008377151,28.06028757864678,12.50145852143243,57.20463361226442,129.12354563366742,64.27871478185202,80.82308889230967
2024-04-26,-8.342521882359344,6.034095903687242,18.78236826288422,34.476748905402516,-5.5460812721337955,5.441493731045455,8.988290762182437,14.403352959822758,56.299024771873675,-9.028207126267763,-2.9539681385009176,3.6235308219614515,17.503699623144353,56.377107010619405,-6.562858976974351,19.54612843819694,33.85242944856215,71.15991309197625,66.54073174329629,36.10373961292503,9.597694284168767,25.255282089220078,52.214135829588606,55.46663473204749,21.038347905821155,20.887788501533855,33.99562172858719,61.51611117391538,73.8900168422664,28.435136133154316,12.353621773097823,58.678560409862015,127.90450610832416,65.75786169299482,81.22617028504295
2024-04-29,-9.414411034752524,5.612529131876687,24.33038635981348,33.635381106955435,-2.7752274318220915,8.146189912144909,11.291617291908263,16.94526209993277,66.74303200360588,-8.550300184163472,-4.075443476840778,3.1649826954817994,16.371333942756717,56.716506699084675,-8.999104665398105,18.102288689445434,33.626363650118776,69.88684599961918,65.3861162680655,32.84934156672734,9.828044574562922,25.53880433101623,53.96256725500079,57.749938059973005,20.39675918049404,19.87041051719791,34.291506877535504,61.63222259460284,74.95591414325294,26.394331599444886,10.460561380073408,57.03878494784589,123.41639245975595,61.11969262915387,74.70876252278329
2024-04-30,-9.091674326640685,5.044187879516304,22.210811937011577,30.179303733491963,-4.522199640164426,9.73385377269218,12.550043358078987,16.87334003641996,66.36176670771877,-8.69212592142976,-1.333900079569006,3.4295965822394026,16.555337368149537,55.36398424821964,-8.940567076461669,22.432876153940406,35.95014247958777,72.85450373959375,71.82513103894159,35.04343468279676,8.277819235141726,23.737712073015448,50.4725433747645,54.06268369110704,17.557417615204308,22.55888237377657,33.69175532893107,59.606884757131674,68.85563511875878,24.69366692982089,19.248909010169314,60.06085347235892,124.32868187347327,64.93635639170978,75.2578905534133
2024-05-02,-10.479324129828104,5.273614785169589,24.415605591755373,30.228313038997882,-3.2131680824766473,9.202377174988774,12.51654294129747,16.78856284397685,63.97313577439679,-9.146485699233263,-2.449302358692873,3.7592086274319536,17.38226983064721,58.28868749824179,-8.684622269370001,22.264535596420743,36.80045733541944,74.83878424987407,74.9922848093272,36.01261629013894,7.660285074877282,25.21408939484635,51.47718877653509,57.61294156288986,17.83889279581654,20.37840506761284,36.39777859405599,60.555569307484845,71.62958915196674,24.901251945644766,18.891340110043807,60.52978795547443,123.82926055389945,64.64139333869475,74.12385621896127
2024-05-03,-9.830614853194797,4.572858498786059,23.543239253858705,27.661075958622007,-3.12350436615767,9.043348905694671,11.894183747649567,15.741967095068542,59.680049371472556,-9.240876007000765,-1.702831520197301,4.728653784664227,17.33361910675706,54.9290329059079,-7.9927812501189415,21.093044477033416,36.6320468612209,72.96458647149528,68.69159339311584,35.63027088584132,9.130728490956441,26.65128694620369,53.24803580725255,57.81720835976876,20.169527377132624,20.164773299772797,38.18926378440282,61.13218787684791,71.41500916402872,26.35188934335284,16.890296725505127,60.6156775885333,122.47515536317324,59.76833131615609,74.45400936017373
2024-05-06,-9.073577179874693,7.678673827103455,23.842461706054397,33.981634809623216,-2.747623505151775,7.598526704765529,13.311568777917259,16.091221760886086,59.28642203924938,-8.834602842163463,-0.868627002304545,6.29793112124013,17.121278586556144,59.419742175199296,-8.02570843840943,19.016759483680936,38.38805585475564,74.64172582130051,68.21778291885154,37.1445838309983,8.963555725781847,28.780519112245106,53.066184016499605,59.460182323304586,20.201504003812886,17.1601593625498,41.51139513396982,61.85121537994378,65.76488207425166,27.100310486718506,18.623334122347558,69.26761993188377,133.5773346415658,66.90239264574814,83.42618982447263
2024-05-07,-7.995583747477797,9.637903080526034,23.91142817046561,38.75699074279622,-1.4186713147521068,6.431003438565952,12.731956393584243,13.2508553561272,51.40316253480556,-9.899999051024654,2.1827088818193507,8.881255055670923,18.794049072592188,68.95355317739877,-5.489950601118343,17.139477007132943,36.41817305231043,71.51477831579538,56.48154041069676,36.453553842234896,7.877152513601038,27.338576188982454,51.323042730898315,48.96968712382316,20.38943326990179,14.06282287163021,37.92102166188982,57.27562459986244,54.06394281353307,25.12518233206993,14.048505560972968,64.94471878747143,123.06075051566152,53.60139202926118,77.46244626533772
2024-05-08,-9.01581439383843,10.287613357161906,23.528475985272923,37.19584408655667,-1.580164918672311,4.400959951273786,13.578365585651797,12.518250553557419,48.40050062013298,-10.352430281412396,1.7021582352114262,9.948153972548868,19.03633740502706,70.59093549995818,-5.159222578891287,16.806962728994158,40.77966699524722,74.03668264713141,62.313935169030046,38.66164435052302,5.085105060226436,28.68748006265285,51.33222709661154,49.09293057300845,20.572141075505645,14.163242626926277,42.26756413659374,58.625880876138204,58.81778506397636,26.383272447408057,12.222607087933767,68.02483459082379,123.40152568021172,55.30715538096672,77.99249233014692
2024-05-09,-9.111099349983887,8.516921441348924,22.689272353593193,35.74162781142478,-0.46509966651617773,2.8129205853643313,10.999715855967462,10.875580307054044,42.94882222227857,-10.049268175021542,-1.0698010540319602,6.284855652300814,15.273229359008166,53.3534404729713,-6.481559672958081,17.096864745529984,39.97829344436654,74.46802552465745,64.88240038891085,41.541776219262914,3.3513363193546475,25.094485743121766,47.995451537442115,39.70001014554227,20.065204039469677,12.04149281567144,37.00779262995037,54.75127245241582,48.22310742512553,25.54604151240527,10.76460356834188,61.14065389485957,115.4948929697218,48.61034888707314,74.82590191177245
2024-05-10,-11.757018915823247,7.487185266473029,20.39790693742518,32.84621900691005,-2.202895773143232,3.1544972822935113,10.181319296694081,10.279447590881642,42.30594226042587,-10.421942503278125,0.286839906423042,8.002627638485848,16.715216957030886,58.492056146780605,-5.194280133628892,17.88602146809939,42.58415080485369,74.78006649422665,67.7750799259168,41.970776855752455,3.5463280486300652,25.94716770033787,48.64549516865064,44.46717534398323,20.742123793038036,11.131126114102674,38.799000057525234,56.02781134586139,52.98094059525495,26.738649505013413,9.244331026681607,57.08287117487318,111.33076427639664,47.42551391938883,71.66026641162182
2024-05-13,-10.99922110766689,8.149667086300049,19.367560848626297,35.73445975135746,-2.444352482233614,4.2084617606802155,11.455347432475893,10.45522908727401,46.59748199067985,-9.728142899752912,1.174258844130338,7.955307635485354,15.741376310107258,58.97176427356002,-5.407927997718454,14.515962009090089,41.130735445514844,70.31029353924598,58.448045147572245,39.1896663301319,3.5316928589503194,28.98018882342699,50.14329140952187,52.240032537023325,22.707760046126158,12.149256416558462,40.951104299798914,56.823118906008844,56.6749727637335,28.16698943888516,9.753697411076478,57.03151316982793,112.73871297001166,51.045465936922895,73.86518370936935
2024-05-14,-13.395934022622491,9.154772519507691,18.19037132024979,36.748114700768426,-3.4615151345251505,4.746356816731345,12.080527703433109,10.397068409133126,47.91737949549034,-9.827123827794338,0.8158025695978344,7.764084457234577,15.296483956096063,55.86972038725677,-5.825256769194819,14.926515373566929,44.45128691899076,72.2091530138408,64.1473438227907,40.6612952156328,2.016431221094872,27.99816500822856,49.804610707942864,50.43711985280456,22.361153299205405,13.46038771128577,46.970086544607234,58.91109130610337,63.34421657545034,29.799372077799234,10.274170274170281,55.997393334743386,114.68703759817646,53.53620659639098,75.35744323729219
2024-05-15,-12.313022519212824,8.287836893346734,19.36886123000676,36.67770266083878,-2.7337308443302843,4.0790275079934935,10.856704027268172,10.10038644302773,45.921726921062,-10.286035138795812,-0.3955487553440107,5.751127602298944,13.37326280964042,50.85667493457281,-7.619171517011036,14.349263537723346,42.707057035708715,71.40248428987961,61.60919063072013,39.66523596774483,1.7328509448982787,27.315475346824194,50.050458212709344,51.035611436198806,22.266796424628453,13.293421228064162,45.40196631446645,60.99756003991929,64.04687099005517,31.18690960848667,9.391823759339314,53.71137603752718,116.27072469739241,56.33017284392496,76.22557761002047
2024-05-16,-11.05145402326726,9.384355963265968,20.74815717742218,47.6033304141148,-1.6082351663502137,6.5872451374078045,10.75482223139208,9.823869593306188,49.71884627737787,-10.509902571279184,2.5179803992113614,5.964182152731623,14.440347234854967,54.72826804917063,-6.748160834718753,16.475480848749324,42.638071049615675,72.17802412374002,63.33527714876163,40.299446841356534,2.569340611664095,27.642145825270426,50.11201261393994,53.6082738825761,22.318933796352347,14.395188886700772,45.16411153294533,59.54742881300534,64.74409717186799,30.007392763075536,11.95137419849772,52.349514563106794,119.70206393583105,60.46578874180569,79.02446143736061
2024-05-17,-11.45221307453066,7.777439360833394,20.42537054837115,43.40836080822247,-3.1444684091715747,5.436884145399357,10.307913820596237,12.785503733220693,51.47489900128687,-9.289048727214333,2.2232450262067216,5.739721299649503,14.274954534230622,55.31025439831581,-8.091115530469416,18.94999177883634,43.980772537910994,74.4792423938975,68.17422791498467,40.329896405326224,1.9578774763414186,25.936982778644733,50.54785279162262,53.20856298372595,21.082395226124675,18.063516972381244,45.542934524839396,64.5921856498844,68.28895650782665,32.3779496315737,13.830693725736554,53.04681129484845,124.04224310411055,64.25063536189117,80.1923502982632
2024-05-21,-12.15392915416601,7.740563498533248,19.550914041218203,43.37817400619631,-3.0795490535597714,7.053900414417735,9.854841991115038,11.006836749722758,50.54965509304413,-10.006270029758014,3.1454457030879235,5.4464799539612585,13.248879774193178,54.25131917126676,-8.1886359052872,20.258658622012724,44.66124661246613,71.91784603493016,68.92834789319559,39.37455265044099,2.869101907036553,25.756375128914488,51.662703533751106,58.348040980222436,22.953619686918536,26.317294666072687,51.76186536746397,70.7449224186889,75.61421290953851,38.423658324592225,18.206953088707746,56.3005649170333,122.10677542847561,65.88555631284315,80.06293808314769
2024-05-22,-12.016800433200714,8.719749562939217,19.51112535777142,47.72517180853651,-3.398380754290109,5.009737639173206,9.444407760704632,10.611104751125943,46.961278468331365,-10.592325245636413,4.345421188783516,6.2886029752621475,15.267591574877116,60.88160416715786,-6.828456686754791,20.022840839171185,43.79130431432105,70.89130387496793,68.17093752381211,38.13255142492118,3.0044401064692305,24.650505029118076,51.90576245357725,60.681806501888694,22.786414920286745,28.19387905068158,49.698179794029215,69.94526207372694,72.96773351619858,37.367859689315594,19.814204511118017,56.141298517244586,127.17949262297937,68.7602628634755,83.63066016741796
2024-05-23,-9.880893463441708,10.824874350356083,21.184517029020977,54.63291633950719,-3.3637980920118493,6.230465368080473,11.64052371626152,12.548855112470324,58.6698943065859,-10.250136289630507,3.8261246973310348,7.533232018159786,14.916012578157755,61.97898896673395,-8.362493277054938,20.963937918441864,45.81970544596621,73.43837419136743,73.68608155322778,38.30500923592768,3.4007108846100476,24.0416741313193,51.108753069587976,57.554106645478655,20.498693477484743,26.47242396415088,50.908765505509244,71.06284722452274,73.61252754907018,36.41069212980017,19.67479958351481,55.97942211549744,127.78821941217484,70.89899786013073,81.64522088332878
2024-05-24,-10.987629890772766,10.396046609737851,20.362610423635317,50.94590798458383,-4.0699948863787805,5.9558970314328,11.756127191198807,12.642460333754514,60.59764780444254,-10.223018944211603,3.990515642698833,6.477253181926157,13.474160314130778,56.6711050968648,-9.560147118071615,19.56665425296389,46.693000621612924,73.07941116544416,74.0748223798144,37.94573530538199,2.9718317533536043,23.22044275448716,52.26108279719304,54.646905861104536,21.353353835802213,25.50755022449667,49.387992603101424,71.25904688588354,72.17340002495177,36.494889780909936,17.74212050476507,54.60656428935291,125.22552792388612,67.95809021354566,79.50662559918804
2024-05-27,-11.647984162637526,10.965585852716075,21.288584172540958,53.58455730099922,-3.1339289157252037,6.245464027941505,12.281606883490447,12.53209639796955,63.4054399518157,-10.12722159043884,3.2547532757666975,6.217897228182578,12.889996578193387,54.56088856063215,-9.841387729526419,16.910469602285815,45.90108751802937,71.64839790535926,73.67763901708216,37.08549758771651,1.2778919151094303,23.325571069580462,53.05844554452115,54.41612223182212,22.238794090241743,23.694126447666687,46.950451246164036,73.37153279680082,69.26162558094215,38.46166425682964,16.953660508594947,55.603279311386935,127.94214826637717,69.70248972782261,82.04401088286386
2024-05-28,-10.909493741681953,7.80004035588997,20.292454900720735,51.58485075678134,-3.3018068700111702,4.348623084633818,11.177057230990561,11.503982554156188,61.28769366073882,-10.366500968963944,2.5786650930264887,5.514146248632468,11.645728386481679,54.67120667311364,-10.252557281632157,16.99890686220322,43.04141514250532,70.0064654039539,71.85248383718901,36.66125642332205,1.1728005054493673,23.842745508740837,53.8811073474216,57.09841498516742,23.698739456420892,23.369743402851118,44.50047031684294,72.14100591375454,66.8558325431463,38.377126388988955,13.866967305524236,47.86619106215828,113.77923037441052,60.57838656148217,71.84839500520712
2024-05-29,-10.32778085842494,3.933120127717604,18.878293233449117,46.10744774707326,-4.2547144857905455,3.151131054362777,9.827102319723302,10.472129742057067,52.60539818807472,-11.025088636283398,2.007517590404828,5.101733557018107,11.270163525159237,51.191059309256985,-10.382347473579678,17.308429320149287,41.509858692213996,71.19514677781244,70.17675727633514,37.88159100417361,2.140467198377083,23.450428989676375,55.135490058814085,59.69667246249057,24.94704781720898,23.37819398779488,44.88546517876173,73.15538725806306,67.47540897358618,39.46038036388906,10.632772833051263,45.202008799120975,112.02075815850692,57.30719005287165,70.76278160354288
2024-05-30,-13.961126970763582,1.9116949059065913,17.40618265872358,36.91933158095619,-5.078791991664655,3.7565180412154398,11.697889785436534,11.404578243399154,54.56338656893742,-9.931002737215422,-0.25560401153803536,2.888765384217251,9.803175066755676,44.1361314399639,-11.225714145022947,14.020750432446949,38.836473337079646,68.9788935840157,62.21300315789105,36.61700213463952,0.00817515169848626,20.03543294631276,53.00983017245826,49.07700517987137,23.706244323929692,18.2894653322063,40.290864607104716,69.456843951371,54.95496232693506,37.00341812407055,9.498154351676025,43.792402228985885,113.83641345986399,55.55786930373554,72.88366099748995
2024-05-31,-14.875679770374528,0.008956467226739484,16.11021115768898,32.885498233086466,-6.568712687114298,4.640286292971307,12.387303637553359,11.957424739002565,57.69929187396219,-9.910366940988624,-0.4240117367759977,2.963362493501376,10.673195766488085,42.56399151054288,-10.943757242411634,13.569674405441635,39.590986146879544,70.10538635456842,60.88025808019718,36.87999588923876,-1.323468659862248,18.913127500909432,53.54761836762598,44.797544821684816,23.556330704037045,20.823827894442548,43.59489171362203,73.58456488518877,59.79643093766682,39.67961295707565,10.955104698129237,47.52532914820004,124.16713016252059,61.57690217714775,80.38227073650926
2024-06-03,-13.530401379537615,0.5744691572434402,14.866456947877404,35.15816916316743,-10.119968183953942,9.45422953367041,16.687898578934156,15.94415896140835,71.6463630628464,-9.27669423054619,0.6191411878222253,4.169164864849373,11.824941687084722,48.77723060620392,-12.49987521402003,16.230180428273155,42.30461132868362,73.06317326200006,68.88407305569227,35.41745721322948,-0.4868993505055097,18.13055332037601,55.590245917273236,46.74000941918871,21.745343461378198,26.05199366120989,46.60426480626543,78.86188542336076,66.79837756167512,39.95479950969898,17.479749552368993,54.55782308171819,135.4589099815963,72.1338241880766,84.24050748009482
2024-06-04,-14.667712039793768,-0.7641768507632096,11.404887427989907,33.26222683926078,-6.769004828590441,0.7309831073401662,8.006977912088885,6.935155420947425,41.63773519470035,-10.509572884327067,1.5947475736472594,4.7091370438330005,12.477001564658096,53.880981486769805,-5.871788645292186,11.567665419798946,36.65465790448212,66.97239682696807,52.69025584533591,39.73357077709869,-2.4184012285790146,15.764667990440874,51.93438602667511,40.793483091464616,27.14876642355586,12.2441658367473,32.203933954059224,54.89694507330747,41.3183940734053,29.6280322309032,5.053000047164891,40.65854289440238,111.29991336562206,47.861560030637165,76.82977522366868
2024-06-05,-12.330643865877978,2.215892542995501,14.595462701444738,45.699054636793164,-7.048406149536824,6.725938561853995,12.568645660030974,11.603267551750807,52.808110930456586,-9.475459557404175,6.953101833244868,8.981585853299578,17.200333725319815,69.15611250727443,-4.935522203381915,19.19955461997884,42.56422698860176,73.671210493064,64.83457389148077,40.86958977884612,1.7880338432839649,21.898597826557385,56.57736348430946,56.336379813456276,27.004291039756744,20.97039611278284,39.07605019599969,59.668431452874124,51.04028559435306,29.51154296409124,10.038481340623285,42.74711491133056,116.8110863431261,51.995028251157336,75.86155302281344
2024-06-06,-9.79999631333428,6.141447993957194,17.766901093760247,56.320150122900166,-5.640543419624711,6.875408128263438,12.618026593746134,12.853303617662348,53.86941074699059,-9.577510287167323,6.216722396610819,9.123214315698004,16.246197846227094,67.21602175736604,-6.858990459706016,19.51901173736974,43.17018006090554,74.39169025538644,65.81347749678851,39.72945684908804,1.2047961208734526,20.543417903256135,54.5932768302996,55.20512609975129,23.866192089684567,21.59330613544053,40.124377204785965,64.51329446141456,53.23581816577884,31.814498992950323,15.067817697695297,49.050427741001165,127.0068308332347,58.69778074989568,81.88676952961052
2024-06-07,-6.253729523477924,9.500438804738698,21.574207103659848,65.27738046110119,-4.363892263068814,5.321348754932287,13.496175687716129,14.014662992095284,56.15731072005812,-10.310592573268973,6.875413405824293,10.409418193162434,16.707315308012973,69.93342507610407,-8.192422995048897,19.874760888520584,45.4430205563064,78.3399210146477,70.66758868369459,40.29074345852099,4.014914157055638,23.12975378129847,57.18357352173737,61.12189885368089,23.648144864998976,19.797765844855952,40.446891040400004,67.45025476881898,56.35479903846838,31.724409207890723,16.617602057692093,51.28368081657173,129.16219670582794,61.38747782470377,80.26998534897798
2024-06-10,-7.473042125019724,5.881458723520794,17.612641889962898,58.07474116009588,-6.456049482103499,4.898836605738088,11.700391909517837,13.092140573174603,56.02679221413532,-10.051458484898957,6.952929405635189,9.988157254764962,15.09039850758116,70.11014023464405,-8.462131535564666,20.06915158523068,43.13011911276197,77.08317884256634,70.68521102289961,40.84421413387629,4.2958409381823826,23.668392954576014,56.92275573433234,64.03138660409579,24.809495490102318,17.753434981431827,39.61361589585004,65.04110541072134,55.60507026775151,31.266475694029893,16.841879362891564,54.047907542737406,129.31965980471588,63.07234000760822,82.39082606122359
2024-06-11,-5.962026323672587,5.982561173704526,18.095806941722326,58.11494449667162,-5.590508308175368,4.4655429688321036,11.744142260590017,12.17246778561698,55.55819630764926,-10.325811392408923,7.715770159489566,9.014729581396598,14.155565764464217,67.88446025833025,-8.740460675846705,19.457235926508233,43.75009667228136,77.4367877743569,72.21194072786795,41.848532771987415,3.5291911494071515,21.25020010663534,55.96789431508695,61.87643392316468,24.68562605104152,17.938570757796413,39.50294668605843,63.398809680017365,55.47243917524153,30.62613283596274,17.78900460504311,53.566425599459166,130.12388649614502,64.51022784348288,83.96825181921524
2024-06-12,-6.633059771900884,5.977999265931211,17.918839081392314,58.24763322138552,-5.788848016343639,4.023114970085051,11.337706424137517,12.284424368913903,56.54443437394732,-10.290458657624269,6.7111654761506045,6.766951707645408,12.89753150234445,64.58413247450265,-9.800617256709343,19.055953502619595,44.19078499337867,77.86618072673055,71.95598653177122,42.10602746548553,3.1300920030041812,21.418706632020633,56.601103584484115,62.662902767871905,25.11631292793377,19.142239547275874,38.82248637470016,65.72504119491491,56.34115724458416,32.40587479609616,19.34412524386464,51.49713614651341,130.51346722963203,64.41061332637796,84.16853036061991
2024-06-13,-5.924133889349004,6.846662451758645,19.039387379667282,61.18262213823723,-5.7082328179211554,4.203752011376816,7.355584574621932,12.958963799148183,56.20110016032477,-10.524570479287998,4.982325906789442,5.308670579180141,11.900318850375413,60.5477048376379,-11.3631290877912,20.194247494804895,43.56781986317828,78.83794083210086,73.31111185682502,41.65853715694732,3.357283768133912,22.245566552945807,56.47478695080108,64.26054073975473,23.944557392358124,17.547456543008554,36.62080174633115,67.06565014388839,56.37684970229928,32.33363959818949,22.193128686749873,51.79939334653507,133.89725417000275,67.36559715768385,85.27132842496876
2024-06-14,-6.460826665526098,6.525418199475919,17.49730706371779,57.45963960899945,-7.4278571684405215,5.650263743682893,6.359512680205692,14.185367712577657,57.101146433173774,-10.037221845172596,5.802459515251157,5.756609509261579,12.209864005316895,61.296760112308924,-11.593654208798142,22.479479128236,44.570343995947105,80.41733611120854,75.68141117494186,42.144699526765514,3.6121121502932008,22.588286942506496,55.27949155458023,65.18299538836371,22.339444453882983,20.13574050086355,33.52506586969006,68.45279358902889,57.78214193141569,32.71824230015989,24.549113759824248,53.75502323466807,133.28511892271436,68.4257577652601,83.79743237587294
2024-06-18,-6.504632816645062,5.391300418534373,18.667385277303627,59.25773069093575,-6.6388301739790485,6.6800756822331,7.700186285749067,14.800557250164248,59.62623143740581,-9.6810442354599,6.583806004030923,4.582383405915258,11.46208796506658,60.631035931954735,-12.307573817759277,22.852501146064874,44.562187810898976,78.71996913789306,75.53207724474319,40.607340011690084,4.578115628400314,22.6172072204343,53.68782065150497,63.06653290922304,20.913380626921917,21.97474612042405,33.19506912454215,66.05440220470953,57.177542310820044,30.642747443744245,31.77912895583528,57.101888780476415,134.34858602925996,70.78131259364555,84.37296893024416
2024-06-19,-5.465606841658821,5.962999086294785,19.45483839938438,60.35388867815958,-5.548337289065019,9.401080699244279,9.727831567261802,16.544511605026102,64.52963551128138,-7.849501548651361,5.5575322269828975,4.565734898357587,10.94462912030112,54.90855338432374,-12.277268717861656,24.79785241478496,42.05631934034704,74.20222177896743,68.40017794619695,37.73983302335051,5.413270354970168,20.56130257716675,51.87676369399667,57.7369210724956,20.087332168938566,27.79898958458038,32.61192120848688,63.545239451792156,53.93339798134896,29.31347111310796,35.23290395303993,52.10941341044075,126.921120469436,62.9981787590004,79.42410219423199
2024-06-20,-7.280205283487062,4.622392345303594,21.776246572727477,60.44018944105055,-3.8945809816201216,10.67173797925185,9.56635351868309,17.250711450651757,66.30331283743985,-7.466118628986629,4.661206630679238,5.655300531516283,11.033359533990561,55.11088901875245,-12.372832606072448,23.172183284180512,42.20106907411139,71.54587466903153,66.10612403359607,35.383448167748014,3.426193359079255,20.920428931888747,50.193655484603994,54.99079421273863,18.53234600747442,27.578376214090916,35.15123031239218,66.75547309140784,57.849514417550004,31.602878772312735,37.1294649230427,54.365781776722045,128.79214743027475,65.8053574149331,80.56202104874104
2024-06-21,-6.134281454543711,5.030847419381312,21.74264010612401,62.89537173879308,-2.991712680134051,10.875513179394192,9.187927989453492,16.68232243975616,65.19321634499711,-7.023929738026757,3.387752054902715,3.7297495470790976,8.488188697461997,48.250949865766266,-13.553268018492515,24.266674972225054,40.554996740835,69.32005202991188,62.6187247005058,34.91943531053829,4.327020697118877,21.74888817912459,49.69280799260649,54.53939004712184,19.279842418447956,28.04496569330819,34.29170703572066,64.92757856671206,58.69724571302054,31.419377094357557,36.34885154800563,51.94308421589673,123.56311509075285,63.865940494286626,78.14197953932059
2024-06-24,-4.723330264690806,4.925978822168875,22.91867490723014,62.007909079538344,-2.687189886265895,11.010095249437457,9.78054773781114,17.52166249481477,65.41083151322772,-6.959920978325118,4.609435516770888,4.747105557051845,10.263668342506872,52.05838093476661,-12.705962475137456,23.784889736116142,42.77945889628523,72.26926750102096,65.07693137409692,36.38290950834886,3.756711212051722,22.286155233031614,51.19372475554831,54.32381153843653,19.69772891409052,24.133723450328738,33.021326072298685,63.60151770589822,56.72261326878191,29.52078631541064,36.124931623134145,55.11304824800045,127.86753147735826,64.33090426116271,80.39919351943148
2024-06-25,-1.0826575630824897,7.137856757576033,24.939028880063496,64.695907229986,-2.227401485937286,13.412150346595375,11.708402125615148,19.58898815612995,69.73578484466576,-6.41414271823214,6.646555574236368,3.7461714098794285,10.994605466438067,50.60095141358225,-13.139784302993496,24.054861107046243,40.92192416256222,72.63947764255437,63.839093192425075,35.10118084419032,6.121220205284694,20.999977132234605,51.871745136474104,54.62090138572645,18.84913222042801,24.40620518226646,30.940330219304315,63.22038027134704,54.580121798414005,27.7301484782835,34.52725320528416,49.9932743969711,123.79375517733497,59.58042259032402,75.13260004536144
2024-06-26,-0.9575032797120686,3.4574346052551386,23.007926495622577,64.34440817083245,-4.137121689592704,14.16427187512388,10.764616694882578,20.312807924467414,70.88534658464371,-6.2374889665580575,6.551179330955681,3.869929941592476,11.233967461710703,52.732054429035266,-13.312836086662717,22.602909121675886,38.64688270437726,70.4999100893104,59.13327914522698,32.87446263398803,6.448033339300752,20.981135903017,52.03231090664011,54.989857283067295,18.482242038377073,23.57745201400101,28.254280023599687,59.87196348003603,50.355110802293204,24.591861816953433,31.779233196220336,42.320887628393656,117.50741839762613,55.99133931023505,69.50848433498705
2024-06-27,0.2689620932159853,0.9536798275429081,24.998523293640453,70.45245748930074,-2.7016090760957012,13.122878165734475,9.695483453658982,19.808254586270202,70.24224988413496,-6.741695153780681,6.247380922703227,4.584935610118102,10.119761347171119,54.70704354702048,-14.283182667412985,21.696116668276954,39.65545654719831,71.85758734835792,61.41702998496216,33.7733140877057,5.0165272430704455,20.612127571543294,50.18605699855701,53.885279113423785,16.904274547608434,21.292730938188818,26.26966158370059,59.398799642405976,51.84424221066733,24.07543954718847,27.874088893718294,43.269665427396895,111.05241509672376,55.86674469677233,64.2824238913222
2024-06-28,2.7540371415916365,1.3225218846782516,25.307351818958246,70.70718108179018,-2.1160551104387526,11.690272332026353,9.347745670419227,18.992111484950435,65.19534657662862,-7.049210490750857,5.543679370161603,5.072103607331746,9.637155989678092,55.54696332214637,-14.356841965291334,19.738288456207755,39.47449038714319,71.63463991058248,61.54046248241425,34.0725455472068,4.868041364031894,20.814162919883028,52.05251740203727,60.02136046469492,18.775953825945322,20.70522015594878,26.333743767280815,57.91946264431394,53.18004473359706,23.358923112494345,26.329331046312188,45.419242101964954,111.5771231150874,56.95447568825309,65.273650414467
2024-07-01,5.433647338219338,4.312347485500068,28.468585033450644,75.49702217940681,-0.5534436334591941,12.820869613033947,9.826119241612563,21.01839651660442,66.48094723059427,-6.320578004005806,6.457717597235346,4.341544700390365,9.814790589325595,59.296529003852605,-14.993204296772532,20.370223207115746,41.21605063724589,72.1791443477448,63.2373809269515,33.282568489894885,5.044277321550683,20.541447418592227,50.13183735127951,60.71479376336765,16.215915522684842,21.094931727858167,28.07111803382234,59.321625907618845,55.13747193402795,23.329661077106834,23.96420104658592,45.70899401239199,112.47588245679809,56.0061869946295,64.47596753532115
2024-07-02,7.353128667272135,7.363328393137225,30.467691607276826,77.85304415659743,1.8156223807692884,11.503779304734163,9.954201371859384,18.730769087156073,62.15644828582541,-7.343749234527319,5.837581542303227,3.7937371959858135,8.064423978175729,53.379408640407796,-15.667653431958028,18.84334082643029,43.411857123527284,70.16578772328812,58.857955369265255,32.7956015126899,5.424010458070261,22.734902012095827,49.4221024757302,61.47355677843093,16.607446438187967,20.610181052559984,32.5289252805419,57.838404803217514,53.48180824481738,23.175440775032996,23.935252516222437,50.56965180986668,114.68769615703943,57.86438081902235,67.5400333403561
2024-07-03,6.923585442726976,7.083444826344998,29.977569368615487,77.933839740494,0.3762461396093819,12.657185927798785,10.97216821841096,21.670152118486264,67.33920212431734,-6.039225104652523,5.984058353507482,4.332312043533526,9.695559839223078,58.09471136313727,-15.286702403108698,17.57170581637173,43.591154800348676,71.58353339732986,59.667646828263926,32.506793791090296,4.838613991383323,22.645130770238353,50.13815060912161,64.8238295264487,15.945420688300892,20.38099324536009,32.11190336755716,60.233732721447566,56.59315847010815,23.741816943070027,23.671786531130866,49.690903390884046,116.97672709823146,58.62950265870813,67.56206068150857
2024-07-04,7.656630167773626,5.859221417918148,30.40046393029703,80.05502325761722,0.9666333358063772,11.613393133942495,11.816443182605173,21.3341236305165,67.4145882346211,-6.053263903477191,5.881054148917686,3.5522873493295526,9.38124688159041,56.64846247316449,-15.308152173368594,18.61656617879146,42.67726721797707,71.5612675032129,62.47881487092518,32.8366715005109,5.1265323055851075,23.168043200859856,52.52533418821943,70.72226923932436,18.097505386445768,16.047503451390565,29.847829594872643,59.0740630583315,56.464606942540605,23.16806331787804,19.108412695052436,46.71384809768762,117.02046195279854,59.82909007860445,68.03487309729248
2024-07-05,8.411809659343827,6.275244672680036,29.95638697872669,79.95148071936134,0.7475413797608965,10.757922004726561,10.341572238389297,20.06683318556228,62.63729116925489,-6.919247865213274,6.610448154459947,3.944535083975609,11.050029604740619,61.915116881421476,-13.90944521519587,17.507203725551435,41.466727616773234,71.86910307807139,62.96100753367229,33.24000441082473,6.612922979065949,23.494198324986492,54.39547474521116,74.97908390685286,19.693728352784,14.724111544222485,28.821161420241225,61.13288351985777,57.52573559487292,24.916845008275445,17.88592754988216,46.31324208302472,117.66993509131352,59.71358889282528,68.746694968765
2024-07-08,7.6891629126359495,5.599311714837296,30.998760855731522,80.06742287498719,1.108338862495306,10.082155165173212,8.582048103746832,19.899322485550176,60.20649331345613,-7.4585038204794,8.807853588230486,5.131532942967709,13.680564978762844,68.25512760432721,-12.258306789550222,17.18900624563997,38.604710279780896,71.81559553502336,59.40415009750692,32.611860919419634,6.123045427040119,22.0332778054388,54.37102560036622,69.63493561588467,19.147676397809743,13.647705580435666,25.862184822082757,59.544969637353404,53.63433937049647,23.141064453773197,20.484411336245255,44.695505019370984,118.46879237264557,58.04135105999503,68.6200430126216
2024-07-09,6.328416895140543,5.539110930844071,31.91935157534964,78.39600042083455,0.7784791006857805,9.379785452427814,8.370173782988811,20.507354312018244,61.19523927709383,-7.939602924170308,10.34446945865235,4.739708231202822,15.402341750554505,71.38027224957602,-11.83952659412827,19.267181544013233,40.27982208977357,77.479006712013,67.4865213575993,35.58332538134796,7.950775022564094,22.44816399863079,56.57008476260168,74.52213876519077,19.610162016509534,13.788439894086025,24.671510454061174,63.68349683513335,53.79877002026422,25.044382555993707,21.90914535728772,44.97684762456737,122.34169706032456,61.1235902456946,69.85573233056985
2024-07-10,5.767298626624684,4.971842883288757,30.397412073986764,70.09153582731449,0.19893913180952794,7.622226154987888,8.0697229498522,19.58763560219472,57.1377614126325,-8.107423068929531,10.057592721732188,4.145496490679812,14.940644064103804,72.24010877561139,-11.678227234943284,17.13771335305847,35.90358811806074,71.91914208127648,56.31853438833783,32.10473566163057,8.168778459872406,23.135661407292417,54.80296538434999,75.5821801859883,18.95245970962367,11.768526712519222,21.87014044481699,59.832974118469394,47.461550578962246,22.817578893864287,20.143964213709676,43.87970652927695,121.54164810888224,60.97225569192834,70.23526587649991
2024-07-11,6.4694373771643,5.808729701297777,29.626411862948032,70.54076474110893,0.31408074105807593,7.593289815038529,9.440628930344385,18.469790096664894,57.78391304467013,-8.31970183902021,10.285444936483135,4.032895268705383,15.345566384505638,73.11084776443438,-10.737446997669121,14.452184702963766,37.721623383462834,71.469251863205,55.45407899660744,32.69502818762342,7.195277748052331,19.262130951845236,53.43600249790059,70.67310101667452,18.739625065245868,10.558687021429257,21.178605395611626,58.67828865811961,47.480402762496034,22.796476671228284,16.800844452940012,42.57820117020963,115.57736759158117,54.848637741760605,66.82900612408274
2024-07-12,11.242079063159704,13.453962330363689,35.2945255347918,80.71198473729135,4.75901805056731,7.281566900769154,9.587997249040669,17.93704518635446,57.85330620955915,-8.680938887429502,11.367652712330889,4.391372608191446,15.0931559665209,74.20112542141028,-10.882972125187862,14.300875549676672,37.27555189709295,69.43745042928005,53.29192633981971,31.19600263056106,7.456611308968286,18.60118910489885,51.31049450826741,70.85279207277378,17.160238101102166,9.149574664361548,23.225532032518448,56.30530265569098,46.8748680495816,21.02773528775299,14.43525229153375,38.730958270542516,111.34846808542775,49.509705422601634,63.64784824517879
2024-07-15,10.25185704643894,13.083498490033719,31.62179603727633,78.77734036713613,2.726165298044969,7.08213422515882,8.839032275372505,17.226822606994375,59.395424524235295,-8.508603293331184,10.645984773863603,4.101630644268384,15.089542949721956,75.93506049195838,-10.17667461564421,15.622592202460517,38.70326588866002,67.8134900511205,57.65508863886191,30.972504837656633,9.036725329549622,19.705463191423345,51.404036907572184,74.42618956305208,18.165505945183913,8.111471973036988,23.42430722167308,56.699029752276566,47.89247668437608,22.29806093678286,15.298157588208806,31.689057469319735,113.05769700270432,53.77502036750305,66.2840111536096
2024-07-16,11.77504848496882,12.308564132360633,33.02214105368439,79.84956928326577,4.429654066567124,7.8910438547278305,8.799602942855955,16.029680097892186,58.624143987680085,-8.910356891735505,12.930296420644316,5.1637482809881785,14.985634533526726,78.5237059426511,-9.729989745730961,16.619603774303336,38.441737888140494,68.68441170428305,58.61268089042349,32.42648645680293,10.521239083310462,19.62629293860223,52.53011031842221,71.21883127512432,19.744476589500582,8.609924950887127,23.50415713329934,54.92115621062421,47.544177727690645,21.62157835167391,18.25388189095165,33.3866326245154,114.9742217056803,58.48918880426817,68.76651832640086
2024-07-18,16.094652397082875,15.922949381772922,34.579888439405806,83.28341603456055,5.2129059306608605,10.14678553112882,10.89656897223934,16.15676788761673,60.70600191931495,-9.190063725814547,15.139464093576137,8.032946771664395,15.92460949741168,80.773306934974,-9.37156230745927,17.97206817753083,39.38104384510473,70.11383102153685,60.058645324784045,32.99290635711809,11.55193686434779,20.774662364842,51.865929916469696,71.26772440387724,18.726921114725293,8.283986918888697,24.395897706370206,53.5719960378505,43.71275727995165,20.060702680617617,19.17626089058526,32.79317936741026,114.68590208721672,57.27228459355796,67.83880476399311
2024-07-19,18.908000489110943,15.177379790157008,33.78293002558343,81.77902532976779,5.792617750512163,10.068065365323719,10.632242880382027,15.755298034988051,55.901901216884916,-8.463239702776148,14.391993665997216,7.980465539815262,13.596534014997186,78.67088713277228,-10.170343118262547,15.022306591761204,34.79275454544113,63.35239054881738,48.200051775892774,29.17550100493882,9.25244879753726,17.750756476581266,48.31106876724513,58.59288909142385,17.28115241057011,4.567915549153456,18.54436991687656,47.10519352227851,31.483843977665515,16.327572616637042,16.896822305718473,26.472448938203065,108.4426507477764,49.065820198209714,64.83189349527665
2024-07-22,18.730606435380913,14.177949792287015,33.443659093140084,79.12546647336457,6.1554783883447595,11.070767355982202,10.387369974773142,15.307709631434928,56.05795260702477,-8.271811782036409,15.250683855335012,8.044162036905767,13.235405448094117,75.49700067718624,-9.920346028202164,17.33210970807244,36.055899970733286,63.39614254752524,52.89360223517622,29.98291411385907,11.420864371213035,18.61664713567899,48.80440152914727,63.05294360501977,18.375069583430005,5.96480844689351,18.622540962967093,47.8273844927525,36.24245746008616,17.597844861049893,16.955242499497448,25.99908059538112,102.86378882641793,47.5968976218648,61.37973656365063
2024-07-23,20.00820623521693,15.285478638414872,35.46715383929251,80.36624370360622,6.982254084380846,8.83705222653257,9.14860882767421,15.25498226210351,49.638875625990494,-8.979871153986297,17.822487455083657,11.17350372979029,18.073966963094577,81.76084604965982,-6.753638971540187,17.177471849211233,35.012341955745164,63.37792711681853,54.0016522022095,29.02418346609752,12.772622332965966,19.41709943833141,50.739702297734034,65.17945285815289,19.043418827203528,3.9746280095970477,17.60948844585255,47.519203875860974,33.89040936011027,16.500099869931397,15.082315915991895,23.167131103683026,100.59275540064627,41.32474440135788,58.413789007601636
2024-07-24,19.6078865278823,9.838949554283595,37.405015563585906,80.68653461525005,8.939635628690956,7.077952532176401,7.560709036051216,14.391497737186976,44.58729637981809,-9.30630856962762,16.22989109335895,10.085024209645788,18.361077870936192,77.45683238411775,-6.1590827453314905,16.028972514756767,35.23260150976051,64.31034110010494,53.758877412660766,30.27114487817184,12.15201416081102,20.52780634400726,52.041916672412846,67.8604265045742,20.54429697957807,3.7615347093979734,17.33020537257428,45.13711999639052,34.103618368679435,15.069925968514264,15.12699904695931,21.928382598471806,103.88118243012347,43.969909841768754,61.644330335278184
2024-07-25,18.80775235562817,7.670433515380948,36.592573292470945,79.50422874001531,8.795660311005783,6.083538571719971,5.669737458455093,13.730455349766778,40.46979198281346,-9.413962348044702,15.27530521008449,9.676068473357734,16.837835578837357,76.88891971226886,-6.93894137354979,16.943496692816716,36.568122510358236,64.09432582706056,58.78089202258493,30.700740906448964,14.307765215625201,20.46209395940235,51.88839045069573,70.95796555902051,20.978742360146786,2.78131779017059,16.32608799990214,43.63096606640475,30.942519239357182,14.40172344394588,11.298575219357044,20.61021060895094,102.2112603120283,41.7941613131365,61.060788721376504
2024-07-26,22.530580369110133,11.572516804156674,40.72834706671562,83.52800036971053,9.842445229045559,6.447424139845204,6.58876044579777,14.91169832177064,45.6127640788296,-10.308177476838754,16.309833182682066,10.523935513807835,17.73534057423587,79.15266429787988,-8.104245035880043,19.883174104354275,40.28280427041211,68.11313913030534,66.46263649328327,31.217048036876704,16.231938306038995,24.72812950324186,55.00871301401054,76.99030786278179,20.98867374029809,3.099537131514607,18.654976796980538,48.090997377519344,43.88870204205624,15.58920151775316,11.586852126747349,24.067471183971033,104.02309721864809,45.78678695448349,59.245783445999045
2024-07-29,21.653320238944662,10.442807134578791,37.77449402550015,80.62044114146833,7.694832339048707,6.003307206525288,11.59636307791927,15.092783061560745,46.9497310956882,-10.034886624550666,15.14450815481374,11.11696968956355,17.884049454071025,76.22001750415961,-7.853024384509499,19.17782204952756,43.25468989280245,70.27745670777684,68.25973169387525,33.10157501191433,14.815004490661888,26.355072978605577,56.198403232972225,77.71024295010439,22.09633551394925,2.253839046607875,22.834062878616223,48.13078225260696,44.97378660140176,15.790080535472505,13.46344283273584,27.648028075459496,104.84447129666083,50.37643379449198,60.121734780545346
2024-07-30,21.119374930382804,11.014964573038766,31.76827507230453,79.78827953897986,3.711196977456499,6.842693149924028,12.656531599757281,14.904293203062547,48.10862845713293,-9.561980837958473,13.845573035363223,10.482611080804816,15.649619958043415,67.5120576597707,-8.97535458170693,20.21295784142798,43.70993698046901,70.65215224196024,69.79035774726493,34.31563072432422,13.404565697517024,24.28878921745401,54.46250391972296,73.11075294544437,21.573202357390198,2.6640847082283203,24.10834158911861,46.35478013626846,45.73213775677929,15.191835234816441,13.286214607812674,27.281165081521742,103.37163276283138,51.73373032983906,60.0682368614091
2024-07-31,21.655251324810166,10.202125919731309,31.601148383353262,80.16499431483628,3.9651203602349527,4.308322815696464,12.805476886436296,13.429443368775406,48.80878624027683,-10.39055603164558,14.264208215813756,9.607434995718611,16.103122787870028,68.95871064139321,-8.27834496034756,20.863952895884054,42.743094570572325,71.86574397606256,70.81426014197247,35.77421608984128,14.035000158014022,25.24241080414653,54.95670241982673,75.82557584689853,22.416045875023883,3.394189027347405,23.93903883800892,47.42445913904818,50.42230969110068,16.465561484207058,14.009488490576704,25.935521013241214,102.67765227798597,50.46625595497156,60.11567355042979
2024-08-01,22.615164311355464,11.467392897091667,29.76699270061087,77.22647533693151,2.467353856367782,4.387434395987588,14.548354617158,13.549951665256232,48.954143717215736,-10.338038699092877,14.62483347849577,13.095852733520275,16.558761544864286,69.46498023672535,-7.962205059088334,17.827253495288197,44.259295347475636,70.73476229045323,66.22976699318534,34.81655804077484,14.863789537819994,24.372006402394362,55.454917740976065,75.97148008399364,22.75119992668333,4.330961867999639,27.866860835231357,48.49653228855626,50.00963924230615,17.256679867432958,10.470077001188027,31.734361606610694,100.9438461720102,45.01205615399594,58.670427374941994
2024-08-02,19.657501160580317,7.118203768310272,26.71706965008076,60.67655477070269,1.6760774207871254,4.30439249746235,13.902876105159523,12.439094882272283,46.1099212497807,-9.780378066327389,13.3134966562795,10.538106509959878,15.374182808436142,64.16382046193824,-7.4253028736833375,13.11258371456221,38.29657517972214,65.759040370613,52.04850089761177,33.002831177031425,14.52800213404839,23.30117358807804,55.42093166972748,77.23275903979325,24.707671388706267,0.3771734700138252,20.832440475153625,43.86405365117236,40.87437534217677,15.434587443488535,6.631367745953209,26.77546209083279,93.4439946258556,36.36498108967927,55.216867218269726
2024-08-05,16.796778462944605,5.314937011313359,23.40593297959719,46.491921290823804,2.4936286823581844,2.3885240596597246,11.647875529765873,8.455218378182527,33.70409167953599,-9.923545710275361,13.407090683985846,11.475958997680191,13.478596130328025,61.851701235827804,-5.75142690181627,9.605238497895918,32.72432020341567,58.60884637606727,40.016353746449454,31.731074946724934,12.803005950919633,23.10274215393555,50.940454618003116,66.5402932655273,25.36216481035549,-4.460828276360784,14.80442911419171,36.656258432597056,30.416661544187505,13.498560974590013,3.080035592057806,20.490559468312664,85.02703904144644,29.22814768793964,53.67245462052097
2024-08-06,16.277889691295087,5.72732562702587,29.303115252290812,48.381940821816436,6.4117789698168615,1.7445439262480322,9.47563026712588,7.971971092433727,31.231148674055788,-11.142979808292298,12.703953791746425,11.724976816446464,14.724534095726005,62.25568140004163,-5.585865114001343,8.849321275481703,29.54893490205921,57.277106643620556,38.254677676835115,29.4333603372078,12.285648320957199,22.350434980261614,51.06172608413899,65.91036411470799,24.31832733109365,-3.2732098771729334,13.325261454183268,37.97790330783404,31.52067001737457,13.550815236463354,1.1524427050371377,19.990400082912373,86.64428672885478,31.892056148871646,53.601485521967305
2024-08-07,17.093779408030365,7.73144821237437,31.33468753546338,53.71823212991772,6.334474288945802,3.797525291136261,10.472747711755591,9.136913047735007,36.6301525157801,-11.637843038872187,11.75833030318547,14.197689304886097,18.09861982870642,67.25262899400975,-4.382041870357877,12.768380254024603,32.09629085897938,59.676773381507964,44.18120613276539,29.28150264257512,16.92983930657812,26.140581082665882,53.75992631244208,72.41780088932188,24.490956943311005,1.767575979474767,16.078969930219998,42.731281501740014,40.69583090578964,15.561669714840964,6.729862698070965,21.723813394428284,89.69560940047036,37.493832563187745,53.586103405267835
2024-08-08,15.338621795360051,4.939905729879102,29.189565176759835,46.88874616377154,5.424725544349029,4.447206721133834,9.04388645915506,9.404949762787652,37.17038615060815,-10.7204456787656,10.772860543052222,12.658389911165035,18.592038771637153,63.711525692367736,-3.2233514979447264,10.94767128026688,29.59460504102831,58.048854637649924,43.96082995984247,28.97525508329806,17.31168864135455,23.27711125669314,53.75002172666121,73.31179025649323,25.467206432604673,-1.4622555173876561,12.493884312785376,36.23522108620914,37.134184219926524,11.17431019166415,4.766618097710351,17.571830187109594,88.15888306804905,35.39251425002466,53.54644610065442
2024-08-09,17.579579935671163,6.866787592438461,31.01602753476007,52.114426454765315,6.341413757956982,6.310242527249121,9.300665223648874,9.600353189740595,41.81522483706985,-11.040986924472252,13.788990380881728,12.571674562414724,17.576842737922437,64.53574025083309,-4.566731893696108,11.988307121437657,31.134796520798602,60.79584089971928,49.6901303807385,30.512711837023467,20.461515481839076,24.49858600102697,53.3983594847641,74.4128785754345,24.508418723298565,2.2287550367595,14.538623230061255,36.84130140908459,39.60317007122235,11.069597560954737,8.813666157547683,20.527025947586687,88.83348039196895,39.98645326219213,53.2699445065204
2024-08-12,18.747152014410908,4.786026890075212,31.482772839973094,52.67279473822438,6.170707566313927,6.657052561483301,10.021546385909641,10.724000485381225,43.106501375869115,-10.591743525111552,11.56359251897281,11.883601423356405,17.46394003440781,58.44740238188659,-5.149325971708818,10.64498372445728,30.43496926678879,62.33591843533264,48.84207695057805,31.084239793784228,19.324324693079518,23.555956688508605,48.831593394671536,74.2760535057606,20.179664891659897,1.4347036395117252,12.725528425092069,38.360268785239036,42.01652513680391,11.724200202813527,10.728601935663118,20.96472043981239,87.33833714547774,43.70323691252487,51.2733826600984
2024-08-13,18.26250268982359,5.254548531509395,32.63655466637279,52.720298658954526,7.949148201068867,4.350935169999315,8.742504373540939,9.597387729068995,36.199131195716284,-10.801779493034724,11.12210519227521,12.426966340279332,16.10847186516622,56.42250170835395,-5.502591888794384,11.660241214648238,27.868799408624923,61.42367359047087,46.36132588046064,31.378171782357,17.1740831584297,21.312311885876454,48.31429067272188,73.75854592422438,20.7088150354765,-1.513495810996901,10.451882118629662,34.88059652547382,38.39148767415388,9.775510532530385,8.575345768115405,19.165456457367426,82.6272232511902,42.116001679227686,48.63514238500202
2024-08-14,19.951176078637168,3.8825956717832177,32.7541220381997,57.999620524074125,8.616038504057855,3.9027853286874636,8.834382262909358,8.929027075435103,35.344443611926806,-10.877046848831196,11.354244648092827,12.262675437288229,16.46840371608709,54.19276626885888,-4.708521074075833,9.699316028879345,26.073601300627793,59.74930250419599,46.534189905932436,30.702807004360523,16.71106909101452,19.06446752663935,46.82816437403896,67.3052066943844,20.131061169925736,-5.3797207161858545,7.356535728916946,30.867679990035256,35.86902941731577,7.072599709139338,7.108089444026411,18.11255693091629,80.5293382292126,41.06978057923279,47.70450251310445
2024-08-16,23.434363593343477,8.235862607648059,34.96226960529319,65.67934379399509,8.523225619700847,5.933320538431119,10.254369823324637,10.800895843614633,45.760195270066596,-10.90494659234772,14.035226021909985,13.5841611047266,18.498360229322365,61.91735774929681,-4.715411793675283,12.46712983037992,28.60533468305462,63.15787344207793,53.511908180439775,31.195324167035032,17.048900331481743,19.07718330686887,47.36389704772328,68.84438295252536,18.495380184990772,-4.082380800725183,8.66835235136496,32.84934217278326,41.37534917563539,6.824219659391062,8.66839631233809,18.874340576093253,88.36896019755787,48.20761110408442,51.467571100080825
2024-08-19,22.479212792299165,8.943478902498558,37.256693933679585,67.66972040732594,9.070440573436024,4.984259645623212,11.89983018417311,11.940368606409347,44.313867352301415,-11.047068292688955,13.32627376265978,16.17980712316016,19.013937162935846,62.75966648792516,-5.426087510072019,10.84422029674348,29.10633858367897,64.42357755718425,50.30415892704748,30.658487618009623,17.065032399142545,20.072831818631464,48.81385111869383,70.9096033950268,18.254285745716146,-2.5884086291016684,11.434173946280236,38.11741892306291,46.879060657154575,9.754411978502532,7.081310341256697,19.8789984367949,91.50253545191947,48.61501026207121,52.176664860974476
2024-08-20,24.537132709413356,10.274874914620312,38.70939299765419,69.4567862347576,8.847861479179686,5.5855009488045,11.326062309730546,14.129885077745552,49.35917073824344,-10.44013925007059,13.031765260794415,15.544738359988685,19.55011576413559,61.64973879805013,-6.186782601416252,9.509502943780834,30.26154474867184,65.8018980990119,52.08028075338681,30.107858215279748,17.87336399693824,20.181180041240232,48.181689828485204,72.91728039392055,16.28095040740678,-3.6963972135026224,13.699420420850949,39.417923091157014,48.21106025347474,9.403858328453829,5.541069236064589,20.13813127697224,95.36803636659481,49.211817055651444,53.30896127741027
2024-08-21,24.539133943483705,9.402735834780774,36.58403046392726,69.43280522697424,7.617645664578987,5.48897066983276,12.930057609077084,12.936977420091589,48.09008003023885,-11.014402070717,14.77671323057892,18.386952425035695,21.212511911850275,67.7659983733984,-4.493921341058771,9.561633570625695,31.75735089639926,66.92381036477302,53.2690889980008,31.523044208026295,17.56139643988821,20.934352707083836,48.13923227232466,75.6224167782364,16.722250423824537,-7.184548452561657,17.241967426823624,39.87905511615968,50.086043227822735,10.213870086098398,3.369168528896016,22.189544551139374,92.6272840211406,45.554622929714284,51.77539223805727
2024-08-22,23.48220571545181,8.643595484111621,34.85123652704338,68.58693734999598,6.511909515505132,6.704937852855153,12.050575287326026,13.712181140228608,51.516502099256265,-10.184720137958458,13.86396887325283,18.811837903061026,21.9138730856018,70.1268025881462,-3.706634412845755,9.60187453645509,31.547283431637595,66.0958731575996,52.89280652406303,31.190407060992985,16.713942629241842,20.220543131436266,45.65369516853206,74.37316385440738,15.044204264886151,-5.980172122773708,20.527664432590488,40.83417224818784,52.04397588076926,11.237516225383759,2.4094539375372426,22.701072579440073,92.41194443290821,47.05903157522343,51.97608967441967
2024-08-23,20.700381068437412,8.774105005096944,33.3006301840268,63.24361879102579,5.0957088489370195,4.439019342138839,10.946056273013681,13.274931871090168,50.88680660146363,-10.69277584530285,13.435392404157497,17.775571968447323,22.118410435364044,69.09239020224544,-3.720478361640156,8.392084525718847,31.11533383419558,68.47815585360853,56.96130058004445,32.83006382304707,17.232721444578793,21.219467363069167,44.60859267179125,73.62151613934348,14.011033042439603,-6.716738195320737,17.977602357202784,41.95239391961205,50.81031271027376,11.91685621582932,-1.1937158905949485,18.24622248384873,88.0668738340633,40.780824739316756,48.27402833210988
2024-08-26,23.17209994062839,9.6384054704594,34.65427661077945,67.04393212483447,5.6994620186026745,4.444312565417707,10.664908277001818,13.964582666599012,53.406477328540966,-10.541310827778272,14.804196299791016,19.385475711608848,21.93561333974121,70.6517996264133,-4.284297125047754,8.580475722632851,29.82604199350383,67.51332729511135,58.190705187245776,31.492805291428528,17.968300524333802,21.474119938207537,43.69093021875534,74.04105288376894,12.792956921645748,-4.408065482917634,19.97509522459511,42.122836859291034,56.964046741676825,11.56205190576265,1.2064646403937562,19.162637555504848,93.77161744926144,46.23527315445885,52.10475474212905
2024-08-27,22.691405416933243,8.400329945051466,35.125700586386756,67.34351862150594,5.556056253913244,4.052102778496214,10.550639427843912,15.12500415471738,54.92234131978999,-10.067874859835424,13.971369128943811,17.680855999104274,21.752936409300517,61.55060916470955,-4.890337301281688,8.521745546314907,26.873282338794468,67.77103438246401,57.61362099216604,31.057590570869564,18.925598534457432,20.445339143124762,45.87919486980494,76.61369519934992,13.956356437970019,-4.395223926215808,18.25749260671521,40.29941061714168,54.82470049188455,9.597599977112425,0.5569816569944264,17.60507094481134,94.67416326037272,46.85372602817178,52.07349038059756
2024-08-28,25.127901107488594,11.47708056706913,37.55862150695797,71.41069079664754,6.67782924006457,4.073291845483329,8.599047039614337,15.712423453177514,53.00483177901303,-10.26407494591145,13.463705277152682,16.38955423838908,22.12565994233242,58.35065034121837,-5.290557913163241,8.671910266437122,27.14494707800583,68.28737651593867,56.944712442974556,30.50822855416364,19.636754273837866,21.039854732664676,49.71247832616979,79.83057132672987,16.103244006252027,-4.0779212328484356,18.338822441715628,40.75363728044097,54.14693416864105,9.155589945784426,2.5940545714727703,16.82073857631059,95.086115700542,46.33439734970892,51.290868648005606
2024-08-29,26.977403218914887,13.863455274746727,37.26444669746834,72.47358454464165,6.0622712220437025,5.466648561501097,8.790040876318205,16.01644080333593,53.12109903708358,-10.355758488432098,14.89551784471821,17.20206557603765,22.39838295033898,61.93043746959697,-5.424523232658352,9.522922837504222,28.479620526195284,69.76339873270415,59.16008533048155,31.173745810874287,18.408140444543463,20.942627850967167,49.476983269666476,75.08195308307495,15.498723248724943,-4.78854195268239,17.47017740822747,43.141177609665334,52.40376172788546,10.603136995408601,3.3518145145922995,14.340978170765407,96.05798391628566,45.84478756770471,51.49119503032749
2024-08-30,30.423771880024695,12.215143487795398,37.0872235983704,73.52758529873506,5.738363444071015,5.481757457985359,9.444198707085704,16.849165860612516,55.74787182570256,-9.871691587363562,16.174708935263894,15.877761718832705,21.700791466581105,60.64130912324305,-6.129527013942527,11.511229948660052,27.145941203913715,69.67780085089142,61.467868625877884,30.876186006407202,22.384690366216866,22.394695500310014,50.775384470596244,79.16327159982512,16.29634026493598,-1.4666980959115783,16.55451599651485,45.05096865175835,53.66804793187088,11.880973577442111,5.757746832382282,15.80278086537672,97.46930364775011,51.92696033298601,52.31237784293141
2024-09-02,32.6976761044099,12.9579947443891,38.362285637102644,74.53302760457527,5.995179132733708,5.013073877595908,9.885981150565826,17.197463623332677,56.90930042670007,-10.218553463053937,17.504552942421615,17.00631984669958,23.80517793247816,64.6279213553012,-5.156582575316659,11.322997939676437,26.42916629846703,69.30305300988684,59.07588254027669,29.697968986785295,22.297730209131483,20.679158078090754,49.67297433282638,70.7093624633533,14.6599570301027,-4.282870906659719,15.649099321238857,43.61778243383998,49.7157774132657,10.021256917128918,3.090052898331641,14.383676126700685,96.76091976247827,51.109285511074894,50.73261359129175
2024-09-03,31.803921905519083,13.970322237730048,40.01839523643533,72.56843501398838,6.953811484180883,1.3910416832843442,10.976783490601495,17.874259890258838,60.088431070958165,-9.96110653995348,16.160231320528528,16.879427156503503,23.35773514881545,63.39049806713795,-5.772524189102313,8.510718836833675,26.12220428806795,69.14678571718615,58.192036843007635,29.20369071651441,22.000197754400432,21.406179583918817,50.700984063451536,71.09717043587197,15.113764964853216,-7.899645422638047,16.094333113808148,42.51889865011898,47.695280457152705,8.863834594152076,-3.208186921676315,13.7107795916118,97.17087897875362,49.27110812822574,50.61004652177537
2024-09-04,31.362452360336878,12.094586119711392,37.21329558850537,66.48322974698722,5.6030588176645635,9.528620688908894,10.32925640384752,16.81344029816827,55.02777040158635,-10.097220873582668,15.533822896370463,17.37629573375228,23.058164129616408,65.36816416270176,-5.291112724630576,11.817848802986441,24.75256343213259,68.10294962698119,55.73854507886784,29.376570985648186,24.626205259882795,21.61224358074638,51.202450744681194,73.4915382833389,16.3694905138859,2.2867056835638166,14.810859556405,39.631219390104164,45.08739197090257,7.4639582905743795,7.796330036813681,13.243278644415902,96.50759682213675,51.58932965160162,51.237554759703904
2024-09-05,28.882718465170054,12.990649446567804,37.9978509709469,67.8879366317683,6.448904567339375,4.93011693443004,11.987652132321358,17.00215551533475,56.0328278560256,-9.746773598329417,10.653599374754608,18.347456821432107,22.167979621616652,64.74563547553709,-5.761955621583992,6.3892552890307375,26.815518468036913,66.59444625313837,53.351138491749815,28.507771576693774,20.099574554294986,22.246995592965813,51.32526374514339,72.43908464712607,16.72941604304823,-2.986852407492069,17.357188924135492,38.86636818588249,46.33988566579517,7.118862146223948,4.111707022464395,14.562941305318855,94.17629492698416,48.02657826654173,49.783882448095284
2024-09-06,24.11575858030448,11.952418815167775,36.55659815782582,61.90477494552555,6.840110527513588,2.6068241754357846,9.661462104946672,13.709377053119365,43.22592830767796,-11.035258813865156,10.112834994208054,16.958244268836097,21.753262811756468,57.46896619971409,-4.741826968629703,4.633623432985545,25.057072672105242,64.71148743413224,46.64988059071221,28.868130577441153,19.817393101438174,21.260948405656023,50.78292419842958,68.14089635775096,17.970603429964726,-4.893325817544769,15.643349493908776,38.27004038432542,44.287079758961205,8.180685492995288,-1.4936792568897683,13.34907357338908,91.51974927225575,44.82308821169375,49.842566792711615
2024-09-09,19.190138850539572,11.736309948169055,34.73530519408081,57.81517685383535,4.749394260053474,2.6395926027279693,8.10140328576081,14.881274533016198,50.56987905504849,-10.686038066843517,11.2374863996892,18.88552345191541,23.885237956828597,67.22338677277034,-3.6859447117615685,1.898669059733149,22.150785883939996,64.9185300893734,46.00564936998463,28.21521504134461,17.526817808892623,22.245418655438854,51.445880538529074,66.85883308930758,17.740960520630278,-7.470302214406399,10.84851069013828,37.804127996632616,41.88936701099526,7.135237593363142,-3.7260379229488105,12.272385980188961,90.6759304470486,44.03629702780819,48.240197218760514
2024-09-10,23.51239772274718,14.282264211304385,37.942160377805514,63.836480802710845,6.128174186851054,2.995932959350789,8.041535425584922,15.91820229013734,52.4612811110905,-10.816336859012111,11.369202030892334,19.112624027719495,25.391109987675332,67.95404726979811,-3.528192353903792,2.133262543303549,22.630541822060767,66.34415025470486,47.50345853689322,27.97973371479463,17.60911937069207,22.66142006765406,54.78562220176324,71.117966434305,19.086981309101823,-6.529800268170016,10.064370868234885,40.44651779943855,44.84883166585808,8.0549446531194,-4.143406395283411,12.000645461000193,94.90570901731854,47.707943935326036,49.95406031012
2024-09-11,22.99889446339167,15.665667997658005,38.018630645700455,61.60473725776507,6.932605179920026,2.623941898070137,7.206658119837761,14.643000431056041,49.03108115412034,-11.178116719582077,12.069480370693553,20.716503895030524,26.030626985541637,69.09529832718158,-2.3553326607176794,0.038836770223649175,19.503629258740517,63.1030168131371,41.15776499830628,26.367218823557927,17.931717151437244,22.09375287548965,53.1506858667667,69.69709450149675,18.65645781448777,-7.777166719254502,8.766291483656662,38.18744685243074,39.946190963174786,7.063398803199772,-6.314728540727,10.350948713410224,90.84487426667332,43.61083234656169,47.860759776385954
2024-09-12,24.906766022771887,16.621625573333066,39.804414462744695,66.59952380847074,6.510635372670381,3.762487330842368,7.936971491982092,16.35488830268399,57.69044684679293,-11.354493851569458,13.944815431030966,21.59184054610186,27.897886243688653,73.26525042544532,-2.5604078455838786,2.2294000245209444,21.71018695920064,65.47894995697932,52.75951233424783,26.070898179091518,18.696394835796927,22.411701198406476,54.946400821596164,73.02788369527062,18.04662723732895,-5.5649577595645265,12.512024242670794,40.41515158805231,51.63047065028616,6.975928257105912,-5.450070468468493,12.839786318096724,89.32455429719084,47.259046494519154,44.23778138432857
2024-09-13,24.331810283802046,16.96622737553821,39.51417995017581,68.18993694887523,6.451738681662533,4.195566798359507,8.57569003341101,17.42029396092002,59.30811250219003,-10.406279468396761,13.91144629663672,19.58688579627259,26.302302587403247,67.34916532683303,-3.62915285938592,1.6841138721474191,22.218455490388124,64.69374638961321,53.51099524865452,25.664184525416857,18.243064700582213,22.212819918718907,55.086776573501695,73.44929723282459,18.333899956833612,-4.772232508066365,11.937818609457928,40.32541652487465,54.52544821804512,7.070726256184989,-5.915706630568418,14.9645416709288,89.91529336645307,53.66261427807736,44.90866224721315
2024-09-16,25.301920047455017,17.206380184612847,39.1072902339239,67.59324511897721,5.514120387393273,4.302124790008399,10.195469930909141,18.559122624525127,61.3733055183598,-10.07184802039115,12.880801659105945,19.43066447586652,26.431105013120316,61.791960911199496,-4.100879165768778,0.4181259807064963,22.991597651505135,64.83240784687545,53.681120168363954,25.026851547840213,17.85867533664167,22.115862868651103,55.33190729426358,73.0592497702974,17.82063714050701,-4.886950627537567,14.264766176559718,41.57087489108835,56.52857712782043,7.382771323397175,-6.146490648717617,16.893714129515992,89.774338259357,55.618504784888096,43.94552823121916
2024-09-17,24.745175264084462,16.630959656675426,37.76263999776393,68.0434938714248,5.33481502614348,3.464946212577069,10.376482924158982,17.446505436792048,61.718622335681225,-10.199122738557797,13.152690146413493,20.60244375399556,26.24086263551293,62.43301041933024,-3.4748614379894183,0.7042484585949138,23.717687991731353,62.58107084978406,55.02543016935836,24.311257573114897,17.940498924023608,23.339951337477615,55.7684667718747,70.12591032375681,19.102266293588176,-5.0762350081189345,15.78302135679488,37.033285514888334,54.72874971161933,4.777142644549781,-7.311144404620995,22.144566542722433,89.15992282271856,57.68509470630752,44.633737283301556
2024-09-18,20.506136777292163,13.919745120973758,30.85862216420243,51.621383795815824,0.699708367510965,2.6311263475838675,12.279561358063585,18.332007979288555,66.7796003349574,-8.93990402020245,14.067052433204053,20.40636563254885,26.270942035888933,61.545386162342915,-2.830651675749296,1.665570127344762,26.87644816417343,61.84832692095905,52.75405982620266,24.54723312201157,17.20939305530811,23.554254382811557,52.96493506948485,56.64084277319035,17.71119164485708,-4.734838890116255,21.74791332455406,32.87403492492702,51.278850325110156,2.2506300713209137,-4.826872463876386,28.705384150030255,86.57370068399194,56.615023144846504,43.5741637593436
2024-09-19,20.06257791071757,11.321775770170728,29.600530660911083,50.20689406467233,-0.18345280188709623,2.422311389300602,13.352552093060188,19.09957956988586,69.0336702771578,-8.271140983850156,14.657144649327968,20.00155107826993,26.048022328508758,64.30662997307134,-2.9195458859555767,2.5320745181759197,26.290994750600195,62.50427555236706,54.999265596680296,25.158559211519528,17.32247339561759,21.342168187805765,50.67534302975047,53.69242462323484,16.048077985664722,-7.032922386192175,18.60588803338963,31.424963577380673,48.747895896675956,1.2217003513283586,-6.252744521181008,28.55510981814231,85.52585514626881,58.39604948077233,42.88946335513113
2024-09-20,19.897834679812853,12.54296404264963,30.614030623254564,52.719594161808146,-0.6830510358185937,4.1263844360492685,15.450663098618467,21.131023430057706,74.02681224321178,-7.893787408776176,17.647218055981707,21.63281410320912,26.51682449517212,70.05206220782918,-3.7985050952085264,5.189838952405257,30.715915274792426,65.78190017272514,63.75154757674543,26.05806926004266,17.804067613464802,22.90147400114735,49.81960816536586,55.65652936901158,13.920581938952292,-5.871348557212508,20.52699944749088,34.660703376123166,54.92797479250989,2.3939782033345125,-2.676919177893833,32.69890299207907,93.04300857904086,67.35715560944237,46.78700702712382
2024-09-23,19.473273480286846,13.830156195775656,29.397795956374175,50.42249614432666,-1.5909674821875663,4.6453928544959,16.16695028192392,20.561025299468415,75.76767483874845,-8.3114687434384,17.57763689905836,22.997302254063467,27.87123841585537,72.37628050745617,-2.7519381891065287,5.909171795943058,31.099551528041935,67.57722187457074,69.19580873516195,27.44507860287819,18.508640818167077,22.960668215033266,51.14349075107547,58.88260751913877,14.946970976174324,-4.754781411760678,18.23143624198611,35.433986401019204,56.7810236855427,2.9996490531284614,-0.8103185246581823,35.02188608551362,94.46556240563054,72.21132243672582,47.89407897505751
2024-09-24,19.24258425635712,17.95159539949065,30.31961015648004,53.02839088311074,-0.4283659229016745,2.5902018068281185,16.349753914035524,19.51484934565093,73.44106592327667,-8.683821018682213,16.979406858750412,24.75450814602935,27.073788526730368,65.92580520363161,-2.9083592501445654,6.614584880347718,32.260575193169295,67.17764232350902,70.53057477933004,27.733278263499695,18.71822295960477,25.985226810763052,52.049602719881435,60.191831543683975,16.174590956903636,-1.238147819864599,22.86587246502596,39.51762746489178,65.30627864216797,6.5994452604519305,0.6499327655759668,35.40158990249465,89.84611999507095,70.64450128593398,45.053291430262576
2024-09-25,18.51165423114731,17.37690125504303,28.545799424332287,49.91126366659555,-1.1524426872934868,2.3286113002525033,16.82271401085902,18.720250873921085,74.26630410939073,-8.707971361237144,16.039082701035912,23.641011102776766,25.426664992671544,62.67358811720101,-3.550956064473998,7.472147814499919,31.763979716124524,64.20416116485089,69.62409703501191,26.26768283690111,18.949010709169055,26.6188825764647,51.85549073254481,61.66299032810703,16.771955137050277,0.6469903873789429,24.37698624949942,37.62105913265814,66.3694340594117,5.82613816220745,2.787632961715558,35.45275453749417,89.43179193128705,72.06517978593183,45.6669139997754
2024-09-26,16.71257193841431,17.026484514946063,27.84592237556829,52.05564263666132,-2.500608627608447,2.9615835211642683,16.4731066841576,19.476459598935914,75.9236711660853,-8.883428757282651,16.73936152687192,24.032514128187255,27.06377960022117,66.75401363925258,-3.097095736040689,9.149350864324134,32.83052137051485,71.10245664565129,75.93259937420476,30.488208581770635,19.144953880157868,25.121892950299717,51.68263218296927,61.710778632972016,15.67802902744786,2.234983679966973,24.003603679643604,44.415767871727674,71.128796219999,10.136085769762815,2.943728021622194,31.638354280876758,95.98095259040711,72.28962345691731,49.46134568150931
2024-09-27,17.023028590195665,20.245886261785053,28.661746443607573,53.67605843330706,-1.3619213840049715,2.8505667625102094,14.874078112080236,17.261918183203527,66.76915541210187,-10.101559910918834,16.013223623744754,22.444624768433762,26.083594492258122,63.111079284138434,-3.3384525744365345,9.563861288952769,31.189892273925636,72.6108775213062,76.90548903829071,32.33152648355342,19.195393560875786,24.997874623439852,52.23752625282678,67.8094012307929,16.71236787861128,2.5503582493776378,23.78363569562545,44.94681832933152,72.70271633024481,11.122972108679118,1.181267148959031,27.821617933461983,92.34276897004925,65.62407250101461,47.458912157713115
2024-09-30,13.770036917883788,19.951899500563552,26.934773208542893,49.33763966239929,-1.1352811579706357,0.7671963490078371,13.68642720562403,15.167653995535746,55.38780459141359,-10.300247566846664,14.671851061021822,22.077035366064933,25.69300032310362,59.675370070346624,-2.102451335861233,6.726266486531385,28.466645190458983,67.1477030475569,62.94097781764569,30.18505685387376,17.83026947604165,23.77395503714368,50.30504614356068,58.85456392037332,17.066945108161157,3.1929191213387886,24.96139495796912,44.72107949175068,75.17351688830296,12.717803583738352,-0.18619033987663514,23.733391679331927,86.50827322868054,57.65178840925845,45.26427651288321
2024-10-01,13.768819286465783,22.134386951835914,27.22151454526951,54.60628461454614,-0.41821844356743076,1.4462860970627212,13.116442962518038,14.473035835956004,54.73647976808697,-10.397004080142713,15.531805851048253,22.27606922489862,26.160057712524008,58.890013583165846,-1.2490666128244787,7.7697317827511325,28.0771496503047,64.88358515626022,63.62659379421181,29.061513046439956,17.74021712553713,24.126458815780882,49.49450589391671,59.22872976948049,17.01581515536499,3.9371879206378857,25.35883053202084,45.2990488515834,75.61078956668564,13.731849481694525,-1.1980406733895999,22.450457782409995,86.87280905942845,56.801919970656606,46.27342959331937
2024-10-03,11.921016482222303,19.669963686737503,26.05865335275208,47.31719125910598,0.5135355223696569,-2.3433195632825865,10.017268050509042,12.75634317409069,43.93538988949384,-10.093132017786733,12.810097494420658,19.560719557135453,23.570457541891155,49.162637809931475,-1.470440598029854,4.4446955596709525,22.797410204221393,58.79170357883656,49.83463848658535,26.61340664702991,16.38664288627012,22.018143273066528,49.50704332257696,55.08886131889205,19.2102335711666,2.161954095734786,22.983575059314365,45.95131054444155,71.8465850432528,16.37505119060403,-5.822146339934453,16.47143413807708,81.20572737265857,41.97243432784149,44.48534734193173
2024-10-04,11.097420435025263,19.6037390436717,27.203394904205624,48.95355618472147,1.201927377107248,-3.0914012802339075,8.162975269687301,13.3909938823207,40.848371015311784,-9.787100126230753,11.079267061227704,17.61189890531938,22.062764028839553,40.76526245452712,-2.887914351669707,2.2070553023486594,21.23449939210438,57.32265763535296,44.80425459994976,25.1645538609764,14.37209505222703,20.23541745365396,49.38163107197191,52.28099618708651,18.846741398721136,1.7752233525101913,18.10760583266473,47.76631503157609,69.5526999509504,17.561609844376047,-7.833850037684231,9.777638262255973,80.33732496730887,38.11991220856293,43.47482532575064
2024-10-07,11.849848061080447,21.258444384243802,28.161198798173647,51.9363225943514,2.041809303213449,-4.1424963189069075,6.1697791627829845,13.120890891274684,34.20673761810954,-9.933267753566287,9.285716994954306,16.509992657135598,21.97623591663809,38.54289459881256,-2.882651522866919,1.6097518211802164,19.398778077541444,59.299460311853316,43.311468913262125,26.83405979094666,12.339736626977782,19.768676885005366,50.11596547952697,48.57284347526735,19.522171035185075,-0.844493208088859,13.75527421419125,45.2457858967166,58.61300545598177,15.644539264245182,-8.84599900284434,7.457739574325806,80.47766906927242,35.727851548516924,43.69612693508611
2024-10-08,12.307959332710695,20.94350128965974,28.812871015275032,53.986875565114026,1.3185699519935756,-2.67959813739731,7.132395785760415,14.365959660037909,39.99966831081575,-10.04473859938766,8.045137491388399,17.56159501083223,22.70566046533031,41.457097177072264,-3.4850947318154524,3.8621547846440007,21.715027057432714,61.60856603842137,49.796436963664604,27.114229144566604,14.671738986298388,21.693141656406322,54.67380150735303,57.69833803939684,21.65964669714695,-0.839288041235442,12.693873978360614,44.849751223375,54.85194766294269,13.93247845639638,-7.569783178683187,11.364002633978698,83.4283083119991,39.18495222391718,44.276684002185604
2024-10-09,13.151790064142777,20.31250706371597,30.55000983184877,56.38021247288712,2.8147473777433873,-2.9709652075743276,6.130150082516739,13.941125583130788,39.901957375303034,-10.265590497815502,5.32538372007525,16.22073587120685,20.703708878060056,35.43607399399839,-4.939713510256105,2.4268514584177003,22.161618878727786,63.05624504729344,52.705296922006696,28.415054617721182,15.199216699067698,24.358447246566662,58.37495280539802,66.83340479884768,24.72829978812141,-0.8212022730161084,12.85400663924623,45.1049339304882,55.06492624426383,14.277487566206947,-6.654540326579362,13.796652117698759,84.55399901003233,46.21139533028128,45.34562509959843
2024-10-10,12.896872464341524,19.407972239479697,29.619663026238797,50.019442051735744,1.9635923789584009,-1.2615657498644683,6.264501010574897,15.477474867152296,45.2880376745682,-9.161172761865377,4.56060217337706,15.076881687365983,19.53937977484803,33.94809519458934,-5.9659290263023745,4.8441246854311615,22.81201024154358,62.96899236711564,53.75958703854376,28.197400920309555,12.444309038167912,21.62963553423014,55.5579644630378,54.163044507114215,22.367613905915682,1.204903864918827,13.11523001064121,45.232690492968565,56.441856983682776,14.24537379430475,-6.994190486891139,11.74086649810051,83.25463413009584,45.14388816763712,44.15483252887182
2024-10-11,13.401417117620685,20.737850782862033,29.885422029029527,52.678017633318056,2.5818651748509502,-2.1012703861198356,5.332463878703031,14.766205225673602,42.48158189427473,-9.359101220319687,4.307194507843937,15.035653563738594,18.6332741928549,34.20382530120341,-6.304939011687994,4.669350817587037,19.79635872513783,62.353064932282805,52.28542253849272,28.224399300831205,14.467499741658907,22.70375427932234,55.55779300402257,59.008068574602,22.857579392316406,2.1541171451160857,12.940250653973106,46.558371055720094,59.596538906747924,15.749949648109807,-6.243810010249328,9.508021634931607,80.65971798366971,43.285116137208654,42.682762570424494
2024-10-14,9.865335827588861,22.216483744332315,34.483338954458475,57.921178409297184,4.488920860690815,-0.8837217573593792,6.3334963524309895,16.96566180024184,48.642488576186686,-9.12171073174699,4.4311721179725705,16.302545087760212,21.514499343619796,37.39432894184745,-5.587420686798639,5.24190898732142,20.292423417702253,64.44954984439339,52.695099122029404,27.77163426233762,14.880908331759635,23.447131134271103,57.623397119003705,60.59057614561445,22.467948783887604,2.027150251624632,11.36220054181738,47.5715137067938,58.239911692572576,14.65798170153425,-3.2793612502001523,10.682506971316407,85.36990363422395,48.55533883155988,44.026028364372124
2024-10-15,9.817056116938883,21.07534372265509,34.44111028079628,56.15636372848859,5.366090277627444,-1.0483062036487523,5.959585569077008,16.421493747177163,49.44852160766863,-8.756498701918837,4.223356866151007,15.318959568930968,21.32652318141981,39.92260265125721,-4.912259591550128,3.23684215783433,19.36511301085062,62.14749373462318,48.98205269952718,27.08052936672121,13.006509307644665,23.218597158288446,52.73345686566921,57.548146588088876,19.702427114074126,0.33352035659548473,8.472045739882095,42.73463780600484,51.69940176629921,11.866011083963857,-2.604023373065223,12.295766615898263,87.44897126104682,54.45953107115863,46.91016153532224
2024-10-16,7.892388433631825,20.596769483282863,33.14741731628688,50.313538307625294,4.127640313708869,-1.1369968988892643,6.664326031920309,16.67152758843644,48.48331617244476,-8.757292447357045,2.849529776122095,16.1482788434135,21.535882786434435,38.26514048752351,-4.9531343298019115,1.6721001253521273,18.56960031519863,62.02644449186272,43.947007551548154,26.712419012081345,13.01151909675684,24.90173121260768,53.56906748322843,55.41813099310048,20.098346212902985,0.20263521201913104,8.830006902585176,43.30244476776257,50.824379719114965,12.069356849833945,-3.6670409614317445,13.917463603527347,87.61023241803815,55.94011108689802,46.72016321571706
2024-10-17,6.808112969069957,23.99850748332537,34.33617264982789,55.347324443192306,5.494428207565449,-2.5311302534448465,7.358826919353412,16.66077140262947,43.97174711735997,-8.386094894526043,0.2080811857322784,15.379047655707833,19.280364338033372,32.0313894047857,-6.328924041688255,-2.289192968148046,15.271459888431993,58.34653249332267,33.68720613428232,24.349805227647714,11.96845410144174,24.902979227226506,54.335752926903666,50.55222597376324,21.200133112685158,-0.3491809124568035,7.905879905320723,42.77982330853869,45.2188241161149,12.125241641167218,-6.9965200119428195,10.838069947890272,83.73219194832106,45.0359358869611,44.28520740601598
2024-10-18,5.468483757674014,25.410465182432908,31.069183537048573,48.72085238564719,3.0755717314271402,-0.3279448406329655,9.707102823773628,17.8245877721114,51.598013595471556,-7.340257863152166,-0.07496881734579963,14.30623534120754,18.794658383535,30.407460032820367,-6.577373864076385,0.7352810585205649,15.86804382520386,57.99662610689378,36.39986885667133,24.251880786311975,14.348794990918257,24.928858698053837,55.486163815504376,52.69491897213518,22.277600265048125,5.375804548654628,10.189282309678195,45.38314004336315,51.48875850227936,14.332369178480043,-4.460856095776533,11.68222328212476,83.75296541755294,45.91254357329055,44.50720952576657
2024-10-21,4.49939431891373,24.072764596146246,28.51117975475499,43.826552459494366,1.9201936605983017,-0.6076832393115739,10.39580891898515,17.137048165452274,50.39196218983287,-7.10045105307664,-0.9879807988436573,14.112029228308298,16.872249211636948,26.816727831175896,-7.310458934923836,0.004354759264568742,17.337219238990276,57.91633856356246,38.233957253130676,25.240962220451312,12.020164879054441,24.813835978300467,52.84248498841271,47.61791426863481,21.21696882180968,2.739933330645772,8.868173552284887,42.44113551672753,45.95594795832015,12.967822292233212,-5.33962771073242,10.710267961839982,75.77021692154256,42.51635661446671,39.40059209320381
2024-10-22,2.9819216670277537,23.586756939156217,27.64051554173268,41.17349219581968,1.771666645923653,-1.006507235437748,7.741599421035361,16.794796662982915,44.39593916582753,-6.875955009150525,-4.015758413485571,13.091021002128155,16.500246876500313,25.622175067477542,-7.11080851591761,-2.7425063884961576,13.963872197868321,55.54527837754253,32.26960733796142,24.020983088327718,9.987061882295212,24.03529391164636,51.141595084345084,42.10753220528867,20.509792411704474,0.6013127102306726,4.599840663233801,40.192412411246224,37.46714028791228,11.779675925394839,-6.398044401324654,7.719298245614037,71.18470306136062,35.73487525217142,36.49077223560801
2024-10-23,5.252519291923341,25.890313842421087,29.63713718005718,50.892461051314434,4.460139340927838,-0.15199641444355594,6.915197883667923,15.506827196919248,44.25008736314444,-6.925904672979632,-3.3525639873954405,12.333209621974062,16.009781771132168,26.83731057867135,-6.52062956395385,-3.3891037930014245,12.096630206278558,52.54699684507569,30.811475866120986,22.92064521869177,7.475905059545163,20.536392261840895,48.752535754616844,36.586586431229826,19.86311137572725,0.30321736661818033,4.076157702506422,37.03441813645097,36.867449246271484,10.420784695010532,-7.177098029875506,6.864221466505205,64.49191757414758,35.6296614396058,32.5457272817284
2024-10-24,5.203658829623903,24.99010245135951,29.4696627018155,50.146151606198075,5.124253486944919,1.2623584534892318,7.422693088640586,15.756376221599844,47.2541295576762,-6.010393611081932,-6.0229026022095455,8.33238585288132,11.75488271445786,20.49518006690586,-9.259448323922081,-5.082460807900002,10.999889306016453,50.37803325388603,29.770340952474257,22.101024724675323,6.9427437457060925,22.243860435989447,48.72106639294482,38.98333661880644,20.755633065548018,1.3713401324059848,4.19079924964294,36.13103540369729,36.288427151512856,10.533025069956214,-7.462336492407129,2.9931010252337575,61.27106089846988,33.62180377885434,30.945733017357657
2024-10-25,2.5904553601541647,25.704680356109755,31.356426686921512,49.19218806737177,7.526178862407251,-0.9913063462994254,5.39220406887464,13.8752491264426,41.17216380924401,-6.7836213697020415,-6.090186220157923,9.226347749501684,12.498199388877618,26.148838643501804,-7.9108513052175145,-9.3384119678955,8.68798942630027,45.992752265763116,25.859348444251495,19.50723073610019,4.496813834313951,21.458672187676207,48.65173967756628,39.07707588004922,21.683833459283907,-3.973620771595643,-0.9972474913622187,31.85027725038536,30.905312701835115,7.9304366924781045,-9.585676842005453,0.8904970837108506,59.677147835807645,31.666036660599488,30.709048590019037
2024-10-28,3.3936634696485557,25.781824527508277,32.68820994162353,50.85252110367078,7.675556893704294,-0.2858586626139803,5.700287570218121,15.740967205473066,45.92742131006469,-6.07701238302808,-5.216768833607254,9.137685339783076,12.817706768737525,29.76690517741747,-8.449217838277722,-9.316772297983345,8.07429573947729,45.72528561794833,29.01518644866219,18.255052874027133,5.454687664168767,21.077804377228837,50.030687743254454,45.83301542772359,21.748856669387926,-1.8189837107309037,0.39385837075307517,36.03097373197419,40.6033565139734,10.38818639446002,-9.63359810843234,2.532830750239201,61.186360913196715,36.314696680690744,30.801607638190355
2024-10-29,3.0780038138680688,24.847433910073136,32.3808478054995,49.04962345397465,6.761018904750227,1.594970077339486,8.546802135488974,18.303304324477576,54.78186943976241,-4.592080207577642,-4.230331188631331,9.029528252372199,12.980246813636098,29.545877326221188,-8.88495982699954,-11.257497182471642,6.679987499463391,42.79375500345417,26.274170086383236,15.158703317888289,4.923677722780795,18.988241035381993,49.03905696186881,41.36250900790167,20.195344278428216,-1.3687666248263342,1.2588529810586557,35.68242960720558,42.87447808417834,9.42364150454955,-8.740213971078958,3.384757051354126,64.04944417232204,40.87271987711189,32.30075272162936
2024-10-30,2.00117002658855,24.089779750093232,31.05435478824883,45.431354915103654,6.667737221768211,0.49289003286185906,4.822448142300395,16.658597822537978,50.477820163467584,-5.049254736324071,-3.7584054859726934,9.969695945727342,13.45021779268356,35.32273284446727,-7.660618841584366,-11.584114819984826,6.862933816452466,42.79705254875854,26.38178372297395,16.225351701779434,2.745073700654377,17.16534495689286,47.08797314919391,37.84406555582324,19.717817036382336,-2.5142453147236843,0.7946054740307629,35.3585945423428,43.018340860600446,10.17104327955629,-8.475429687500002,4.346694456479483,63.86478110769662,40.69475861830581,33.372793596521056
2024-10-31,-0.7414692130944145,21.706010617401628,27.845090453607433,35.601868146746924,3.896599283508717,-0.17191924113723056,4.207972310931396,17.286118018528217,47.8571170211106,-4.684421106407122,-4.777298347314673,9.14886320311541,12.892228885082613,32.45262869834822,-8.25522806484421,-11.223240016239998,4.603218030968459,42.208223951335476,25.7865629601381,15.569168954930813,4.337705400873149,19.846242340249564,48.29499827730635,45.75680202315487,20.51574258424065,-2.57333578021407,1.6461758964088968,35.8925567806419,42.53200636871029,10.436579671186074,-7.031580235725188,2.7022849003820903,64.38615374716518,40.34009112339789,33.592633733746545
2024-11-01,1.7703053901417576,21.775804353334994,28.197791176471675,35.91090686500149,3.514108905672386,0.6304752953032677,4.962005924075008,18.099620467609046,49.54347623233638,-4.639722240032452,-3.7443415025396054,9.0706523729996,13.170845747001714,34.8563927732869,-8.619492238551041,-7.423256835628189,4.715946112015312,43.2518931843483,31.859910553866996,15.669637799109658,4.128690090000586,19.256508408432516,49.325951047707136,47.194252942850795,20.574173839840437,0.8132438130491249,1.193484622972285,38.02566510765184,45.24341221764577,11.449687226386128,-2.7045314725776315,3.747488845623903,66.54562385300954,43.70409111849476,34.47830642847789
2024-11-04,5.166651540717648,22.83126101690891,28.44816077548671,35.82685179888526,4.612666213180927,2.242166733808615,4.684245485363037,17.135581998232663,45.85424291067749,-4.600692860941713,-4.560080447219528,8.235636115944889,13.353724619496909,31.26726892097645,-7.680769533421716,-4.5870551524902385,4.577585757978975,42.88649597917531,29.764264292118014,16.37175043998871,4.889253195459897,18.318230523949808,49.851561650558416,44.21831404796219,22.044343070620908,4.29224700282087,-0.36005104153299383,37.69171190086031,40.466850675531454,12.140936938624613,-1.28993126578969,1.7503739841687294,63.427052623539296,36.78140104875691,33.10069683436843
2024-11-05,4.66133248110423,21.697988731817965,31.04278034067938,35.86506941372657,4.353146754387005,4.942780316381734,6.773553216426964,20.986788189457716,53.857506862465996,-3.65472992519259,-4.970362055822386,7.102159237069849,13.847379455181441,30.28581320846908,-9.340047082311942,-2.775080598101076,5.828664879601098,46.45423186392455,35.039091097723784,16.62573024446794,5.095404666619441,18.007056485447137,51.97009993103914,44.728453648348825,21.018175126887485,6.935016866643928,3.434809332408384,46.37204174045273,50.49128575830649,16.560279877846295,-1.499100576253387,-0.36393414644845246,68.65159726407106,38.92831255193008,34.30213273791516
2024-11-06,7.257848393276811,25.59226839542317,37.696729500008196,53.179173295730166,7.541745984809589,4.386357344520042,8.350455665174072,22.145588432713858,54.6589008973191,-4.603762979023895,-5.724801088689291,5.360388193287724,14.717712996378607,32.68662550034557,-10.40496607427337,-3.2068011006535,9.15212259484941,48.90333149171171,40.43364242532239,16.294150991963896,4.00872362982696,21.617233405179604,54.86565341858724,50.25931416886872,20.95075040770873,5.784114375418636,7.653928971218638,48.477398696269944,55.16920806616865,15.961495622004684,-0.7753103017243412,5.902375077556576,74.68037476092894,47.013322294141226,36.42613415208273
2024-11-07,8.593611652823174,25.250375038171757,38.13564935049409,50.5655948743549,7.641672845019953,3.5086056472235727,8.111847314518794,22.791669184285833,51.17516662831711,-4.315064615276776,-6.225244985280709,3.8769785970438564,14.210820369909438,29.708989719148065,-11.001658012076687,-4.434057500880062,6.028187739812463,49.26612962120353,36.83972586970204,16.315056736441647,1.8662139514114218,19.50097574141583,53.78279433191011,43.19210181070493,19.834650320187208,4.722798554784413,3.191483654954297,46.808010192314775,46.849839726985806,14.39957663682545,-1.003331483250347,3.715461634399353,74.26773285630881,43.4814173220532,35.79745978509805
2024-11-08,7.701315196419034,26.63475399314268,37.42013650818412,53.1378669568783,8.392169179768771,2.132732261882353,8.577555367313149,20.52077794107334,48.240604237815276,-4.9374503314646105,-6.11022353676236,6.836228708384828,13.550731467068777,31.79532881055846,-10.435177781008797,-6.0814788073343955,5.177761957154869,47.22603627060356,36.760777029310205,16.126717936709657,1.4980006665910484,22.26602978674268,52.94806120025783,43.5247256983019,20.64004989799033,2.9939323964133013,5.289414852255048,44.254703162065766,44.5459746593231,13.783034913436754,-5.3411568193629355,3.001757607175004,65.97770573140008,37.44360396028603,30.917375115810252
2024-11-11,8.899999950060145,29.31564848439132,38.997750664958716,57.462133665626475,10.20707310292439,2.5679190265953222,9.39591930741539,20.53386714965717,50.931780608930595,-4.4323764608281575,-6.201712623636368,4.644739118341423,13.01906793324723,29.11742134820311,-10.390631343620848,-6.129606047274693,3.8628821110768596,48.09200845952524,35.90110041951705,17.417632473762488,0.6243938153620565,20.069378396685657,51.22398136602695,40.241119719178066,19.900878176746573,1.2079615648592945,2.6599958729059514,42.49104773069013,42.08615397416289,12.976801701060236,-6.710431808576011,3.2982346101808613,62.263832798628684,37.164756729467086,28.65403934703654
2024-11-12,8.934456042012485,28.828614006829724,39.32771716028087,57.61225068373469,11.303733123248394,2.6608467820766535,7.127553670537146,19.399387139409228,45.1692942783366,-4.616268807763236,-7.469132775435705,2.8222476126048557,11.00207372790807,24.979450749887505,-11.324570285428237,-7.227337808940682,3.5901783837876122,46.19758060236017,31.135704868627727,16.791811609962725,-0.18024838544357102,16.96287876537832,50.85894188490094,37.29308437609676,20.515599832130384,1.3547791885018645,-0.17922114876128825,40.69849011148108,38.66739173821148,12.398792669493886,-5.850594767753536,2.2230422695357355,60.522390084084776,37.767121625838335,28.23536931758719
2024-11-13,6.640239106496781,27.916220981313657,39.62666002770368,55.005397299923914,12.542380014601552,0.7260614905246099,4.6571834405415125,17.300323479708958,38.23869558516748,-5.453173639834974,-7.597139495928329,2.8945073475399097,10.883323799858346,23.986253009304576,-10.625426677901139,-9.278501529280492,-0.4791366864704605,43.75916780928317,26.9230401727109,15.873278720303885,-0.9240049822093144,15.632652997823794,48.00767398754686,32.70809733524189,19.297674868673177,-0.08536350931362957,-5.460491907104881,38.94479686297392,33.52096567055237,11.992782227275356,-8.39564309869959,-1.8843234755299698,53.05789783092199,31.97596628862739,23.368274357532638
2024-11-14,3.700260071064676,28.001756063360773,38.61033282651167,55.1995731156071,12.697065725455946,-0.6677917027455127,5.225906613432674,16.649971854462642,39.09688389593439,-5.15779540469773,-10.335943904409051,2.2486090290193106,8.129057005853957,20.940531454856924,-12.085721203249712,-10.480966390334444,0.6794877526840049,43.676734010482136,29.947340305976283,16.8163008183843,-1.6036007509103611,15.171903286833777,46.631656135617064,31.99887191857026,19.218798858460005,-1.8389768987002952,-5.8462836595831735,36.90135491711117,33.36173999611252,11.307582042301378,-9.698184316913217,-1.8704650562661906,50.83625846123931,35.349179439365585,22.637348796098046
2024-11-18,0.41152321848043627,22.983243190751534,34.52442850694071,45.45986929006064,10.301330109579476,-0.009035001362622808,4.9747743163336855,16.264624681860408,40.88407776532818,-4.670527952188297,-9.64556416361061,2.3953153126534232,8.502358433763945,27.069101810666865,-11.035084199201538,-9.16442627494457,0.6859834476112825,43.61654460700808,32.551712612179514,17.756277218285543,-3.1194527840387565,13.413243986831635,44.763098274841354,29.500104063738902,18.696377064890733,-1.8041989004925152,-4.345907489567679,38.85541353767068,39.788015900388366,13.852457699387788,-9.326790680439156,-2.90593933214377,47.922330097087375,37.1821346370541,21.286742814708948
2024-11-19,0.42227316406637794,25.063019600142944,34.78972011237125,48.835891881179435,11.253028441070745,-0.34771159452315903,5.218367919870137,16.064186608488228,43.432857812553486,-4.202692586800971,-9.418371021628891,2.386014236236167,8.26268610321559,27.79696114452696,-10.641911815630456,-8.394117647058819,0.3171464319705386,44.43740242073859,38.5550219996933,19.216053168389656,-2.70579076672961,14.683957397475499,44.42951567752698,35.37535531631353,19.20954359135294,-3.088664633472249,-6.670892533528772,35.833921772543206,37.99535013532692,12.11489384816915,-8.176936360459075,-3.088956829516465,48.31926136499904,41.88589434811169,22.42007023415693
2024-11-21,0.9187909421960239,25.6833882256458,35.411990698359965,50.79776574578686,12.544367647510303,-0.6168470874457932,4.838265026679345,15.169910391285013,41.56956463933956,-4.279342839876121,-11.726068484179141,1.3179172332713263,6.8361772851525116,24.937759901736072,-11.205721499075349,-9.539506226367166,-0.8900052855537077,43.373753871467294,36.20654815558625,19.161592584943055,-3.7107116550034847,13.199032000408417,42.35499932473357,34.97374845874225,18.314879633904834,-5.900760742735878,-12.661366180665933,32.546739870680106,33.65221113133738,10.16298442664727,-6.090227534679348,-2.9262490352199078,51.72682114410536,44.740337683752976,26.10404036425591
2024-11-22,4.3991075504816735,28.91432075058158,40.155326670796484,61.51833291075657,13.986765275120794,0.2936102103998417,7.018234445391935,17.125472884721617,48.69620559737179,-4.743158161892957,-10.281635230357844,2.1568909348967935,8.581132217664011,37.66866892943695,-11.692175207347134,-7.860969581977095,0.9861045178676697,45.20923686246543,43.312881163923066,18.097054112679057,-2.590465039381551,13.690508749347474,41.71579332623529,40.58194254778702,15.255875415978682,-5.147297195416167,-10.819652086233278,33.50135756089128,38.45997829994963,8.575166350591967,-3.565092042037721,-1.2415373550841768,54.20274596943948,53.2452295328274,25.411374844735235
2024-11-25,6.153093230707629,28.127188045397755,41.99679515995651,63.30405520299971,13.701671119366576,2.501402910645578,7.051460011812805,19.512810603092092,56.69406773660508,-4.302021250293664,-9.54285184141115,2.610420971305394,10.340302057884298,41.09189914674557,-11.646761311306674,-8.25606294800718,-0.556834203381662,45.00773145077268,45.89440076099426,16.112630377384328,-1.557178488882549,15.40719872431222,43.15302136569545,45.4865441046838,14.62750083007538,-4.386200957967812,-10.808329518221205,34.59804885779407,39.80216471969555,7.777242910994331,1.0215130796046745,-0.18439677494601625,55.691801091537044,58.223172326770815,24.667728900151364
2024-11-26,5.8178717955786,30.338094803096105,43.88810388907027,66.07653662857807,15.525293875684998,2.0399553563586803,6.574929914007965,19.10401422862973,56.55237616355806,-4.373427172658795,-9.142140597007876,4.30863526279921,11.064969659382617,44.980240400431875,-10.827838352181928,-9.746753920449757,-2.0025960517058627,43.755332383035636,42.04068007742445,15.41869390780446,-2.6300179751984176,14.865713015507719,41.5380401508072,41.7684099605532,13.638467955741419,-6.048518870347442,-10.189961680713534,34.16541340125823,41.069715367474394,7.719112228224079,-0.6611945546271758,0.5372930072607973,55.43725454804576,58.36264574162577,24.797909108152805
2024-11-27,5.5370192912843175,29.484852203616676,43.6836248382668,65.31258915090348,15.086769091577935,1.9950774565487661,6.1280228240949475,19.162249380571296,57.34384066857102,-4.554201675162428,-7.863538531557124,5.009186602546123,11.538549905642913,46.488548392519306,-10.660582566389753,-9.241123750677716,-1.5068832560156342,43.70252845987548,43.78865030364865,15.101910390647477,-3.9614606477407666,14.21440774842473,40.85557059948395,39.61191016984334,12.821572723351427,-4.721850898465451,-8.909538904231674,33.85784362244306,43.74403819443068,7.216579185089,-1.2715491265111067,-0.7216497649110254,54.48036861204244,57.02221613293728,23.73467423060893
2024-11-28,1.3547817251063021,26.823111044701918,36.71536488678384,54.68273824854547,12.483035161781064,1.4918704334724975,5.625930515667643,17.43180122017014,53.580127572143105,-3.382582954751756,-7.984792224473836,4.403864160582693,10.160845919620808,44.273702461182,-9.364786355289134,-10.605737113095126,-2.8535468521998397,38.95966134336426,39.128499598270736,14.329537765552413,-5.4830333567564615,13.077031130062577,40.037699891243065,38.024085680531066,15.216497676658424,-4.779179638939068,-8.662209690535228,31.9835365741884,43.07362074482784,8.589907195469815,-1.0470928486019382,1.5197995629641081,50.11346078769263,57.134464088378145,23.50636449693557
2024-11-29,1.302136880928284,28.630822816673373,33.690027599324736,55.98688692807726,9.50226354518282,1.7650108009833243,7.328146300046723,17.875393054814626,54.783842873808325,-3.451120569253907,-8.26315120581903,5.401527476500356,10.778832573378638,46.303555581040996,-9.26374137618129,-10.191425072499827,-1.6390237806918284,39.19047845622521,43.11300306346405,14.007549617490312,-2.7880502958877895,15.10686193452413,42.09991485472453,49.23531622033633,16.39059850301563,-3.5854000107766404,-8.2022535797715,33.00159192456815,45.82181659530352,8.938382558359814,-1.387141187620844,1.9181789273069016,47.98724313393203,55.33576344692225,21.21276650150621
2024-12-02,1.774335686546169,32.737927408231535,35.275471604700684,58.86516694098144,9.95316661453094,1.4761153628945811,7.038789884873897,19.560069553271433,55.232627225073585,-2.820458933968717,-8.15536059055102,6.70024250657002,9.782562176975684,46.1003866639265,-10.767708238426454,-9.83158506184184,0.5479085227514835,39.5971702071811,46.817084460752994,13.465883597583762,-3.3052529268147612,18.339566805914288,42.04941136227025,52.99417327172072,15.459088109133656,-2.8882846349113533,-4.312620315078175,34.24065227985989,49.59619243275229,9.112055803454645,-0.20885448938652296,5.5368670302488265,51.75399634000537,62.85548013179017,23.347065407042432
2024-12-03,1.8134653801566536,35.1041025208358,35.116203075500074,60.31541161722247,8.801657628474736,2.4420882369133867,7.577585801981845,20.903548001222827,59.93792126479877,-2.6430129305332284,-9.2631832078919,6.619890925750771,9.779424784056534,44.313803285734984,-11.600658410067544,-8.89480413500875,1.4210353157223743,41.57462335759183,49.17408253990628,14.00226877916182,-2.3567208124949945,19.41551414808391,42.00072259477754,52.90377529876571,14.345383093098896,-0.6543398147551671,-4.909186191858039,36.545551117403384,53.53869394367539,9.952633105488395,0.3520745157407301,3.453006702850292,52.61938865208937,63.57859027529397,22.896011681982298
2024-12-04,2.562230781172503,35.18104256337487,35.95761595934155,61.67502478042142,9.92988801698611,3.0524749459849065,4.485977828139687,21.922491837307277,63.91391347126287,-1.4183517425366832,-9.790226054665807,4.787882088626083,9.156661651284859,41.15564632071301,-11.740291215298393,-9.413033606579457,-1.703431594018423,39.880549619565706,46.716760857507396,13.101815201230572,-2.5697082707236585,18.865148582406377,40.41605772548375,52.41593396597649,13.534805627698221,-0.2663539331154263,-8.1449583394681,34.663408513911605,52.899845356961336,8.883443663406009,3.037114908983818,-0.268508335998785,54.142822442805524,68.0246486851037,24.633718311353725
2024-12-05,5.549754272623408,38.65274567282755,37.59319348744823,67.03977836086885,10.325865436487947,4.286556546417586,14.223626949250189,23.369487529463463,66.05254793318286,-1.079078585484694,-9.628836104414084,4.409260444514929,9.326035605299655,44.55748316132359,-12.33949015075898,-8.475278830118471,2.34097433509306,39.85370837373527,49.188956035372065,12.138406121390588,-3.1098496741436055,20.750517621710785,39.78643582151229,53.24080515486289,12.084465207919482,1.0587338740406071,3.369649685275933,36.65874339846458,54.793640298784375,9.57659861477027,2.1146170910975037,10.075809655348,54.83102994042839,66.97046935436242,24.147619091047634
2024-12-06,4.8573558925825155,35.14301078505853,38.13763468342424,65.99120340670018,10.844619674517464,3.9563406245425314,9.081509778086883,22.791578222706676,64.89543336866183,-1.469387263492028,-9.350173314997168,0.30729605393242654,9.316481966139744,45.95524024489945,-12.282095350319466,-7.257708346909664,-1.3321665722962894,40.665034012607016,52.66846624393769,12.87265944840621,-3.117668938608642,16.355267423014585,41.835439485995884,52.54684988391658,13.811818062639603,1.9993616746807108,-1.0472087151260356,37.61963367769412,58.681133244797984,10.428964486829084,3.066373121497201,7.304160422933137,53.17359318356287,66.74360209702937,22.90979731571019
2024-12-09,6.164265843573125,31.766583892961876,39.8589601161621,66.71082723075654,12.45241677349127,5.597221555006704,8.349955455091118,22.021581648726585,63.597408836815816,-1.8895768742561492,-10.629241526870214,-1.5913241894103924,7.386710210030167,36.747848286685354,-13.656621767796562,-6.863670964301871,-2.5480841974812485,39.52208332726814,49.6416765085916,12.181553833894432,-3.1865990643843656,15.99929317389801,39.82951273543514,49.499610157007815,12.428739855490111,3.210291249840913,-1.8401245782507125,37.545914099719965,60.5371786549668,10.59263164108948,4.3406694979031935,2.7821545611131038,53.197241014756024,67.39254497201827,23.176948983689293
2024-12-10,7.826272679383828,28.518284123919013,40.728085060012155,68.95461056607174,13.735615921883838,4.812214922990754,7.578830394853364,22.097858347732945,64.8616208870072,-1.3212244307850396,-12.309775439492011,-2.4555983806480164,7.698206307928257,37.47975385973989,-12.95893905689961,-6.778514502701483,-5.008547000540653,38.15843851273779,49.509317337363306,11.658842599549768,-3.1202515480043713,13.85968545689038,40.19515035923003,49.06913951342197,13.304901211215014,4.136164516705132,-3.643121687184181,35.33023989393125,61.186738871692455,9.373109003997682,6.089442984042592,2.1365101062120084,54.5158719462673,70.57682554602512,24.878824706677392
2024-12-11,6.345886177551074,31.35035389739691,39.07567074507079,69.85083079813838,13.423044654091921,4.1329348380342745,7.252687754386211,19.801672555140847,62.306505781671156,-2.2958481303010925,-12.10521728680135,-2.1122818655239795,7.664897354848588,40.01836253559515,-12.193984793058931,-6.6699391405453445,-4.678963910588196,36.43311249429395,51.000676444109544,11.267908526592606,-4.103092276158227,12.783508677735501,39.477552699540276,49.36869777570088,13.750799139281632,3.5762673197134554,-3.1870560614896903,35.16405168777641,61.46881071450154,10.232927068259446,5.352584893953072,0.9873991538606353,55.5689752783544,70.97200919595433,26.87414509854882
2024-12-12,7.600887138197576,32.347901612784824,40.265695788883946,71.88936402754233,15.036251933313283,4.3255228754165875,7.062963980525394,19.636590778802532,59.92058989015465,-1.8823175554823157,-13.311248548458243,-2.8483667084150843,5.90959031673135,35.90282280386147,-13.140256815415574,-6.26094012258741,-6.22453489929301,34.802321737147764,47.581779573011296,10.555569252585762,-4.2682279060749835,12.898122689866188,36.88919967809743,47.395245192403316,12.267082643076389,5.311687759609995,-2.8785777723156047,35.48724587102827,62.32488202000521,11.117296799561128,6.155939187547865,-0.5475202020050141,52.72561839580514,68.73506579614207,25.255021305382108
2024-12-13,6.58994374730808,33.138051640254275,41.09704338998381,73.50480914574199,15.459709816054668,3.498780041911198,7.392908528564535,19.56880121787572,63.115350628379645,-2.156850632849827,-13.193983631280414,-1.0890448656319274,5.604211701881567,43.230435254549604,-13.584074155603377,-7.784005737292199,-5.728142338587161,35.93133158983177,49.71935135546582,11.232607878911871,-5.430097061884609,12.251065387255377,36.293791773869266,45.47365654099132,11.529209045480426,1.597810766011154,-4.0560644877596586,33.191756803830955,58.35887217140216,8.990813846865642,4.764902962524165,-0.9448580751560409,50.065703222002945,66.33343009607695,22.798764106382528
2024-12-16,5.206322755499748,30.804925614932422,39.76069734206082,68.56812655482767,17.203356661448964,3.1639631378758803,7.492276123160435,15.39896140458563,63.079248409480456,-3.2264013482991016,-12.857733546740924,-0.7349839474237063,4.534668755177851,41.99842349978583,-12.337199952476418,-7.863217671341937,-6.31152933879473,34.50649479144581,50.05768578244293,12.797181053981554,-5.124552499322044,12.183636773193541,37.13952235308928,48.54025399782054,15.005238642957597,-0.24438421742754013,-5.004954142425245,29.782993269913582,53.459043226683626,8.836051465710447,6.16903131911819,-0.1116171062371385,51.62995925639613,73.35243240363575,27.156922749125734
2024-12-17,4.754269085708618,31.25911049607051,39.824316380851286,65.25976346121274,19.824541664012905,1.3070205043649308,5.6653749475021,12.385177865875384,53.10750187000557,-3.6898389624359984,-12.585028377865848,-1.3252792628550059,4.355039094336788,40.34631653720822,-10.57138662670052,-9.337523245186441,-8.95843987512258,31.619096651812306,43.33197790271197,12.792955751540958,-5.860436990244677,10.951641931000733,36.01371717779753,43.66567450348035,16.55899161671297,-2.468788730847893,-7.235090872010708,23.86440601710582,46.44928383256684,6.147457492719011,5.463813068032453,-1.018510339975176,52.18901242479173,72.8413280436386,30.420653088898785
2024-12-18,4.864336202925257,30.813199985857874,37.86573258419364,66.09061146057357,19.286300300083624,-0.0940772710540605,3.3676092146827097,11.327107683338422,45.83984827139489,-3.6758551256050986,-12.705363390262804,-1.2237703225464358,3.302535235181936,40.35018328631548,-10.618998580386396,-10.252970878478607,-9.620928809255558,30.65396263651008,40.55239527473244,13.046422271298308,-4.57199620895643,12.548263784392955,38.003537827510094,50.73091514510719,19.40553426293321,-3.389911609402896,-8.294066737661032,22.147781200078875,41.63744667955028,5.686573712748966,4.333152819169461,-3.2947946453339205,51.925704161218846,70.23156042581809,31.451484209895586
2024-12-19,6.806714258309232,28.70864517144973,36.38354050700568,58.46628587056303,19.013388774994343,-2.2269011297456176,0.34563263547886525,10.10708676336154,40.94592146965801,-3.9164295402871474,-13.088517677376954,-0.86263388857869,3.66371543328301,38.01119903405235,-9.539156845045005,-10.593323674348188,-9.104192781616305,29.12323816913336,38.01831634691179,12.677776856217292,-1.4214809827072905,15.543283823080255,39.300488017538356,59.473857146413856,21.558826492894354,-3.580342905283329,-8.145658327120719,21.809807205813,38.45698987559871,6.295802907740611,3.7132784958871845,-1.292829185214217,50.14289852041243,65.76641293920221,31.020320245290023
2024-12-20,4.351944305841071,25.287634433549044,31.07892045721734,46.52434739147402,16.529787634903094,-4.295824616173693,-1.9775714758150542,7.399600564406916,35.101793824321476,-4.521241079883687,-14.428448572049513,-1.886102500580733,3.662533266195256,34.17595026672221,-7.8435117937326275,-12.844277039608155,-10.637429187396075,27.07453104763262,31.843055836669606,12.969866284630239,-1.8678498568640456,15.131065744228177,39.216978531775524,54.17879925013544,23.764560212224527,-4.733982467857578,-11.433967541309386,19.698082506792968,33.57263889740507,6.41216822787527,-0.8325560724099623,-7.033242989387601,43.50886125189739,49.714409272196725,27.58006449151822
2024-12-23,3.8478291010471066,24.511298454148054,30.77527189926672,47.08802308005287,15.600112860430414,-4.602064372827098,-0.6655788047951305,8.461196283360728,41.274961595119734,-4.124638020315996,-14.780064240341705,0.25888365033273075,3.998288909187564,40.38772306910389,-8.069669742654595,-14.536336734988353,-10.100910248708328,26.357662669968352,31.592578293465053,11.695122887451937,-1.8830450386324915,15.585763962962208,40.72438251825374,55.69973680011516,24.394728950402822,-5.45388199775223,-11.005014132977642,19.512885697022675,37.638495505390566,5.644613650610264,-2.355660107751212,-4.969520168454656,44.3922420012157,54.06551230155834,27.636970117473037
2024-12-24,4.004647222053981,24.25775660781213,30.378667383215085,45.64612584469279,14.876465972651975,-5.309598489937795,-0.91085734429589,8.780603556133038,40.64416487468739,-4.153558601953966,-14.879529627788923,0.08263758100890417,4.83366603126103,43.64911111635667,-7.6311998708239575,-15.369476110552293,-10.3685130621182,27.975352050602197,34.76661641652625,12.758908111618016,-2.4870035094070486,15.561326762068672,41.31550343361419,55.32924497031351,24.512897296952275,-6.739927405805924,-11.174240002109181,18.157203842991798,35.432898192089,4.108151119518144,-4.56422530744125,-5.337559068926101,46.83379767415157,53.775479366392595,29.375058824396948
2024-12-26,3.3621401585711475,23.251687067758155,32.04921594195058,45.60228598961951,16.348837034746722,-5.184315069772194,-2.7283974855529802,8.660552890868445,40.15745658925128,-4.258962310212855,-14.497164618591063,0.020709676585961567,3.7676569064487575,42.16860643217598,-8.570103072831813,-15.023336262004594,-9.402482710567217,27.67176460777865,39.289643193716394,12.491855618582903,-2.0521019188860623,16.282004028183295,40.701198283005894,58.77925991052732,23.972116554024424,-9.554310591280013,-10.674161922855586,16.963547349373975,35.06263084628267,3.0568232645969085,-4.052549543531503,-3.428955625280139,44.850071576994274,54.50553500425353,27.627697386645742
2024-12-27,4.195446603394171,23.483747403214217,27.753117217798785,46.28531673614588,13.640043500369604,-5.157601915722587,-2.9490911165016453,7.498067223706695,41.849855249404385,-4.377401494781563,-13.854111427184046,-0.03710111544783512,3.8313930389692663,44.260217544171844,-7.639012819261925,-14.092716299715946,-7.673597078208916,28.007679564146425,44.167556206909325,13.866483971980049,-1.0350999639769487,17.717769542167506,42.416294751810035,64.46854998907689,26.68335836506963,-10.805297587786889,-10.228216437128612,15.136154672904901,32.55442681825531,2.4168952620382766,-5.20285338741735,-2.560256881679168,38.67710730882084,52.40209245114137,23.357244428038214
2024-12-30,4.294383773471977,21.724657689339377,22.88552119486824,49.28584248445259,11.51291072443934,-6.294398958627423,-3.5192293197781943,5.835047837485363,38.833745638931426,-3.9596030007225336,-14.417997556235573,-0.09211676523748213,4.48859535050834,46.218860463696274,-5.181446180578265,-17.19507205528027,-9.618958664667076,26.22205590897122,39.14229129301543,14.540661220063189,-0.041933859920240124,19.094991802095727,43.64300344366272,68.1897425518257,30.34936307754712,-13.77820842832187,-11.851165458119716,11.3052350660084,29.568009355897715,1.0043381872140378,-6.757718548795211,-4.012919381716252,37.52036925534084,46.94575529553212,24.79335653583219
2024-12-31,2.4229170055537264,19.858399450321507,21.443553013677086,42.76638163370357,10.00968154732622,-5.524547582748307,-2.8314617374109785,6.25160609103983,38.0710313172061,-3.7519484574792927,-13.737933688948246,0.07540389190345831,5.1513320627565085,48.256777890754734,-4.748632039790246,-17.300326865441907,-9.391044840435425,26.37637845391778,40.589179754114376,14.478083058506574,-0.45430994872103225,18.653877029511555,43.35068830519175,70.62474875029514,29.854267095332233,-14.056189750779879,-11.864314696259438,11.345110839164585,31.995382527337426,0.8620044564138896,-5.855257683232685,-4.743156769772572,38.52177947565363,46.16147199794463,25.47999847937095
2025-01-02,5.735094199196467,20.294855705585046,25.482387890790783,53.39096937875609,11.291292534730335,-2.590788912340991,-1.84346900127913,7.801508778085586,47.08466545904496,-4.390014799935782,-12.006343897157823,0.90395426939891,5.284744548466325,56.7458404172299,-6.622152304071216,-11.140629022008063,-5.163710931772803,33.92406199307263,59.31773199560444,18.778278061476538,1.1691887918547472,19.20792778016778,43.69496158392434,72.49525135487737,27.44416387199642,-14.463124490692902,-11.732001236760482,13.04581288216131,36.329173343465236,0.26119874483461203,-4.308460016918792,-4.486628420446481,39.17157287588535,45.9301129075169,23.432335722911546
2025-01-03,3.0440816881854404,17.232035081229856,25.864214806218634,47.531848072482255,10.89667969670396,-3.654016855097797,-2.2605782957946796,7.468600560332761,41.67892420188394,-5.311362787738094,-11.690603710627146,2.0254402692710505,5.8960173461346965,57.986123799621915,-6.696937371187694,-11.366533095122811,-4.479950446860359,36.98707698947108,59.127575802264964,20.696832081127248,-0.14186984828929994,17.573179258125627,44.30332635496627,63.54546462381927,27.143046866764962,-14.60439473415982,-11.242209278877556,17.629746145456117,36.71945643483776,3.641438523102236,-4.718056357010458,-5.859572796249624,41.74691345300794,43.72177184183165,24.89063776702627
2025-01-06,4.578857466861153,17.04572030240543,25.33658932162439,47.07182883635471,12.806141698124996,-3.7095029968646887,-5.965897050721192,4.351682907547416,34.335787290059784,-6.0808117388618355,-12.073495725214645,-0.8100248041787106,3.4871944372077746,46.99910040816078,-6.858873511639785,-10.721198811139354,-6.753027898970609,33.89440405622706,50.921096672886385,20.508394223129134,-0.45601776950870976,15.855899113374083,42.09161897263305,58.44115516500954,27.886097672655996,-16.735598227474146,-14.935460083063967,12.380382775119614,28.811405891697362,1.1452238491099997,-3.522403451575906,-9.139470307876707,36.009947721881794,34.6650353466587,22.412437725573863
2025-01-07,3.4914442290486125,14.97632490942582,21.713042364054047,44.39571700599471,9.604833468038265,-2.448216354815458,-5.463933443313707,5.706867148426942,37.452280382247984,-4.809021735101149,-10.508827174954561,-0.5938611414429418,2.9373305536865457,47.04958934356269,-7.303040382192416,-9.427496782119626,-7.428511547379502,32.078469947204134,50.919646563222074,18.939091670852747,0.5795769896467462,15.034969397726638,41.68632080388788,61.18280784146159,27.591138096434275,-15.352710918791646,-13.850032475755224,11.863863026919486,34.615867551331775,0.7354663067561829,-1.133947731004259,-8.878966003935895,33.68717540202777,38.03208458356939,20.38776052383957
2025-01-08,3.4217299209669205,15.677047778742459,22.936065556991526,47.18995321761482,11.271932615827085,-1.2754788162566033,-5.365138472151654,4.421594095450465,35.101352188158415,-5.4858919619506725,-9.615910696934627,-1.2230999557852007,2.673189521322361,49.54169298410656,-7.068408492605338,-9.44311930264603,-7.9853782664163875,30.170074295452952,49.223055395046245,17.819581015354103,0.14491738544522015,12.502536436113655,38.93410546705438,55.65365376023684,25.75208382932579,-13.990063387711704,-14.71641146068402,9.863309257206598,33.032391685744926,-0.560484921713611,-0.16174330976564955,-8.993434501040953,33.154656489938404,37.61713782876024,20.520987045606674
2025-01-09,1.7431968204844939,14.265708108949514,20.66380128913572,42.653676801146496,11.0638833216123,-2.974265498520212,-5.574165273017928,2.5295052856161515,33.081588409247814,-5.6276622283936595,-9.20774800903329,-1.903386504832194,3.130473532608047,54.455424593190315,-5.07450654664977,-11.171250430752655,-7.740546629124523,27.875948050411516,48.2192197624231,17.702237308764545,-1.8871227375987454,12.50774252628808,37.29688598973293,52.30600555810158,26.373652769692434,-14.248891546821252,-14.968590345295606,7.022389976426369,30.3150535777295,-1.4922279411719086,-3.810858859713062,-11.092168285470338,28.645636101111194,31.239470778116086,18.410689578158145
2025-01-10,4.66124311547238,18.42607008854138,24.985821481784853,55.966743532987465,16.169626897986667,-4.45596008881134,-7.294540272483685,0.4650678130281305,28.922718704048634,-6.621492696103037,-8.368824272631581,-3.4891125579327498,1.0852219181658018,50.65337733957651,-6.045082746886532,-12.977193032201962,-10.865278772147946,25.038028358646503,43.94764087442421,16.2181512292638,-5.898767757006351,8.403882448099221,32.73856376093147,42.84839934341103,23.375509671945682,-15.690633927888175,-16.382984358437824,4.246596396944158,27.179252249475752,-3.1067039025468146,-8.435916250753905,-14.529085128510399,23.913038016563192,26.475107629118824,15.172514958251227
2025-01-13,4.53873891817087,18.020966752278312,23.888783788540046,50.74508367208861,16.61971266183484,-6.771953416904752,-7.948086521864772,-0.5197521341416045,25.779382104130562,-6.356672760253046,-9.082320848639647,-4.935927197278733,-0.9950493953446049,44.48000943559382,-6.804082350818241,-15.6294174190022,-11.54240120095401,20.217050730982102,36.292921300373884,13.163415481016294,-6.014982773138011,5.680803220148056,30.130756025668482,35.98210456125449,22.495442380673225,-19.193187568733126,-18.21954316263109,-0.33404239588555873,21.64952960957247,-6.18185938609892,-14.014408456117188,-20.028404519976505,15.062896883438315,19.276469052302872,8.311677314457189
2025-01-14,1.713683754817219,15.344758780497859,22.044824042670918,43.95851233934522,14.091864444413481,-4.7743648545214405,-6.775312925827903,2.0256838523194043,33.50574853931214,-4.622743461389445,-10.394618704849467,-6.535140642972115,-2.76580075206041,38.705204163308636,-9.101994558341008,-13.630908972298773,-9.598033114254322,24.50305636562944,43.774311234836624,16.389907898233382,-5.844860475039493,7.777034092492752,28.537187535403596,42.254522486132416,20.1611579302047,-16.764828924347796,-14.971845833440467,3.035931412667492,35.899324161430854,-3.6783279270588998,-12.723425570364345,-18.172809061204642,16.6677369086472,21.91881093146192,9.065171168291108
2025-01-15,1.232717751951995,11.219665325577232,26.183117202436957,46.73970364563526,16.964758802073575,-5.915443245695517,-6.746888944048434,2.194216778641045,33.749228726498146,-5.271622848688661,-10.938267681799108,-6.991789031531626,-2.9074519316933833,38.184434942439914,-10.000587098597258,-14.173459987491643,-9.674510873068954,23.99481370274328,42.345196096673945,14.936322695072235,-7.20988505595439,6.598126889803435,26.42664605485581,39.08225323180015,17.190496556188627,-16.39626254101464,-14.701489166747228,5.10954379009112,36.42904366305186,-2.5692762251195767,-12.909632870077626,-15.76564062239335,16.859133957606296,26.472658016378716,8.321942904947122
2025-01-16,1.0707625859373904,10.992936066816949,25.514695181163027,45.22983746061171,16.613579256736987,-5.0616514107232335,-6.056896008626289,2.2467652736579913,39.33933894335501,-5.004260666251225,-11.768040210210273,-8.041689678288588,-4.269899442181857,36.08960264390897,-11.058783574770537,-12.88496436979145,-10.065188170700468,24.742521178059395,44.743339883360775,15.896165457651957,-6.987477652286578,5.110204724143852,25.822657426489748,38.24046091226439,16.89970176734541,-13.72713550430813,-13.439397938996954,6.836823420702265,41.855548711300536,-0.7397153175906279,-14.086469964968916,-16.323678367706542,10.192559282563751,28.668501259824623,2.378042083859744
2025-01-17,-0.4700372091207661,7.385254062184643,20.602836927127054,38.02592398370302,12.845825331817906,-6.294175831526106,-7.3596081464002765,0.792378501422375,34.897964192797815,-5.690451162250831,-10.537206955706168,-7.987938029358544,-3.2366667610477684,42.26392213092865,-9.460353674721734,-12.034043732390288,-10.563164867372388,23.81790886976067,43.816163436491465,15.854108189101668,-5.9898131404811705,6.242340275641922,27.093773202965977,41.51508918289402,18.919273352496457,-12.523481276779979,-12.346223047598226,8.256058420566003,45.40316881071797,1.2931749442991913,-13.429186389151104,-16.603773584905657,11.239418151010971,32.914074034337304,4.084649005951602
2025-01-20,-1.2672493239027416,5.45458787959614,22.24606852842146,39.46758472224062,12.654008813627527,-3.7786026783228843,-6.214091576219227,4.005354621419266,42.56347647788656,-4.155444201775859,-9.151503752888013,-8.962465124677088,-1.6494684059069842,41.77722480163289,-9.366560525012135,-9.28086090306478,-11.357597056036262,23.5507065126805,42.21409081363028,13.856278144220656,-4.608237762858003,6.808681517050763,28.997824478557476,44.052754636796564,18.87598702094504,-10.308437885374488,-10.621623700363092,11.183033553310961,48.51305381982167,2.4590368640648785,-9.462246470143764,-15.796738514223618,11.816188058016518,34.997311488275315,3.0425107868839563
2025-01-21,-0.9702796035053973,4.4451445716469085,20.29718083566432,36.63937911267389,12.565647059356833,-6.763326501008726,-7.069091361326474,2.81154855608321,37.93327354247198,-3.7961786968248923,-8.878221729392965,-8.946534648906912,-1.6800442237552948,40.84638057155473,-7.999095540573265,-11.308356607381953,-10.65622375302543,20.428937018212558,37.63531778202539,12.688935234853439,-6.307956248901403,7.135723031745189,26.15312432653485,39.47565937006633,18.04522740873644,-12.526279050628187,-7.823862780954394,9.269621080033152,46.01088919038894,2.24683168267652,-13.45364440417266,-17.314352783441567,4.574562955184591,28.83912379078066,-2.146473730912901
2025-01-22,2.4733716032000252,7.084052663513751,22.266375885692934,44.38258528891828,14.152455023578847,-6.23197183737042,-6.801784428347679,2.87905903296648,39.33213430170792,-3.9482680822386484,-7.770703039138027,-8.681910784019841,-1.3361357184802247,40.621729107746106,-7.8837313344577,-11.791215479497286,-11.787374199281208,20.018481920983213,37.29435869589119,12.053737262088958,-4.704251825054895,6.7504542283020275,26.62380960771953,42.728950699661304,18.220717891179472,-11.830680640736746,-9.414900072208777,7.45434726818881,44.14437657448802,0.32339189547596625,-16.230090801207496,-20.703092086041607,-0.08662508784642586,24.009113760887942,-6.717141542033822
2025-01-23,5.1236921993878415,8.258398354260965,24.806212708991595,49.99306616302338,16.42595331370209,-5.205417232200082,-6.1595315665610055,2.4255658124714197,38.50770533354188,-4.451918822201472,-7.0318028171819975,-10.76518101741687,-0.7945251901263162,42.98030940700617,-7.455793041255532,-8.560845328853206,-11.068569987296284,20.06840639488572,42.08504678741519,12.006272556129428,-2.1241204041259953,7.650804258954702,28.55346796807945,48.7458120706824,19.921594727534185,-8.619672241439858,-8.070190715977187,8.118178428187095,45.87619623593319,0.8584566490554835,-12.43297296847594,-18.035550238872812,0.9532612956999253,26.772038370708728,-5.825363727006582
2025-01-24,3.0836930228892,8.498183885743483,19.17326546557563,51.19381027254244,12.992491004703588,-5.603542650617699,-5.747021881150493,1.3791715522287307,37.13814686182556,-3.8787341697167688,-6.702919298397047,-9.830763627290251,-0.7371743094497285,46.52167932490891,-5.885318362944403,-9.325679727225655,-12.39872655486851,18.465481035530317,37.676065751320934,12.321414941353925,-2.6664733671207697,4.610088675060386,26.084245094571035,41.56420099198787,19.545041197167023,-9.213847882655124,-8.938568502950927,6.842564590693723,43.41984338285859,1.301306725715734,-14.401046292454822,-20.544567112593093,-3.121275793770517,24.534230045377583,-8.145771363615385
2025-01-27,-0.18783251676290913,5.006052149517548,13.060471566772524,41.97727507479894,9.436750222673806,-6.726999310338244,-5.549559701309226,-0.19446770801859747,35.28591096126472,-3.393352628748736,-4.6961371423434155,-10.436195978403429,-1.7699409739298178,42.42758700235406,-4.918330119950875,-9.678992587553736,-14.269522390591781,17.080503690331874,35.374779342136094,13.32793557946992,-5.664398053001618,0.8850810511477958,21.528281126852878,34.76857237430501,17.63315650789248,-11.685514752349224,-10.474422773420422,4.141601747011325,36.577259089998485,0.8037406906261424,-14.327737840237663,-20.720890323256313,-4.381298849978233,23.590993932845393,-7.445990898849564
2025-01-28,-0.5190511084147809,2.0579584644795146,13.868632857760655,40.683402349662025,9.280857623274109,-3.781638349226135,-4.735457074575589,1.5412954485648056,43.339095870995955,-2.549810493828686,-5.884635971464225,-11.616436902581572,-2.3150077174035832,40.46281137668843,-6.2507429337464675,-6.450401231259917,-15.186448158598154,18.978828924458256,41.05193415961812,14.185163530673407,-7.875909421647198,-3.733260571783903,20.071703422573762,30.221532711756225,15.234006038318615,-9.851971563085971,-13.434112346239136,2.7147339096702083,35.7881704737724,-1.423649950934347,-11.438390102576157,-19.927619833420728,-0.6562228105095103,29.55466307700307,-4.658790587533912
2025-01-29,1.6801205266432362,5.130801632850535,16.10940848640574,48.47669491161962,8.13346684716123,-4.083847283507469,-4.358031914893612,6.732957959123009,46.0355316169561,-0.5988840919505134,-6.9019660118040616,-11.758675233601357,-1.9489139056514948,37.977616805793815,-8.684369288189464,-5.750599969127446,-14.531601962219288,22.437488565368824,46.59458452515975,14.026850047927875,-7.408369814282123,-2.3577855844890028,23.375891282645455,36.81539329299017,14.900790759888348,-10.451693817609408,-12.08056292030253,7.995016625001039,42.07783393698035,0.5764795644914278,-10.098709187547461,-18.759438238712146,3.70197508570973,36.83649944803368,-3.421658665769145
2025-01-30,0.9402464728094584,4.0471911089703605,15.507952348865395,45.599191280967794,6.628553315100794,-5.750592107763275,-4.247342253812459,7.871623131441208,47.352599138602784,-0.4207512611981157,-6.156529089838303,-10.126418708245033,-0.7053207170394149,43.30116138031242,-8.338362956591716,-4.633171992925944,-15.369089968834881,21.623027471784816,45.30391938589745,12.273546586219641,-5.2286583113238745,-0.5624228730180425,23.589760638297875,40.996350142415864,14.08909181957927,-11.125685985811806,-12.342167934081372,8.790681649986244,41.81816575159456,0.42765682025063256,-9.786893265693175,-17.67171182422943,4.788404381793487,40.97277236907241,-3.2669549047013025
2025-01-31,2.385845457301583,4.43476030806238,15.08932605866049,47.23168656634437,5.856096007278722,-4.285674431790765,-3.8139080610441134,8.503179710165254,49.838205529609574,-0.2016659421565259,-5.116327327687397,-8.682440486695974,0.09083468322137467,55.16230422965793,-7.93911678416287,-3.078750490061033,-14.30621931825634,22.321954399640177,51.26788382547993,12.508474870436537,-4.184812221117118,-1.5546147001664012,23.29537387494249,41.30624661437706,13.403800170894332,-10.09103586629787,-12.35156778454607,8.630624444417357,45.858825690591615,-0.08444567085407195,-7.961641594217195,-15.762287946428566,6.085201564299081,45.260695779804585,-2.425657823226801
2025-02-03,4.7186705996413725,3.9422138967832865,15.861675950262821,45.08122874344144,5.336145909345369,-4.399777199190447,-4.564132376755103,9.320216077036036,46.596299826656356,-0.6110507457603442,-3.012430482830264,-7.645816038474673,4.448751886371083,60.82940503454938,-5.039963572813855,-0.7982207937422103,-11.931874574440993,27.046457164642447,57.44118883699031,15.504838328983418,-6.043184020895143,-1.967614139681062,21.92484521861582,40.378202050826054,10.84850258368224,-12.562652515094719,-14.812709063193896,8.926314751469523,38.76509123461309,-0.9691678467210751,-4.987241878318416,-11.668140199819954,16.363411603013557,51.40217460544613,5.792301057219795
2025-02-04,6.001315426681875,7.877862427301574,15.556828495774333,48.99875907993866,4.432546539092241,-2.933684634968181,-2.3217054965304795,11.258386769919726,54.5966196205951,0.5479018891457965,-3.6318085318870708,-7.240162720274457,2.534967730728499,59.22455770980846,-7.335741826670217,-1.1364923907165703,-8.475384477264502,26.575408714351532,59.917579072889005,14.390403694313193,-4.705546960027696,-0.7711343210460853,22.350355920287758,46.623434195967846,10.572083061168414,-11.595472264170548,-10.876527911903622,7.690066360239212,44.31460570996283,-2.676907861183919,-5.366164373105253,-7.925566241341997,16.727788865056414,52.46575577992409,5.490782342655831
2025-02-05,6.10190528954393,11.583821013916928,17.51443081562325,49.19963196523151,5.891574077041994,-1.7030068558681277,0.500975624743738,12.207204171714237,55.984040654229254,1.1092628374216318,-4.017365692211539,-8.394251032007215,2.118387159077484,50.414304600479255,-7.9817118337615955,-0.23798046609804224,-4.814119323356203,26.334813057709884,59.595360784815384,13.839569511246719,-3.400435344898245,1.322561956801671,24.730852189443155,48.71399310086163,12.394249647806088,-8.826242269985517,-4.912839386459799,9.164271903269384,48.6212536627582,-1.6327058338218459,-4.308321817971539,-5.542678693600378,13.812154900862605,48.6137772117711,2.5554746587788557
2025-02-06,6.422692014009868,11.383407524124433,17.762697967508267,50.19676810056419,8.454029606064783,-3.495967394375299,1.2740149337701068,10.870366145568022,56.28752049885364,2.1065089363381917,-4.612738287145035,-9.35383054940877,1.2744118036698282,45.93772445360763,-6.730923750384177,-2.2682847399305706,-4.980418608304138,23.096855641337232,55.67520029704775,13.366543536753417,-2.878037260742461,2.070719760986073,24.883969615050304,50.87829068699031,15.012393327558726,-12.011592916444492,-5.909582044508599,6.628212151394419,46.65887492406959,-1.800319820290075,-6.980518414894177,-8.37497399936441,9.941235274235138,44.524899598943065,1.2508221291690047
2025-02-07,2.0983799462410246,9.508525574730943,17.975120517676025,49.414816286598736,7.770703223279574,-4.125868142275213,0.07951388196092424,10.560588881970112,53.99547380100588,0.9975015096898465,-6.197791417177411,-11.567781275341439,0.9875503846028755,40.70534033935722,-7.747504100965319,-2.8086584205903486,-5.925391432098759,24.26906855830118,57.87776039060307,13.520247732431612,-3.6794796927096085,0.18174376522102076,26.36983372419719,51.93435115333639,15.439304379647867,-11.087411719316098,-5.944605919016277,9.178532613015001,53.70421140996979,-0.26501193675431134,-9.2329733161574,-9.936699424606111,9.628483929255506,44.744637156503245,0.14602023303451617
2025-02-10,2.0218056335461254,10.789163410891156,16.262043642310896,46.84213058776147,8.028288608503352,-3.728101855864707,-0.35030060089025206,8.661905069654562,52.17281038857535,0.9663968898484088,-5.71259415781128,-11.5822161617534,-0.3899483326970876,39.019143637517494,-7.444398251509643,-2.9390009842519715,-7.242741491538862,20.20840281092584,51.89131314895508,11.695164003637037,-3.823415322515622,-2.0285544812733924,20.776367891911107,45.55002276543802,12.222905420921926,-11.004111130911376,-6.80101457758453,4.8431588417817695,46.90085077966933,-2.5819031976372475,-10.661783282473259,-11.558141737374628,3.982711410858064,39.60180322758923,-3.381413170868508
2025-02-11,-0.1946429662945226,7.491682161782509,14.87290765537117,42.26290313426719,8.03010584627355,-4.184931331979813,-2.1414524507522126,6.9600434495285635,46.66367533546389,0.5885987481079713,-7.82247343140291,-13.454726355402702,-2.5745362036526442,32.9368689583316,-8.37802071122573,-5.172394554695325,-10.939315283354212,16.78954768320342,44.245927546089696,9.83257458587492,-5.734786900154154,-4.322693379554998,19.116893866320982,40.16997676770901,12.021284348993344,-11.766702187947232,-9.125056900328342,4.0869086874654625,43.11771433717278,-2.113387810702483,-10.814862995268438,-15.578381022254828,1.750866610679691,35.25403372520785,-4.310275466524926
2025-02-12,-2.0129014482739183,6.7079502738951025,11.815021467851805,40.659676037127255,6.034137338914758,-4.62114681673389,-2.1718950984923824,7.631993812668547,47.4504818184752,2.067373991203869,-7.0965922524172775,-12.858194618487484,-2.5026097938316005,32.651816243335816,-7.54326630184533,-5.571136471871463,-11.359253801064407,15.6185300624339,42.17827389160162,9.641002922745233,-5.380351628495028,-4.789552395946018,17.63817940460013,38.89264843015216,11.556235535612647,-10.284547504407971,-9.200819320521624,2.353856226596096,44.918985254882315,-2.937881638570383,-13.128755435568461,-18.958191063325934,-1.9680023803853142,31.978627333591064,-7.036298318871204
2025-02-13,-3.036877827328366,5.626249700151864,11.17643225265963,37.91193006722131,5.095643433124186,-3.5145162444296663,-0.947185354748481,7.712511297728031,46.29391058842146,1.821181443440123,-6.305166872118884,-13.303358362163243,-2.529595887676672,30.47107143515173,-7.860734255337675,-3.9743644732708194,-10.9144615359697,13.912608480664312,41.38806832933913,7.682164653512524,-3.2706441646470408,-3.4449972667902284,17.133106057127968,43.98164329203106,10.726517292964743,-8.174812916506035,-6.930784392095957,2.796700311975453,47.15163912834494,-2.8257595320464235,-12.583293171850018,-17.697690447680202,-1.924077147022607,33.880796386426624,-7.288334328748625
2025-02-14,-2.4979090206398435,3.976462954223692,8.01344860455766,37.8828550253363,3.3034295505321776,-1.97431600941399,-1.2625892671349948,7.460251033505183,43.7911189032298,2.7743546339635827,-6.194940645503855,-13.321441858903283,-2.692331600339426,29.58724133411613,-6.935515927720082,-3.0568519555358886,-12.051723429374139,10.8795595544243,38.04529446761854,6.0445612745781085,-4.574883028151877,-5.456615863250813,12.56757690408563,36.84567378052695,7.658971180137386,-7.347158174668289,-7.426249891929205,-0.616028889630682,43.0363287222932,-4.94975217725846,-11.288342255851557,-18.73625642699016,-4.017314608134925,31.809908949107367,-8.202721915212996
2025-02-17,-3.108341293421024,0.4769020658907941,8.752041672458644,36.264009924694506,3.8779873210589955,-1.8347161929835543,-2.4902558132233854,7.508753969466486,45.726002468634086,2.6904213474764127,-5.087059712944431,-14.89720797903975,-3.3367076062920997,28.605698506884266,-7.6689677980700255,-4.201053440507108,-14.241708831702017,10.289737375458085,36.68259152457455,5.346766502427469,-3.1077602059580767,-4.661524890869206,13.526370767673246,41.25542192039903,8.43834030011359,-6.552493427142858,-8.270971485429147,-0.3195760853020979,45.20576332407776,-4.787058225950814,-12.186495900148175,-20.70281138289195,-5.735989936031915,31.840422357393365,-9.96071897437436
2025-02-18,0.13959332559565496,0.5516910030223698,9.544510273983198,40.746534562990796,3.6849389774527452,-2.534558512659413,-2.543364516625879,9.053809609104245,43.97172984469949,3.220486049899196,-6.807947629912836,-15.796846836655199,-2.17293906320688,26.34674534376228,-7.405740203633437,-5.315731700712234,-13.99300166297117,11.040486478663581,35.147928271845956,5.100894930937372,-2.668711281022207,-5.704914876707168,13.222778973326776,40.03947157233024,7.166455894003243,-8.236963192681301,-9.892550893817486,0.41049157553936233,45.39861113079523,-4.96049810559559,-12.622736908063137,-20.772231338944714,-5.022544445306043,32.00429695863811,-10.102919271884259
2025-02-19,-1.973973897547232,-1.5600362955158542,8.554546841117538,36.88868488265262,3.1090431776911176,-2.0866511362626294,-2.427107202847756,8.624059432764298,49.80648644384989,3.1750687567392966,-7.127003987900149,-15.87412733122232,-2.7969805318036056,25.780110343304926,-7.673048960193752,-6.636912645283499,-14.47392003676471,11.407592923094612,35.032177544952134,5.818969755755843,-4.358749435093568,-6.946601562063536,11.832672311189052,38.33943854067336,6.222725565681753,-6.290666158115032,-9.185033210751781,3.256090894763508,49.10026340276063,-1.9236223240802097,-12.454721836519644,-19.613243518534308,-3.424852968996761,36.57002010189378,-8.26942495844084
2025-02-20,-2.5906531679900313,-1.6956649124452272,7.54763202997526,36.48709978197895,1.459425514630075,-2.061322037163149,-2.6654539196598215,9.919958962061838,47.22263796619376,3.6974564514274944,-6.026531698526549,-17.0459249485157,-1.7931986341708672,25.665488514675488,-7.3526263653179935,-4.627169312600154,-13.725266434287276,13.673303439109663,40.75883164202049,7.238326363780789,-4.389812496367107,-7.937630867435097,11.335030197273511,37.94118592737208,5.0324213583892385,-2.2300270942477884,-7.9991992736539235,7.863548819999577,54.36770894908315,1.7574584459117304,-12.293649633917347,-17.635165933574847,0.6412156160665816,39.54224462740512,-5.056022835963869
2025-02-21,-6.432992356092814,-2.3168790580699206,6.126454772406031,34.27207356735322,1.2258343907797453,-4.212735765387576,-3.931494577332073,7.645312996035414,43.57101473666774,2.6745560251535627,-8.529851927024012,-17.934478896555596,-2.4964460922732967,24.455724300484803,-6.998885230430996,-8.695722836863506,-15.873124291701723,10.66661963017661,33.87400690456654,5.5563472396741975,-7.177837836395695,-9.582363496041923,8.700573691666191,33.556113460955444,3.681087757925594,-2.673464253333524,-7.6831502982174005,11.267342823303439,56.909597196941625,6.129330729912974,-16.074534161490682,-19.06655426534246,-0.6937940080761096,37.36725107261466,-5.27947453560974
2025-02-24,-9.563787149235292,-3.9991626582065454,4.424051615934732,28.0152111838878,1.1214134297759415,-6.810421455250681,-4.479374625113975,5.976366780755615,40.433535331329075,2.624633244809571,-8.843371142380407,-17.54231317788808,-2.8849877133066637,27.34942935874426,-5.956461603315811,-9.124254641960494,-16.62701338319095,9.314769730168383,34.84468604692482,5.857451926126056,-8.059464624625157,-9.491142864053948,9.714354536595016,33.639696879846255,6.244398992301359,-5.180684400681079,-9.33965012983693,6.958907065469799,50.3928892896272,3.57609855193457,-18.55614735886607,-17.724187751602926,-2.7119599983667197,36.02615227697807,-5.788906266911098
2025-02-25,-11.238611224895124,-6.074587421984424,2.9783246820866083,26.517995426572142,0.06995213885228058,-6.865386964352438,-4.965482437107804,5.169861692465827,40.02256528103651,2.1995945118100435,-9.31027207341163,-17.60125450750425,-1.6278657133861008,29.930264866148605,-4.4061476019466195,-7.475973217336518,-16.49406242513376,8.412453583014923,37.19166512948181,5.3506072739114785,-7.798101742233654,-10.223028239887066,9.05578635277029,32.128775559700756,5.97577067288424,-6.989693343369807,-12.615439292864107,4.839709919980417,46.43025991673374,1.878767073869425,-19.67643154022093,-20.207526600959213,-4.917184126928409,33.92080328993981,-7.6025672099448105
2025-02-27,-11.522491284998114,-6.623474559000697,1.220461669268147,25.6533288381776,-1.0439243591866654,-6.802825040157179,-4.9434692123930475,5.085602603624806,41.99512867953353,2.7347501534067398,-10.293980837305305,-17.348048219289826,-2.7344756444933505,27.4357767162803,-4.910386431391201,-9.27825642023098,-17.661965013209947,4.464967601005498,33.34776739858091,2.127999272688541,-7.4551260204346,-11.12125478463637,7.050306100798509,31.607725405305132,4.655501597055989,-7.260759100845526,-11.639767780472287,4.492595084284368,47.842225846492525,2.1550087061570355,-21.031324391991834,-22.035449896902847,-8.309735539449614,30.86572704258508,-10.360923119172282
2025-02-28,-13.150136363636367,-11.973510282811173,-1.8706391376065779,19.58777901478547,-1.5501897496980943,-6.862586029632112,-5.4730964881072985,2.655316409971209,38.02666070095983,2.990545672854683,-12.159991346228116,-19.17383352719163,-5.9267851343200455,20.976523533960446,-5.619581420188413,-11.394570486736733,-20.791829408842233,0.7091865795841201,25.960648342686625,1.0380605976412216,-8.813727731209664,-13.813501456490208,4.320012636234405,27.692593332829617,4.660678099680804,-8.316922668677995,-12.698621632849294,3.311423135072822,44.32623293723019,3.6487949676888842,-22.182665098509258,-22.997484847235395,-10.045093076204903,29.003843684081787,-9.75133803072451
2025-03-03,-12.821046513312284,-11.685857207554806,0.5575344797517978,23.14683797363655,0.2654447046626762,-7.5713288540483425,-5.939952825116935,2.3279637698394806,35.91657697322631,2.0307314234271123,-12.351732591719045,-19.594241456945905,-5.76279014545924,22.38313208665143,-6.0365212544591484,-12.112006504468397,-21.06904550928902,1.4101908073693714,26.78620199004358,1.1156243188618964,-10.613207257199498,-13.105355996749745,5.092665919273709,29.30506827897615,4.787402934150919,-7.944434307200576,-11.244994569470702,4.260662337924681,47.7963761519436,3.9578160761255976,-20.80086331703136,-21.89946716220095,-10.699086796680712,32.83362896928419,-10.958479429841017
2025-03-04,-14.398353000780762,-12.879492429802342,-2.237597422807047,21.9542752123198,-1.6408276932240007,-7.414843465140375,-6.0481797457693105,2.824816847964229,38.020824895019494,3.4524890054312474,-12.764386967557018,-19.878765773730468,-7.157307117095546,21.286641523678313,-6.5905687057543965,-14.112105483781134,-22.55624689096819,-1.5334112058863036,24.76407742844941,-0.9323429217754642,-11.712808436589949,-14.630923419742114,4.487221331833124,28.690358919517394,5.1250412828091285,-8.603941961375018,-11.243720262619284,3.4494522644168857,48.90776254954426,4.080937375521865,-23.064113625727668,-23.224797678369647,-11.092180696532782,33.142793968970295,-10.54946188147856
2025-03-05,-12.987441509964903,-11.409498885359548,0.0700535931035251,30.979126760544247,-0.4881555280104366,-7.981290296181376,-5.734112210744935,3.5849956875143585,41.8646566344704,3.007179574429908,-11.11143462391242,-19.345345285566186,-5.628956733578406,31.65843701274754,-6.155375729360624,-12.443586088215264,-20.231557613306073,0.8505766787701319,35.11166084643126,0.28801365666368817,-10.331148140677705,-12.444392634771662,5.661369818516371,36.1551066919481,5.071971309528722,-6.0678632384750575,-6.682498608155985,7.9208498687521445,58.99500033317165,7.318847565445097,-21.529489194878792,-21.253214523962384,-9.926531940901363,40.11852630580292,-10.42897827360143
2025-03-06,-13.206025628992535,-10.982163701455605,1.4539148785060574,31.75910780764619,-0.448054989692348,-8.70934737113208,-5.922723071609781,4.403935930673186,43.970793729151396,2.4466616303245647,-9.394129133952788,-18.2646487105374,-4.468189628520324,38.7014955231583,-6.259137025657124,-11.127462607064109,-19.493064418881055,1.537121759682103,37.95039924467894,-0.3664079988469293,-8.917449332674243,-11.258005170358576,7.7382656092264135,42.44046762644872,5.7184821924297635,-3.699301559033996,-3.955802256949137,11.501870864302077,63.654136834795786,9.411530645439004,-23.3022322156597,-20.97283287542371,-10.13759217347835,39.785627993362155,-11.822254536428833
2025-03-07,-15.59140984851668,-10.906940510123553,-0.13150370343475437,30.127508183607077,-1.6997762663240046,-9.525583113117285,-5.647346073219484,4.0985814747125815,42.40697939802855,2.4638822931239313,-9.918199251084857,-18.59202820510275,-4.446338275171769,38.71818724523108,-5.946853367755612,-11.486864105534789,-18.988599173872387,1.0637992028740273,38.834632227360245,-0.5232436511662941,-9.282208272640712,-12.103395223064272,6.893033100533041,41.76777393452209,5.214451593930902,-3.833450317793752,-2.815302480812154,11.578586579071782,64.47147873938673,9.826426063724746,-24.021591262062458,-22.41493884534612,-12.14013301019483,37.44335442017219,-13.519829550032991
2025-03-10,-15.814572665069148,-11.72538684972012,-0.25794130505342183,29.2504752346057,-2.5189844068745915,-9.891139365439782,-6.326125905842261,4.903172259434063,39.172394792164525,2.5251323723511243,-9.93674226914033,-18.357812960108298,-3.3785479448913303,40.06104373347212,-5.5688503159834095,-13.38654320697823,-19.672695290192365,1.8674879391423982,35.996309116247616,-0.4417363130768681,-9.709041637415172,-12.524014800657547,6.936763771543597,39.925891232314214,4.512624594747372,-5.819323552415012,-3.9363112025669555,12.737644749497079,61.48930004491377,10.18200596169121,-25.53310419716577,-23.249671319854347,-12.07256600252543,33.80229841672707,-14.065784517383461
2025-03-11,-16.577218142175234,-11.434816094354815,-0.8491343895285386,28.031045902365804,-3.119238321823903,-10.398866796017437,-5.383692854793843,3.7576258051401856,35.412229602913,1.38204801370434,-7.9863696435443,-17.76672065177355,-3.821400269626962,39.612810427223856,-6.023452829695808,-13.006913924506936,-18.977833114420683,1.3239501226133044,35.23892088639322,-0.9959075628726888,-8.861854734689523,-11.76606201901117,6.993310011405396,41.64553379614782,4.543649765972946,-5.9009565618307285,-2.8801032041511965,12.31270167974694,62.63144898105259,9.74125155513017,-23.047637346101467,-19.70738961246785,-8.989069977841535,44.01406629460365,-11.072806401654855
2025-03-12,-19.666262672913014,-13.37912533615524,-3.213031005791378,23.354998766793898,-3.780516516349086,-10.304755265261289,-5.9884273129231165,1.6278293257431464,38.938395756244276,1.0319606751271637,-8.089474219555015,-19.40345354838421,-4.182373866830414,39.689526127598704,-4.744175884722535,-12.552468499177817,-18.480112104215497,-0.42281628359234213,37.285891934209175,-1.0066615008610613,-8.377424008750555,-11.236278854438996,8.50958252853735,43.75470277032331,7.873364487188272,-6.5543735090579425,-2.689308663726786,7.867452088536275,60.85324988500606,7.234999013942267,-25.38563592169486,-20.8420367632405,-11.127465980769314,40.821996502019836,-11.648547236506113
2025-03-13,-20.347916266498068,-15.29328569472237,-3.1952489529278427,22.652206710113248,-3.1589409433767757,-9.98467536218779,-6.264400650661994,1.27338077739938,39.00474140312417,1.3113648105874232,-8.609875339080853,-19.672848507963746,-4.320222051114175,38.972572109063194,-4.284335978849785,-13.82617651097714,-19.573918092775934,-1.3730599909167474,34.608583852244024,-1.336068543274882,-8.5898058233297,-12.34045044021389,7.524448314942633,43.076886038085405,7.564776900618075,-7.444390829694769,-4.134354826375441,5.513919239124254,57.70804216199486,5.553493747049365,-26.883534311256717,-22.969913413808662,-13.725805824298387,37.615136618343364,-13.69344745105473
2025-03-17,-20.92801801630856,-14.917845907792259,-1.5891581224512064,22.84753947476395,-2.2556836274553516,-9.136838050323814,-5.20653119486375,1.624910021857473,44.12609258658575,0.9366159967173937,-7.789506493000509,-20.06387447147717,-3.5039039128242355,37.96785609452682,-4.157461061085021,-12.33775689334571,-17.826237444370342,-1.7993714475625922,38.484147962165814,-2.4644732014839743,-6.861896276047541,-10.837242810382342,8.862156420064672,50.17226647807854,8.124845343364328,-6.967999789645285,-2.0264304219515306,6.562218264203357,59.68697465149805,5.8404844085852226,-26.86149530283821,-22.35913343099909,-14.322567151794551,36.974815198267116,-14.902850717173099
2025-03-18,-20.38544619180165,-15.138891881171057,-1.0335962322779668,29.16643241806173,-2.5949598710804045,-7.967521375870579,-4.747507381693339,2.8126558028240156,56.874584852837806,1.1906109849077806,-7.7271758770747105,-19.90163718797363,-2.60692640956276,47.59252252320622,-4.143468084172087,-10.676564824656154,-17.6295061434514,0.25328207202217623,47.35268995027191,-1.3283842646191535,-5.036923855066078,-10.193511062687378,9.93365089472309,56.39893612468613,8.199260246451345,-4.299573249844835,-2.7704615281122336,9.394921896527286,64.64676095225096,7.669030616090788,-24.215478476677767,-20.604419565478228,-10.410196691673013,45.265247673589016,-11.823628482338
2025-03-19,-20.65576699264382,-16.52485013440509,-2.3622664061369814,27.19698350848934,-4.127042719006324,-7.238992460792315,-4.304068375929527,3.9025180947356963,60.77011560102272,2.0245074524178897,-7.960001055497468,-19.79425887620476,-4.084451960232949,44.50999314922713,-5.8181002229072964,-10.386498812551226,-17.43300347383091,0.9121078990862674,48.716014345961945,-0.9118518667436182,-4.987072220922418,-9.856059586104182,10.167451565671781,58.14139380870236,8.176203901310819,-2.1309961788933185,-2.370172577985663,9.284699128381234,67.29676620921005,7.309406981770583,-24.43123790850287,-19.769377307608494,-7.7632323419599025,51.54389631796766,-9.4303876183783
2025-03-20,-19.238890341581573,-15.399289871816146,-0.8425700482785681,32.79168860566047,-4.511163790391548,-5.2464458609896125,-4.007997479778236,5.778838273248521,64.01910703846954,1.8652678597539163,-6.392268167217741,-18.172827782249946,-2.2732644985294703,52.2281384749223,-5.888925881366691,-7.664041626987483,-16.285933203733205,2.961268211776713,53.38328610705459,-0.84805867805543,-3.3248747806837065,-8.990459579401888,11.137085577407202,61.25654317946476,7.025272505361424,0.6432815056752972,-1.8413884864923347,12.160707928067138,69.55080607778358,8.011023215421687,-23.550461428194293,-19.37340154925745,-5.752574494636242,53.785437761164516,-9.239509518946388
2025-03-21,-19.382079977870205,-15.460553308188418,-1.4008320348966041,33.11116316639604,-5.685499090124457,-2.9651195241136574,-3.056407291635943,7.002928051813684,68.19760766494383,2.353072174745985,-6.16590331450646,-18.087866282368957,-1.2119650054963849,53.55142180674924,-5.5048393545116925,-6.3905770989081905,-15.98832396846901,3.937303229313649,55.30199283361858,-0.5793346708507952,-3.086104655997124,-7.5170042770769445,14.068481920094822,65.32371752904899,9.111589518164376,1.4735488627928506,-1.966314750580067,13.506362729188947,67.16327257295448,8.573897445946166,-22.442468440753704,-19.081782075515985,-1.1627934620434655,55.81629493222576,-5.457804580532965
2025-03-24,-17.211180650445,-11.57598227949298,0.7324156129262738,39.22849010931353,-6.338294225173247,0.25060251621951135,-1.981879283790955,10.054315991576779,74.79823855558026,2.3292740567430137,-5.208792563267828,-17.615556505223573,-0.8038857413388945,56.07390992585914,-7.7667579877973125,-4.9074858488621365,-14.980943662967515,7.86915894312441,57.86831599965053,0.29749972373807054,-4.082976769000091,-5.4464190134076995,16.824971980231986,67.2109324130973,8.624677430655758,3.18194323227472,-0.5123241517754895,21.124169360309676,68.52813311094435,12.622101275111518,-20.602763452795713,-17.654522941759698,5.9830625779832225,58.89171014185431,-1.4562058906853914
2025-03-25,-13.854253520337402,-10.105238611691448,0.07244470182288243,44.44085729008118,-6.362660736064852,1.6721106972989341,-2.695544861818999,10.29708319937499,73.36699668256892,3.2044878101616936,-4.441482793954254,-18.229094305241645,-1.873644835540611,54.75698254124533,-8.183608018716592,-3.730736893821962,-16.095827751168756,5.963413770306003,54.18084846487915,-0.850507306591819,-4.263425567360047,-6.05164103586665,13.998975743942177,61.533632173489835,6.6683321196227885,3.6269298003006822,-1.278750888424629,17.08921418643874,62.406550940562134,9.559854419379633,-18.573716433685973,-19.251635902055074,3.8061481424664922,54.91560436523758,-2.869051113314214
2025-03-26,-14.811536624855236,-11.533630140371553,-0.43732517904093715,41.54103468310654,-6.641221275106202,-0.21162634104739952,-4.80395153342964,9.904469198337695,67.63478347983438,3.05616074714532,-5.605322766183363,-19.55691670080467,-2.1548140318000897,52.87457171704232,-8.25169088186951,-3.6127238698451802,-17.623902897807532,7.678669294782647,54.26202657579395,0.9690536956768581,-5.367040786924515,-7.149022030297436,14.115220549245056,57.38106279554811,7.004534013952668,2.3202172394015674,-3.260206668679122,16.59757017394494,60.821625312533456,9.33220479767687,-20.787433788503385,-22.65341261107363,2.6380729669150726,51.63255298276079,-3.7574556921147084
2025-03-27,-14.015919510793129,-10.57256042007345,1.7953941557133035,43.79841944096122,-4.833272802734845,0.6692006372845727,-4.675929719585148,10.73506532935573,69.95908361673641,3.524268860829083,-5.60371793231127,-19.649440690104214,-1.170979702776942,56.14983242161144,-7.606483654732877,-5.152181635440101,-19.72979442036116,5.233879525543816,50.1069471352702,-1.6186931856856046,-5.690658577195096,-8.036135208078932,13.079382664515848,55.48674540689532,5.715929988028345,3.8808770013629035,-3.120618697043498,14.541883936835621,62.625009576044455,7.0831967564600085,-19.651082782696562,-23.318388396583746,3.536958267700685,54.644313024722834,-3.205115083845056
2025-03-28,-15.523229100465485,-12.683001661388083,2.991792595339504,38.75519676877777,-4.460869785226873,0.7702696069581405,-4.453978666125458,11.16756069661491,69.79722387775978,3.1232857435786965,-4.742790747538129,-18.552385183943287,1.609571260444076,59.44933368604055,-5.743071218685425,-6.909392931333647,-20.894707859600803,4.625114393128915,46.36469791457663,-2.945737948122673,-6.934939090154069,-8.84472899089751,14.842174930783504,52.48002913015356,6.531998602735012,3.262258311802624,-6.60373857087686,14.752131454608651,59.432198125493564,6.448470826603758,-20.974705240847648,-24.177244462884108,2.665216505136714,51.001216568654634,-4.763814270614198
2025-04-01,-17.70471731608825,-14.252062673972443,0.6482717234075563,33.13610217039694,-5.1154203927566755,-0.9428737410352106,-6.051845982627324,9.752783286196642,59.808219562431894,3.4677150885813246,-5.921772368310318,-18.955474853124453,0.20427033504109016,52.78418437911736,-5.533995737954466,-8.068733208564948,-21.024345828216873,4.061464943584969,45.37096150661799,-1.8976860167027265,-9.7205965055994,-10.655078578648547,13.127541142535648,45.43890749603196,6.649215128194008,3.3959361912439645,-7.776302407898195,14.705055672908385,55.97741821493098,8.136392210082487,-23.008354470273396,-27.014116907745134,-1.1386109280255519,44.155963117876276,-6.79997598706078
2025-04-02,-17.483956875071016,-13.940401308602922,0.712522936212534,36.45463648813395,-4.986896832998033,0.7758183439559252,-5.5674137164343,9.988566966666657,63.75223385297625,3.764206830698291,-5.149910551105918,-18.825394129934725,0.6829044942890494,58.89432911493343,-5.014839138444039,-5.970596732840683,-22.139020377778785,3.423145176386755,48.777555992834614,-2.429671345601969,-9.845901527202605,-9.883706620568544,12.755212132990245,49.08173068634764,6.374284852285372,5.461189412652612,-9.069473075609979,12.75713023113223,58.16531593092685,6.376094403385202,-18.978997564148393,-24.454168874175764,-0.5527111781546079,51.976531273326174,-6.180530116466809
2025-04-03,-19.799229833006095,-17.856031734044954,-1.2252573480028839,28.718881777298847,-6.125099188158312,1.4493697529172067,-4.155248951480961,10.100774185804596,65.49840048372857,4.639090707774285,-5.269220003699959,-18.283271742615103,0.05774128779560961,59.86387788169366,-4.905745267878803,-7.313655075764213,-23.348695707287924,0.5587635281679049,44.5571907364575,-4.429576848132244,-8.494267824536305,-8.909987469459457,13.860579657400706,57.10102566130294,8.21238643339739,4.1069837102983175,-10.526491463834697,10.753561850501182,54.69594061292393,5.2594960424709125,-18.867296279682833,-23.61782514788111,-2.367068291255714,51.753887873830784,-7.210269203952501
2025-04-04,-24.441652880100563,-20.10831049741847,-4.16840089856112,24.204015023313943,-7.932930683496286,-0.1993032938180983,-2.784928678520915,10.520341290788803,64.23320839199675,6.1787971599226,-6.659549741239868,-17.866325194462142,0.2663552398052049,60.09695371463044,-3.6723840097360294,-14.25308308340708,-23.805828994894174,-2.115904679059122,36.605141369937435,-5.961062182035426,-12.708994629142667,-11.68839797804928,9.306762579230554,43.549861221788944,5.012891170606926,-3.541064245900738,-17.492040206413606,3.103097509425856,36.30435154606178,-0.9470768081545566,-21.737272981899146,-25.10919128362432,-7.335062319147623,44.352505270276595,-10.975196900951678
2025-04-07,-25.2884112797243,-23.014129488537982,-5.973779011291624,21.71709588278061,-6.134788220528797,-2.213621817842504,-5.78675255860821,6.570674305177926,47.19550879682937,6.388184146397546,-7.914370449002883,-18.679736474246123,-0.5647782773791965,52.07939230164894,-0.7350497851727922,-17.45240249427202,-26.835202483989374,-6.292612794076657,29.01010891088923,-6.4530760367238145,-14.047757216240031,-14.169697532678605,6.538115043559856,37.315613680925544,6.3556806388118,-10.121479251172527,-23.24769320255503,-3.78420579237424,26.926769943197485,-3.9489643967145827,-25.729592351023346,-29.23371204048347,-13.346356437953533,35.92316792170196,-13.494740946878125
2025-04-08,-23.882057412544867,-20.3967253147581,-4.738790090717115,27.218252510723815,-5.622038591782907,1.1798405512599697,-2.573428666211941,7.186052136714016,52.56482035163366,6.192238180592025,-4.256676441980467,-15.816242518936384,0.6507061945935089,61.91038714395986,-0.2825129558061801,-14.240782121696904,-23.43519836930794,-5.98040646951068,35.03259179076295,-6.852142878650347,-11.680945082542692,-12.083695666828454,7.273842181634449,43.242907689503916,6.2792142485993185,-5.793860828380937,-21.55982178575825,-3.531464549228047,30.958229392199854,-4.425907202413404,-21.407041746165756,-24.17540282039442,-11.68600423549343,40.88192024720394,-12.504839146958592
2025-04-09,-25.033518794389664,-22.41610591261557,-7.206761775806081,24.843446338992194,-6.946393919288063,0.07569397163811331,-2.3743755353706097,5.5947800465548925,50.273985117016196,5.8910676539965845,-2.564901804072328,-12.804187881229634,2.552650398800438,68.29032255857412,2.8404021173045857,-14.23083657057591,-22.316721692935793,-5.821066433055488,35.07396329591877,-5.556810464288309,-14.001088705995402,-13.502658804788636,4.00043927237379,39.06512411834591,4.292253330903106,-8.329486083908478,-22.403395083216683,-8.352507725355418,29.23784347058198,-8.095354708870007,-23.50749863073269,-24.374883614397913,-16.980533298803667,38.36718374421331,-16.747589595060553
2025-04-11,-24.965251816233803,-22.397765386507697,-5.900737500268038,26.953370020541556,-7.447517608711307,2.342328868839405,1.036974144053704,7.270732321499951,56.07536015659711,5.507442891112424,-2.1529781250389957,-11.561860368145338,3.039269991181204,70.88419476056342,1.3455362787482494,-12.073093038938476,-20.376135762398096,-4.930079042182822,42.258844755998744,-6.492814591244578,-11.07812865105945,-10.949265400011598,6.6548865867837925,45.8744358336029,4.901720274335997,-3.938521767482528,-17.377583463384603,-6.012643506381865,39.13255936161273,-7.55758413192511,-22.42022342522705,-22.545703523567884,-16.769363803229375,40.92015020677518,-18.137488154709914
2025-04-15,-22.84247513059118,-21.49746761030311,-5.056288726851377,31.87830524785548,-8.694329571748948,5.809690223923569,2.6626291135022795,9.984934145944546,64.20184367211286,5.770545669016758,-2.7804776370801143,-11.732206271843548,3.7690261876920594,71.69984310419278,-0.20718193229574133,-8.834938421566674,-19.019215755843334,-1.4342165459034883,52.02733903548516,-5.211047484012676,-8.552964277902475,-10.278682081874225,9.184690510099468,51.308194375188314,5.000965665275725,0.3690981675085192,-13.932385776902322,-3.007071291240726,45.78835314399596,-6.723633784711536,-15.741396011453935,-18.952372486621982,-9.74211796122445,50.84801050327778,-13.200607807764476
2025-04-16,-25.362310718568914,-21.883266565390546,-6.015799568541336,32.06473140932387,-9.715260974362483,8.9949279982225,4.13815750779305,10.521982856188439,67.65638500657806,6.17155152630251,-1.3517660319142255,-9.607463380757775,5.054871231533431,73.96129753429071,0.9196395667388613,-8.089188642460709,-20.016632049791593,-2.2910228782958897,50.82725999718144,-6.13710113617948,-6.7314192911333,-12.233116257405374,9.145533818990037,50.845540779216456,4.8492830861280645,2.3218052250131516,-13.733134661250412,-2.644386063137949,46.39058005438142,-6.476555031390296,-12.716703161251107,-20.0798489834649,-9.053543775774065,52.025696507083055,-12.633431706438515
2025-04-17,-24.152197710002955,-20.70966398888956,-5.321017587263066,32.81804682034833,-10.632006696882279,13.007465914708716,5.354652965340123,11.954596265041516,72.23833651039553,5.67453677999723,0.4502837874158061,-8.672933279526351,5.096340518461262,75.505174044544,-0.7990071683268152,-4.508708421293662,-19.433440980926175,-1.0545892862358075,53.598001831607135,-6.604902411241542,-3.545574641435678,-9.347291710682581,10.260558694205614,53.831942468856724,4.075525738394314,6.604537542606059,-13.856271304726853,-2.558323146599051,46.94264167612296,-8.024284771909318,-6.204220245733905,-19.349143935096823,-9.880034594941344,52.88967302458511,-14.93528701346689
2025-04-21,-20.728982470170763,-19.37052792048377,-2.6497083136242883,39.93638044242681,-8.538005514853342,13.493672213323293,8.075070215064617,13.838134296165894,75.47520277672476,6.952558958305244,0.9042339126620114,-9.5843764596086,4.010203463418738,68.28665387398087,-2.2809229353183413,-4.410495955612593,-17.440214238974892,-1.0963828870171,58.80775459692436,-7.078634010762963,-3.8409900709836187,-9.461350035513993,11.094322580238657,56.36840156036986,4.374708520641479,4.668884185061994,-12.878675185587374,-1.6049573815403173,51.343911074633915,-7.556447038413882,-4.855762610476688,-16.961368839223447,-9.066037823105766,56.60820829570016,-14.566239062439202
2025-04-22,-21.797066256732233,-20.83304480993171,-3.2449310792473374,38.80995622895999,-9.348360413147038,14.144122380349721,7.3919916026429,14.193659473599274,76.47329663986363,6.990182294048353,2.9594124421743473,-8.302563694358266,6.646452203689179,73.60073364624301,-0.08093781315279269,-3.5620996191566445,-17.230686842412524,-0.43478735655093637,59.644855816718525,-6.715484029732122,-2.4332396861090566,-9.467690957559116,11.759538262505576,57.34723015689207,4.709608457451653,4.6920920368225705,-12.473498233215551,-2.5285615752361768,51.733680627668974,-8.67718038286024,-3.8931396575350163,-16.30018249070546,-7.3589436502959575,60.3186069405736,-13.202855986417116
2025-04-23,-18.000485874808913,-17.122465756905914,0.34425945368734556,50.281313346815686,-6.152408448794777,12.361023442319908,6.673700114148651,13.031010552151944,73.85551804445944,5.712954270335424,4.087433811549612,-8.16161725316955,5.907067468577476,74.89596776373847,-0.9497577211751262,-1.910660096232708,-14.54943659339676,1.9981615787005413,64.8068546465813,-4.6055862196113795,-0.7795651764625378,-7.712570886258785,13.715275507401792,60.6363957973529,6.352917317376816,3.743764007213257,-10.497283055326555,-2.9145719373366186,53.43589827016373,-9.200250736775539,-3.268430849678783,-16.894494284681915,-6.676035256964408,62.27184130430882,-12.718182656121591
2025-04-24,-15.999871006630617,-16.39470286860889,0.8252874573574376,49.55119754490962,-6.357356221242139,13.722114396179608,6.564244556754817,13.666033247469844,72.23506738432081,5.568633916754107,1.9474599191964703,-8.79495491857487,5.933090080434655,67.71489213839143,-1.6134258681814617,-1.8583957570470822,-13.66879933131344,2.3625595801737287,63.8458893932334,-4.929597080473158,-0.39480009455017395,-6.36096544708934,16.956775247357303,63.04021009661125,8.624948345746809,2.717762935410417,-10.146076873732957,-2.2119692594399942,53.84953888318984,-9.178243282099674,-5.866380152881289,-18.507759417005797,-7.166106494168645,58.9224582122101,-13.779455140771368
2025-04-25,-15.71488656471589,-16.78298909487519,3.1878514945908654,51.355857926497855,-4.396272787804955,10.766289332469503,6.580871357073947,14.423973209379737,67.17768752536563,6.014013886300362,1.425060205939599,-7.856857985175891,6.313879736750461,63.87648133970682,-1.5000020835281958,-2.9874150173820335,-11.991018088086324,1.44923828280894,57.79487272216009,-6.007101008561455,-3.1549769053432986,-7.617825831039826,15.388087811916563,55.428782531784016,6.907267773528103,-0.5061864588376319,-10.762444427518659,-3.7074304535144487,48.52418115554465,-10.784763728062474,-9.097160017029292,-17.69861078457837,-8.778728653325551,52.89224543804679,-15.483330494246704
2025-04-28,-14.904809748306159,-15.730471022882453,5.68280829724821,50.748234102592114,-3.789698864748303,14.127600197842227,6.408777968696278,16.737987459638614,70.37344026099956,6.274588160310168,1.7936081286582528,-7.24385410735342,6.026058417482405,64.41436292245118,-3.477214762891756,0.22306216929710576,-11.110519103645123,2.9945026809846897,61.56429369127993,-6.237047653558236,0.11515483916746394,-6.200065326607107,17.183187846989824,59.934322421686254,6.679884575334638,1.8494952998041603,-10.90845669310574,-1.8306678315170855,51.87891559479638,-10.629730962380002,-3.850399765448298,-16.786025077038445,-7.064782724606767,55.305563395627416,-15.39470435922885
2025-04-29,-15.661402380342903,-13.57539545628118,7.2293961486785685,53.982687644641224,-3.0815831266935656,13.682778600236055,6.598099853929185,17.679834626012635,69.9768544621469,6.363960625606935,1.580056868079316,-6.313427698126661,6.907648768113894,62.74635661216383,-3.3723918776280892,0.11089514310489434,-11.693396221672192,3.616513277882971,60.68661498436705,-6.347057900986696,-1.6260478958586178,-6.253806333096312,17.00822039930907,56.58407001292045,5.756927573668014,1.6162497048493263,-10.405644276824999,-2.4602613182423405,49.48685468747615,-11.839501155407184,0.48552248613364934,-15.823369055433623,-6.807826320021437,54.74623553396129,-15.769012393556746
2025-04-30,-17.431362704504426,-13.200799876254287,7.2723164820653885,52.909591780683634,-2.3695017957389486,13.373702767087202,7.472128506465947,15.792190184696885,67.00085490967419,5.384591166021235,1.1895470780015405,-5.9259023441230685,6.389357537570328,62.39847692224522,-3.1730988883716615,-0.9349851366496686,-9.415787834106526,3.2332757841847304,60.79103746033804,-6.04550664520358,-2.5549115060879757,-4.624762513605796,18.29895613517978,57.639553914804154,7.666044728814758,0.7779885212289228,-7.908743780816896,-3.6726927299640777,48.745341054587875,-12.330754962107516,1.3906333076743937,-11.215236724035327,-4.361676050101215,58.112094339378075,-12.957811289456068
2025-05-02,-17.535686495539014,-14.992740213628487,7.015906133905303,53.675619771650574,-1.820361516127722,13.950501516012114,7.565236562969613,15.003585525334472,67.14042861347856,5.507777854054474,0.3262003793571999,-6.398583867219221,5.145474993572874,60.02424858147306,-3.5363517815097056,0.5207205553271921,-8.85351990316211,2.172132740191657,60.3864280621598,-6.264186157462359,-1.1199098750038994,-3.7565211435719337,16.00841720082604,55.442514182495636,6.429640913490364,0.943269040382777,-8.357490216777386,-4.62199699547835,46.85446861835507,-12.497326868582059,3.2804171285152117,-11.593043553202698,-5.524594270897731,56.93086714385202,-13.325396988236237
2025-05-05,-14.430214740805681,-14.590942622046644,6.752868319444327,54.49336286828582,-2.382017180823215,14.261732448565766,6.575346494770229,14.486107373232304,65.08181397994404,4.689485524193637,2.3029570272844024,-2.5013301353895234,5.622635239156737,65.09078666186147,-3.4155357658510854,3.316955391963816,-6.68308506211056,3.581672284846804,65.10036496787194,-5.281852706509005,2.2705353626026437,-3.5224748512709625,17.937851194908937,57.237815314883676,7.845862250974833,5.010508140902692,-7.260510279419375,-3.373984440086586,49.5708928582301,-11.642311112542924,5.0615677522773295,-9.991378246112637,-7.297329265598251,58.16607505016504,-15.229933757252168
2025-05-06,-14.230886992688085,-14.676072524430062,7.256170300444098,53.25035055842215,-1.4423653409126325,11.059740298774233,6.85986256908484,12.621964426528876,58.67097375040147,3.4882598683705357,2.599925217388477,-3.43770688864935,5.471466068696973,64.41207835921898,-3.082329057259603,2.12650925565685,-4.461060354812818,3.839352619560432,65.51160877990475,-4.582077189153488,3.5474549390633436,-4.607848820358241,15.862040194053595,53.46175395278808,6.465563671675767,4.502019518440115,-5.793489727367163,-6.732961787760883,47.17430347857506,-14.296970961129462,-0.8459901056419583,-12.187612559705595,-11.40564581041289,49.7539978198444,-18.590697685586132
2025-05-07,-16.297986039100998,-14.891691321330159,7.050783480534606,53.72628212798274,-1.0348986477271893,11.074634590139286,6.538516142764039,12.611517935944839,60.846703884489244,4.105826446291538,2.587237650088614,-4.493298624969166,4.233803225087418,60.632027433265506,-3.6391087938245636,2.3365882895080237,-3.5483795250744965,4.239409557589213,69.32785714193356,-3.6339259147627256,1.4106512628326628,-6.102224813789936,13.689364554529536,52.35389878511198,5.1022619359003984,3.603466266920141,-7.224850811728601,-6.85944812067193,50.04741660573088,-13.894472725457419,-2.5731954488668385,-12.412045111206027,-10.193590456277013,52.00252642011876,-16.976783040599187
2025-05-08,-15.141896556391165,-14.34402123186963,6.939291482567844,54.52770700760618,-1.2279326944031,10.248427204391298,3.908489850642427,12.789342880151477,58.45278737242,4.175335481144193,0.8310992315242904,-5.376596724268234,3.1674502078700595,54.00126017323052,-4.711708910661338,0.7932679493076744,-3.876657512074444,2.5443697501853713,60.854103782811485,-5.287203137806729,-1.42205686750293,-6.576360684232352,11.163145133071485,47.25825817746995,2.6733345692251165,1.550051394620322,-9.748088441975645,-8.611949562865028,44.43741252506091,-15.591486126730135,-6.638636956227096,-15.775813908717462,-12.925029831047151,46.944728742785095,-19.575165545559734
2025-05-09,-15.898291688885502,-13.891754901631758,6.8515316892356015,53.053945717371676,0.778157880328112,8.082833562687819,3.450755199536748,8.439614221852555,51.58681964144504,2.27597480132955,-1.8679005279285232,-6.888659950451492,2.394257543480749,49.993323419568014,-3.425767608388508,-1.0486401381047838,-4.0951056147749405,2.4867838136216847,60.02175576709771,-3.338500473206374,-1.7111640501676129,-5.824367268989961,10.341204954624406,46.648801546843096,4.069480313711082,0.24821849459144563,-9.867865189022428,-9.151670311953609,44.204224502918265,-14.31543219152205,-10.593148984876066,-17.711402023375967,-14.134568096811373,42.74058423631924,-19.015105202522264
2025-05-12,-9.52799404160537,-5.25891809554081,15.305591201682267,70.12751966039828,4.5736008831491315,12.542637063110762,7.591011778240353,12.118411762919635,62.572507986919845,1.6830660261778263,-0.5540836516852221,-3.5498227496917334,5.27427202610129,61.61383734434181,-4.524060009667863,0.31486783019676334,-0.4858663040388844,4.094986241615661,67.903076775807,-5.593584563236719,-1.2119897168720306,-7.18193096886226,11.238967946597466,47.17319598233351,0.885475851332207,9.308229851643656,-4.423783235019362,-2.8504305919347384,58.834109209776386,-11.892561398179712,-8.118356915876944,-12.700716698255388,-10.341641347450548,53.6352446072483,-18.686532753034857
2025-05-13,-12.845478454615932,-7.6150607080620265,12.50250292409769,60.912681008308354,3.6676237146974655,9.535681618262926,6.322250156820286,11.597966508211567,59.00713928039344,2.834121007103585,-1.642174981413247,-5.214342862216837,3.38333459621476,54.488870971749016,-4.7354116510469275,-1.5627787875563959,-2.6815103162686538,1.907977214243295,63.81403674790952,-6.094908461727721,-1.7217267556104199,-6.3462570546295005,11.688183830457533,51.44220229825592,2.917253516799412,6.422976501305477,-5.9172702216081285,-4.794407308830461,56.27218834394985,-12.270951293396969,-9.283210982863821,-14.151222995526435,-10.934049653179246,52.25438487957468,-17.928444378028086
2025-05-14,-11.739215376425227,-6.35362589088635,15.027022214836405,63.67646551407164,4.809684693804939,8.855740625199559,7.001919899346376,12.014152501483299,57.88567188786958,2.0644347638339333,-0.056844004256551006,-4.071926064942999,3.828361037382866,54.618150866092186,-5.394249341881752,-0.6814190638377737,-0.9177778856716112,3.617795802522994,65.62642660066919,-5.586111005760386,-1.774241488899564,-5.114344899105417,12.267028136436387,53.34934462259986,2.294848583611664,7.416549334538525,-2.0642955477863656,-2.4169140716992277,61.23783844672297,-11.084784508361412,-6.00661352034545,-10.056151097498722,-8.481797365949317,55.15553885324938,-16.6109512606212
2025-05-15,-10.988015195721779,-5.271049556185714,15.28322743688253,65.96334297505777,3.2342396949408547,9.871561220665392,6.030487264699835,13.2125187452111,61.05206228161872,1.3799540181155256,1.5116783944822965,-3.1707896607435226,3.706175045547777,57.11655501039036,-7.132820874926371,2.1717810470625043,-0.14576587094329296,5.674402804531686,69.51208381380124,-5.370305192786673,-1.628422752926395,-4.459593400077222,12.74442158279674,55.97338157720619,0.960780685276097,10.1199760216095,-3.1071872177925175,0.22089615808373875,64.40020940467394,-10.253830965220468,-2.056061936837006,-8.893056569608637,-9.224625846537304,58.30177864688502,-18.71214102773806
2025-05-16,-11.531003712979192,-9.674588036251619,13.441733822782531,62.8518382115513,1.121279529876662,10.359182304095448,5.805907959335355,14.641183394614533,61.04579236088301,2.1904616672432375,3.5354442074405634,-2.881466667384691,2.324463726871029,59.79677836693029,-8.788588197762358,2.1023113361252177,-0.7653938288342377,8.316678984466863,70.69311030802646,-3.4471635417082203,-2.0102404368800064,-5.615753740939988,14.787509070600514,55.62777641025374,2.320895495122599,7.175217436949333,-4.707740181357489,2.5858617002305184,64.10779123640398,-8.555579615806764,-0.5611882255157519,-9.742347182557875,-4.415001977073619,60.849693848834406,-14.796107409300863
2025-05-19,-12.016818043054212,-10.237969113675538,12.427280327000933,58.29579102220449,0.5157051895569476,10.883534180488596,6.749683084857416,15.409054385433741,61.44484242774158,3.181562811724481,3.826429140383092,-2.1047533849545164,1.6906243738341153,58.681778812456656,-9.08341115810618,4.06681710173431,1.0082923228346363,7.0972618168337,71.49066702159023,-4.249602373381444,0.345241554148612,-3.4913737868480066,15.328749999352432,57.36987479512983,3.1097666073397257,10.186320543110927,-1.9387046205152303,1.190905593357483,64.29728193966801,-9.530185156996641,4.818603280048395,-6.3569290413857615,-2.8776566666450787,64.18324272152226,-13.167686691164393
2025-05-20,-11.162712556956823,-11.335628088411553,12.279909249805133,56.561044643167484,-0.12169599059981273,11.080114522738892,6.431488006477748,15.560707818488616,56.31473467901186,2.796729923937935,4.483750586726276,-3.6894630430536646,2.894545533596693,51.39224709693862,-8.470422105088415,4.240732932987368,-1.1510090610129642,3.9671563868573845,61.968847900366406,-7.516283883909381,0.9724953087131505,-4.818062125009703,16.375176513834553,51.58795276374678,3.5212384535887153,11.474941071911582,-1.6419832582099114,3.5605802877138437,62.12643768128629,-7.877952605451243,6.929314923866592,-4.634943986928697,-1.7723161634696116,61.34999424977918,-12.621816904601246
2025-05-21,-10.0469614873122,-11.857627502300494,13.981880584927907,58.32482949516946,1.311714524910279,11.309043314147393,6.165289002298713,16.140493889439057,57.69898680493116,3.2303775067283214,4.976178264388986,-2.473553069205392,2.0562959621177157,53.12346427102375,-9.2882283664388,5.7688422185214305,-0.12368432619080938,3.7344200051754095,63.657459790203134,-7.79664371179739,2.750913879607153,-2.7774465886078126,16.734515542444317,56.0738082841246,3.758368024361891,11.365559910058565,-0.08788400244134076,2.5697741596267365,63.394161996609256,-8.831828136035181,11.836544887219302,-2.846201578613461,0.35815862602606163,63.96872447270018,-10.797601646957911
2025-05-22,-10.32396340625754,-13.047315077999766,12.019938826738507,53.830407739757845,0.6145745354020127,11.307670185520525,7.395744035554208,15.05043333156102,56.396834482408146,3.3365177754014264,4.2826812115783985,-2.292515857531374,0.46503128101569313,46.14991282538221,-9.763864505767161,4.9927702831101595,0.819974921475386,4.439591867646264,59.6043013347269,-6.193975729024159,0.44173216324427944,-2.843359488623276,13.637203653836005,52.146331295906435,2.067176761342915,10.115947876053921,1.1141751459492255,0.9329571596921493,62.168291667178174,-9.343580726912815,10.42959256085949,-3.466086819552927,-1.3200971251146498,62.73085034194652,-11.36723919919268
2025-05-23,-9.458942208207644,-11.720575458171567,12.923703777957307,56.43793230492347,0.9498525715545325,12.828658735431642,10.60106446281095,15.751958922035625,59.73860337628789,3.4782140251502502,6.329679583935532,-0.25738095484368895,2.629676482047083,53.44858673467256,-8.252648791073835,6.551857863926869,3.2947253131536014,2.799802388989381,60.23264698889191,-8.100562163998648,2.992084661518901,-1.7196827400007275,13.644138222415304,50.49565032911928,1.593895837249315,12.972208969465647,4.67196208306222,-1.0436419354912907,64.00789910813006,-11.536467336629352,12.676644636654565,-0.042680652340609804,-1.9261998863190133,63.168177944539686,-12.325443362398936
2025-05-26,-8.00351772878053,-10.863082375711597,14.096819859840481,59.127469683268366,1.3158276199705554,12.816164718969713,10.746308276567774,16.533806924925454,60.96369522506393,3.479826245888029,7.752760824912652,2.2713135394031525,4.570995529746802,57.23048611416146,-7.142925016180623,8.251244489559761,3.7035518585393445,4.408204792516424,63.00800242177302,-7.287480125530921,2.0203111655437533,-1.1502354668536219,13.84715520737827,51.765078029863375,1.0941301097092238,13.166347170789528,5.751129710685876,-0.43138130541454656,66.20521957833796,-11.58494145225598,13.522940756151858,-0.3115277648242154,-2.1761658031088094,64.47822485000884,-13.134277232337709
2025-05-27,-9.557372042287081,-9.431120170164798,11.38454573626575,56.340570028568614,0.5164982966528564,12.763993742335188,9.905924339724104,15.37349603590583,58.54346270238574,4.116237500586761,7.749738593382305,0.41419281857686396,2.819429355237557,52.98071138684861,-7.21289989259647,8.148898286203089,2.3999930160323535,3.102440018477459,59.98456777431832,-6.95750323355867,2.6503157998664317,-0.0891247578895249,13.312164707713702,52.21725835850345,2.256035032017567,12.58964381893255,3.3156762987960997,-1.1743274153707794,64.18868933723135,-10.816976589022731,13.731146166235831,-0.6248371968528454,-3.512619139131401,64.910581853571,-12.927115787551912
2025-05-28,-8.45097955368761,-10.25813332075799,12.233888314594598,55.983926749097755,1.8669987822111933,11.795211736913625,9.462435680918091,15.174588308799608,59.0561469149382,4.536070372147183,6.385358402449959,-1.1967303334345147,1.1607297466765587,46.70437369435981,-8.183347394796881,7.464299899205518,0.33198819002975277,0.6501875106995403,57.14521500262292,-8.646731548295705,2.753606057877045,-1.7251661657089357,12.7054685669582,49.3819701732997,2.2950198168080194,10.530909466447946,3.577778950385335,-3.3317833720108436,61.49354691774738,-12.260893270313765,11.69691007496727,-2.2146293748573798,-5.235177259050716,64.39678921298452,-13.988473288121506
2025-05-29,-7.614654353415218,-10.008038237167005,13.104946674256102,58.281454877160705,2.608849595566931,12.590567668370722,10.269713485255515,15.604854467832151,60.12369490734573,4.876766873602456,6.292163310569077,-0.11356760439196201,1.2028529018496714,46.191709043960074,-8.188734291567833,6.7082957710826285,1.7707222551644808,0.8649574479473232,58.708233951187275,-8.49527317273937,3.8661083163946453,-0.6934190859686384,12.414088307385839,53.43668451978018,1.9821026287681232,9.72252012935586,7.275678201979741,-6.3068882379657465,64.72006008770018,-15.00157424043589,11.725506772304906,-2.009635582000857,-4.877077675391018,66.59360320067208,-13.70444956747251
2025-05-30,-7.948788972007548,-13.870436341129167,11.033341956273102,53.75128691805488,1.3752912363574676,13.818567344118883,9.023691849961434,16.67523014501342,61.81565147653365,6.526429157449298,6.113176107056351,-2.9381206899377843,-0.844601813858592,43.74399671140819,-9.469469335294834,8.461395178521602,-0.9701071311978837,0.006431116420868577,54.55356345684677,-8.692462090094654,5.182078424688474,-2.3677205975862092,10.99863515618862,50.184013487278044,1.3436033495979105,6.777817943128972,3.923151149929871,-7.320972241542889,57.40392591025907,-15.382503444630979,12.4156276596729,-5.654660811335388,-6.825993440143529,64.0896307977386,-14.93057955164897
2025-06-02,-6.045514456350709,-15.031121470904363,8.868234773039951,51.1764015410875,1.1647068945214611,14.90474551419485,7.079248072594924,14.629898431383804,63.08859784088569,6.518674619232967,6.592133903467001,-2.834204106199667,-0.2977677932521128,47.612111388924774,-7.3527083547152206,8.233619214708266,-1.6418918106515967,-2.1895833988490154,54.575391790298966,-9.110658886729228,4.926018671728971,-3.53045668514661,11.332797561809294,49.13548436782681,3.4548769580736938,8.379042792958602,2.764266629376344,-8.342833934910088,54.684715979635385,-14.828504760017214,15.949378820754045,-5.566358774914926,-5.740491363798073,68.49008324584088,-12.410304226183676
2025-06-03,-5.919563872151978,-16.492898327246586,8.841565345551183,48.78500850466362,1.810600276178742,14.383531700844232,6.530659626088542,13.534975833434238,58.91285418011465,6.2008250730827275,5.733569217529455,-4.110513749551547,0.02101446835227616,45.57222410629211,-6.44015922661908,7.413907343581805,-0.6163276011190377,-2.6065811006193207,53.463414905816826,-8.898016951383614,5.457260214910642,-2.7664042312201875,11.688063070425493,48.23242396743962,4.473219479919122,9.994026489041552,2.3057813414326,-8.119138574413952,54.416557634719055,-14.054473344510143,18.901590199643593,-4.493999796223314,-3.980852735613938,70.55701536599399,-10.1835131646834
2025-06-04,-5.157175150060045,-16.085431377840397,8.656655157705861,50.03930882667845,1.2080854644615613,14.22345133151146,6.453029782599651,12.976495744617944,59.64189518325485,5.231794777788834,6.676385425973264,-4.304861247706382,0.4886868219614371,46.20924795001517,-6.39995691633144,9.361224618144458,-0.7855902262317471,-2.2806355546673984,54.55540043886136,-8.979438268538509,5.793944526947592,-2.0931273595250266,11.823754731322978,48.67794801854792,4.158075815773898,10.109428008860167,2.1146476938178838,-6.983296569381925,56.44438236600058,-13.359725119784049,20.590601030588097,-4.771199458407538,-5.45841787364354,67.7234921328631,-11.939379047679854
2025-06-05,-0.5636686507593858,-13.639681818181815,9.52484222628518,51.79215834925147,1.282014828608391,15.340156136236182,7.424838694674962,13.468485476205426,60.46703912898125,4.928859927841112,9.752508865335674,-3.5933867149573806,0.6522295759341601,47.181830432055825,-6.922845984290205,13.696543485297163,0.7413106968817029,-2.1333898033740306,53.99170960084576,-9.49881996012163,9.239655884876473,-0.38842995932689695,12.637806064036017,55.15061101643634,4.1606973554875415,12.315600571828323,2.9743989274081173,-5.945459435252243,58.40109819124178,-13.02399365711615,24.464211705623164,-3.145267544534791,-1.6732697439665767,70.84801855596037,-9.073328485013498
2025-06-06,-0.8496672499213043,-13.5617775299128,11.186196791379821,53.716500351323745,0.9656452531037196,17.59164638956665,8.688396136522902,16.653240816581615,67.4437587732747,5.930143037548308,9.876711568047147,-3.6949660254124606,1.506976845977892,48.84601903528864,-7.823833257145907,15.206580588924968,1.2527520544187487,-0.406804630358093,59.98125195075776,-9.561694495391626,9.077553790564341,-2.4990730643115078,12.23025735274421,56.03161204718398,1.9137327972730933,13.108598971029583,4.122760629981181,-4.417652231148361,64.02893911447933,-13.203853573694124,28.6713237055497,1.9065775333433344,3.8613280291275975,77.28696689999981,-5.685900732975346
2025-06-09,1.0522588576071135,-13.497602087973915,14.821490146844774,57.385650537575,2.8626003698489333,17.814005295701783,9.078281223013306,16.756072248333066,69.30745537703487,4.595691843697236,10.889526440273723,-3.264841821054265,3.216648366049202,51.026564065564195,-7.53357373420317,17.306806914354933,0.7523465829456955,1.3043772767457718,61.73160041603073,-9.246677932783697,10.121516454242553,-2.7768058155107522,15.053506832797424,59.096650384530115,3.070452050015793,13.527597256745839,3.759748678631847,-0.7150153217568955,66.02505077392075,-11.055746719331927,28.36476345150696,-1.2414314463451537,4.226699175447846,76.71794506552463,-6.628721753728584
2025-06-10,0.5980705501836603,-12.467045022674672,18.260613232082655,62.7451464796696,6.137180204825099,16.78523585791418,7.464267161013938,15.607464211610766,66.02709497383701,3.756017550582369,9.59396531695036,-2.583496490995829,3.865369784980399,52.70493809823453,-6.782341401569935,14.243812134107504,0.027785020740922484,1.4492151714205148,61.279378652819105,-8.950805022833796,9.048627442303792,-2.217347804136338,16.767656867323243,61.55321780830668,4.79727358339197,9.493160565774783,2.8492653271596557,-2.1997966047087036,66.94077246305002,-12.225740014862795,24.016683459232713,-2.6834750059698265,0.6768711250550119,72.04919563831999,-9.643972570243232
2025-06-11,1.6751735781674437,-11.752075902887993,19.294463835011722,66.25423988785299,10.385836933952032,16.10615124112247,5.994063210281131,10.748933385038706,63.4261466395703,2.4784663784376715,7.57424937238016,-2.5314145285416423,2.135266417283521,48.76364044275096,-5.491952421725754,13.576053598395577,0.9379207036550152,-0.7814877279563093,62.041606970977185,-8.190890302851273,7.9996710260496595,-1.6311449171531822,16.926285753037895,63.66939763511539,8.19450876009087,6.830614180785766,2.878627604870365,-5.500793753762856,66.12488370864932,-12.557769776207072,24.341822870315276,-4.632597436109853,-4.888666861819424,72.19527562123298,-11.991355065039865
2025-06-12,1.6918137560957058,-14.163373709007454,19.01483914538533,62.0438226019386,4.6512133877076645,15.640086151347997,4.624693632920929,19.506119752063512,57.950528004819056,5.083202473874593,6.190382166137298,-4.341791522588667,-0.12397197426253781,42.30862752991546,-12.177778869489897,11.433298199510912,-1.3668933329822552,0.9420823799975997,52.554471217363385,-11.240384150380201,8.13536725741324,-1.9019827478047868,18.453863608660882,62.95147578346842,4.157940691457407,4.722799526448873,0.7083030351997088,4.101820051472038,58.05055454930085,-8.461987912725244,23.286585693182495,-6.328814002986172,3.1093163999799334,64.27427469427617,-9.33470859332457
2025-06-13,2.1911668049882094,-13.969929526668668,16.2636274181676,62.11543670330324,6.394534504924754,15.161832935404629,3.7710155439688364,13.194990467414414,50.97489038419947,3.58638025075102,4.84699974567433,-5.571376395979555,-5.281200961861687,37.95205174560696,-13.321450944566859,12.406034426452607,-2.641247939295288,-3.9382286894528273,50.7610624453099,-12.092477507654865,8.533533808603977,-2.0040321794314586,14.023470421393846,61.14818579153408,4.344534292627467,4.615662847756186,-1.4722610598583596,-2.50405212885616,53.746593124170126,-10.780041701624675,25.928469728753424,-6.224977660985553,0.624500407297468,64.39562192542994,-7.91705782480947
2025-06-16,4.473114106266007,-12.845621919053352,14.840346710419738,66.68291327431683,5.057524433354721,16.9075893439111,4.7505248536027,13.497147017852672,55.3298579251522,3.8287469299519428,5.624196449644869,-2.8113423118471537,-4.3579289310019975,41.82268012026662,-12.505321465768137,12.984794301760893,-1.7110406408503698,-4.215526082149623,51.621559947789805,-12.37504938630105,8.39731086398845,-1.208701361088027,14.5972081384526,62.38368058672719,4.835097932592403,5.180787490937977,-1.0258850902937544,-2.847132104853356,57.50812564649755,-11.123223805638528,23.120546972801392,-5.255830192026378,-2.6199009503251047,67.05684334998078,-10.915349628551018
2025-06-17,8.387217678698322,-12.928497253856497,11.90280129025465,68.59442166589028,4.86424514230086,15.93431970179724,3.987571788081423,11.868613485626511,52.55159461825642,4.832207710850844,5.2956998301488145,-3.2221686619110956,-5.598643521075475,40.528392536299435,-11.536379130539409,11.757298528913985,-2.2710011644600514,-7.1658040042959055,48.47376017964709,-13.00496704071592,5.869569042547984,-2.9995736523831695,10.444380331239156,49.40182925364518,3.4975571666336247,4.179896706700248,-2.6484428448076303,-6.195078536339949,51.444202552294946,-12.095299076519284,24.372741229280482,-7.200070045016327,-5.217390162970426,64.4718531854549,-11.17910616556731
2025-06-18,8.051487127136836,-13.934738998198915,13.04702490858405,64.0478036679088,5.972025312100571,16.163726924990705,4.565155902912066,12.148940160437416,53.792558893788396,5.130146812954162,4.959879792980826,-4.077035013243946,-6.103198407532107,38.52799619824348,-11.979689486487999,13.419733450504069,-2.261879094642405,-6.835010498691152,50.437654742282994,-12.665701431611886,5.893754083011737,-3.20231377175324,9.171826847081865,48.50434957784509,2.339354860180265,4.336007843072687,-3.431172356866641,-6.50887503177665,48.71052509539951,-12.3599770130968,26.08885754304191,-7.808283737213362,-6.897983510905004,62.58233937666902,-12.724733304849634
2025-06-19,6.994869703926754,-15.397035904236912,11.9702476829602,59.28568404451121,5.0677492086974585,14.938326937111611,4.436598147116011,11.812917456732874,50.66345186992631,4.920117734316842,4.84875198488357,-3.318448358808934,-6.072293488935765,37.224354643410145,-11.86254459849263,12.98626136579899,-0.9537088843934782,-7.118879841339753,53.20001917213541,-12.844613270082817,3.5640562234220408,-3.5424018938967294,8.898817453526519,44.77267247754061,2.1856598346354783,2.206836384641475,-4.914935759643447,-7.6520332836583655,44.2056245891572,-13.34490002773916,24.54523026051316,-8.90948091582362,-9.408219909920723,56.57449923247238,-14.992825077742255
2025-06-20,6.47771616655044,-15.228241368840989,12.863467782704197,62.00038677629438,4.821079896875724,14.06959730403836,4.9810777554696095,12.7422328062327,57.772997912744266,4.708483842504285,4.1085263816103,-3.936122554927457,-4.9823012799699695,41.601902128705284,-11.753041220342187,11.511213732814806,-0.3943532881300449,-6.099906509056218,58.2177667341937,-12.791008503402823,2.7170336315872845,-2.456745138618388,9.493342795306624,49.645040285825495,1.6911021679742344,1.164000595443171,-3.1856197126313712,-7.112473410511921,48.480848982285295,-13.731422245454128,23.270100870932996,-6.580343873646754,-7.463027038339609,61.698827444538864,-14.056996238107022
2025-06-23,6.047459694673352,-15.857456481476252,10.062591459917126,55.01493289360337,3.129660699411363,12.78957197442978,4.624743362640893,12.463518028517907,55.31371209707498,5.379350981092346,3.9145064087257264,-4.357089398223835,-5.060049437995695,38.260208097637594,-11.040392940010403,10.045500085016057,-1.3843744745801856,-7.608528612253007,52.78320890415668,-13.428341370575826,2.27256584331903,-2.8278408774777164,9.011262034680033,50.01131987827002,2.1445553564439335,0.5465347084232075,-1.5961081042229375,-6.52117776796829,50.95296488351823,-12.409483626588024,19.79062561777023,-9.475707118991195,-9.576747715146617,61.32594303273318,-15.272580776272903
2025-06-24,4.747709661141264,-15.404587335883956,11.039186183398897,55.05127926905355,4.039478947183861,12.78202634344796,6.864978390411913,12.919280103795838,59.20432806542155,5.801055185024762,2.8158560740168426,-3.756409164654939,-5.031905515822787,39.7995493315395,-11.018520521020225,9.134692596026994,0.7705643259826589,-8.25690609098223,55.5884628831272,-14.040222957579696,1.5533771593482903,-1.8231454667555047,8.928832100844897,51.33695080015949,2.062157726724445,0.3998227981306446,1.045676289921782,-6.265070211891832,54.57663783992951,-12.1739487697754,18.709032188471753,-9.247492648857026,-10.171816320015148,61.72452345550913,-15.834420747629796
2025-06-25,6.385071302779699,-14.234568301639294,12.19250568631094,60.64368059311954,4.6958228357477205,11.913766800656788,8.595389851079482,12.252458206425064,60.66343844119094,4.751769339357992,3.3238922183897346,-3.046959076581046,-4.233441618208145,44.77672155473983,-10.632545653602198,9.522893828139356,2.5237488570967637,-7.339988033024481,59.885814930560365,-13.531513201274336,0.8272505994828094,-2.284383875781726,9.977229394029985,55.04836565995985,2.6285709029193915,1.3652383405477364,2.858904657382144,-5.672281540528257,56.017289733328845,-11.97524255367336,18.191829870417987,-8.333334247799872,-11.3535626425595,63.11886544508541,-17.276901484452722
2025-06-26,4.780602388962962,-13.253376374825942,11.650403999938263,60.00328422461365,2.766092624468608,10.640664159099256,10.917932447443945,11.301301020580713,65.54339884401,2.4447686719627493,3.5430271425954896,-1.8503143549904122,-2.6969868048977275,48.98580427523777,-10.439639191513361,9.221148345345087,3.86113594633255,-5.594582095398149,62.18438483289492,-13.106665331534817,0.1701739570957761,-3.9197509750394266,11.014274828832505,55.142720097830846,2.1805818965448864,3.0411828669590912,6.31989481165014,-2.340560553461035,63.134324544965914,-10.11157469862577,15.252009101446419,-8.493089708319168,-9.676117751057811,58.821160618163155,-16.86342264017674
2025-06-27,2.9598053075085895,-11.304507143839448,11.124484848661043,57.730073167463004,2.1488058501369034,11.308237019869228,13.169433958053322,10.931427512757509,67.31243166263266,1.971342023420286,3.7222864670535705,-0.8845210398765513,-2.753940567006008,48.87997071338106,-10.608639866900848,10.44434367259135,6.323955796058467,-4.986179710985561,62.97359416183946,-12.66057795453277,1.7922692787513128,-2.547568355274965,12.198023146237414,58.46874284240886,3.1356329682213024,4.875776430722967,8.679547219385576,-3.746836933720976,64.11156695096402,-11.521338614895038,15.147126755211481,-6.239974049838448,-12.83434450182619,52.86351147341701,-19.87483557373575
2025-06-30,4.320951811508333,-11.130584173450798,10.652463574252579,58.957676832969476,1.910467270460181,11.919291530785614,11.682440829192831,10.939106174355873,65.31571835871222,2.1744639350852024,3.5769996084056066,-2.228825531174017,-1.9757119457359473,46.40039516028557,-9.720030835457017,9.7951962188634,5.828598957121156,-4.861052841003111,59.08590502124926,-12.377418022086871,3.1745345251328327,-2.3628848245505485,12.854605486940551,61.29494081989117,3.9386309829409383,4.804506633448002,7.236198864027021,-4.565159976627164,61.83488746028406,-12.104901901826127,15.785458826000331,-8.283366764169331,-12.84124335065152,50.262858327452356,-19.72714090647456
2025-07-01,3.421852998715713,-11.073670674155068,10.497861853969837,57.30916293433771,1.8284527685111573,11.407659743863285,12.153200512853047,11.131644849118839,66.51233399889651,2.4125106018862974,2.3018503813749147,-3.4308567535324297,-3.351054349552529,42.473595898699706,-10.933909198176838,10.723041351505213,5.018389148792224,-5.870456247726419,57.71011472599042,-13.255644595483783,3.600912779975385,-2.2946614491906936,12.909585546686198,61.360544865019044,4.05095814566514,4.41876469606759,8.471128520264525,-3.6496957135861208,62.80981394763196,-11.209119844989212,13.97140016438605,-8.425214030515814,-13.313072323879693,49.43120467091642,-20.114330065672437
2025-07-02,5.402985156818052,-10.958961707804438,9.744581877779579,57.80878259214449,2.276481565668109,10.538860273190576,11.390307517752895,8.35113716828879,59.56864341390843,0.9778605339552993,1.5859331908495644,-3.2320750493263217,-3.2120347250300774,41.840467669693275,-9.798439459649499,12.229577184733852,4.475194711866215,-5.348067407748436,59.30437025616073,-11.789115478088485,4.604867656578859,-2.6494162007411615,13.201209774914101,63.19249136173481,5.497886516614803,6.672534454907897,10.15246807657364,-1.605384727941639,66.92770613169233,-8.301121724249139,13.949254282014545,-9.951265927781971,-13.03899706024485,44.64146131340277,-18.956678663143233
2025-07-03,7.986660798350154,-11.132072235080825,9.737447443703662,57.4182209626003,3.1005810098414743,11.734689329103333,10.681172283791952,7.417083664330781,56.69823850518369,0.9205516818378001,2.6628124308520906,-3.41664562820837,-3.4524791300172386,42.941800394988164,-9.291625341827192,13.042932005745156,3.921799411062099,-4.052740752167283,61.47174118839364,-9.855583438568328,6.896124384377034,-3.4948165471519133,13.603749453269675,65.55547308127156,6.733050990066514,6.727411592922716,10.35180638918467,-0.935215210582252,62.720299864651,-6.926604296645711,16.766691267691748,-10.099402962388549,-12.401089184714653,42.47989405184514,-17.699027895482544
2025-07-04,7.945900426502406,-10.927314252474375,8.423421820876541,60.99157415474524,2.3913815628634483,11.069256904150059,11.930952573707998,7.991845672827047,59.15239118020376,1.9838157684415325,1.9235567178207846,-3.3254152836526885,-3.4144687839001597,46.118304713759876,-8.78791856857497,12.011625230549106,5.323862794132173,-4.807196032066063,60.65910563215971,-10.103162679903088,6.833199429634562,-3.6854921845672295,14.70575518701851,69.61031849699954,8.324202921891,5.51043878282691,11.272563694877991,-1.9145319380936554,60.39652684145322,-7.371429369839866,13.72491481216398,-7.858933999866458,-11.55648069590578,46.0666955988203,-16.476956918137798
2025-07-07,11.824005693056838,-10.316286202585301,7.493463925188415,56.1248818155855,1.368839915404485,10.37233015684398,11.972033325727205,8.801588045508169,57.93369900672605,2.6024314259958548,3.4309850762218597,-2.0190210794383545,-1.9451396080071293,56.89929406090172,-7.53198303367596,13.135042480745597,4.860735703884567,-4.986783006077722,59.40172676096475,-10.400323595417948,4.394696330283421,-4.4728687706222185,13.346644818726027,68.66671282864614,6.8885258137569405,5.741158976514527,10.083931150760627,-2.976772870979183,57.30287511880664,-8.50483722654486,13.931835782114632,-7.564021231778629,-11.948404616429054,46.39395146494835,-16.965294904394103
2025-07-08,16.328153239605257,-12.104370177050516,5.733921067032255,57.54118161889047,0.014612718174711326,11.171456350399112,10.949887976107231,8.904561184313753,61.13581176080311,3.0137480968539743,3.108450764219617,-3.7581078018454006,-2.8881251083698767,54.97687623061579,-8.141053886910077,15.829292449998311,-0.6799528378225173,-5.808552970577773,56.27002446463402,-10.903511371343255,7.810799565296689,-5.890869161092638,12.185544724988295,59.77684993163915,6.117258255596991,13.107810608076665,9.102590367312935,-3.6973268839179285,57.04626779059049,-8.906484709635254,19.354837513592127,-6.5896493338395645,-10.780624674466232,50.29184111633148,-15.606636166612486
2025-07-09,18.40303481449055,-11.539211597072963,3.7043824936519476,52.77121254946876,-1.800159150369418,14.748163337638598,12.208072958423077,9.671521614995516,60.44603447935998,3.850249231160774,5.08075212619703,-3.2357278676686807,-1.2758253336334069,59.36875454813718,-6.516021723172849,20.8364110337111,-0.25244577952510117,-4.721086780557537,58.63166517144842,-9.778411582097368,11.067490185291696,-4.53500118210931,12.241234188926132,60.941703256748994,6.2835636169315645,19.603380975865512,7.497749586692448,-4.587372391927246,50.264108890090796,-9.651794641066891,24.677916101588227,-7.401203463101325,-12.827097354631977,44.93986471320533,-17.45416191355764
2025-07-10,15.437939145293033,-12.131015757244457,2.8468855293403594,48.422572541918015,-1.4882170198154299,12.759596919482874,14.089980369376232,7.2834895953512335,56.32305792792049,2.761379598209346,2.445567412212646,-1.9152089216762258,-2.7097200585375014,55.19873909032712,-6.810605937692249,18.763884197175894,1.8509782093916627,-5.027046764463039,57.62258690820188,-9.030254927288484,8.336974654202312,-4.317807859243262,10.853463996059887,55.58255314854433,6.1808758872544445,18.303074334101055,11.448758851487195,-5.196626039846885,52.06733261989375,-9.192686260902228,22.542114947136383,-3.690526756231538,-12.492702467018225,47.78827669606431,-16.181225523914687
2025-07-11,15.917350130936715,-13.100841500049798,-0.08654117954033369,40.37347007842996,-3.454217817779237,12.966822320109706,13.052331394557172,6.875227251044103,53.26495640934313,3.272897692354948,1.168013969121362,-1.4268462463167708,-2.0122339023546987,58.01552186509488,-5.315003265121321,16.650117800964615,0.049830177325072,-7.382383010531102,44.85646633796561,-10.504146471700771,11.261342297601473,-4.316456932966883,10.069534485822128,59.88366353800739,6.359537812242566,19.564824585855376,9.60568916072695,-5.5747343833090435,50.03130415807127,-8.757426333231976,23.40126098650428,-5.607288750205097,-13.988385492267764,43.658600381403744,-16.887487457253336
2025-07-14,13.844630372930421,-14.576968278932256,-1.1851587819701304,36.37579637373903,-4.173171435756751,11.29947899154773,13.9064788188346,7.795238501452029,53.40911847477126,4.535672097356924,0.510395367197769,-1.6535714584482109,-2.8564465824562624,59.14680168302706,-5.793921998775131,14.615799832504962,0.7781276814031513,-7.269387023768969,46.60891880722082,-10.073421737087019,9.522327748417347,-2.610696621187314,9.565436518626003,64.4675808225779,6.252341980398146,15.176357629694358,10.640111713455314,-5.642142366857228,51.2961961597127,-8.495382519011452,23.552486216012003,-4.148257241040742,-12.768620944174003,49.025586562963845,-15.406367068270455
2025-07-15,12.469611645368062,-13.22123142419761,-0.8416255986328336,38.72588607448921,-4.286182409836947,8.833891956776974,15.15680393810539,8.737773363470168,56.66967335838121,4.960448047927835,0.951933101782787,-1.855012822312363,-3.7230912634217517,62.911031383897395,-7.06755191792886,12.515418658521082,2.5747507052728213,-5.365095702777067,55.79224156673969,-8.652516519653163,8.385057839482535,-0.8850774401123584,11.511961878808208,69.63966035012295,7.638266992831078,11.650274102699143,12.062373218430444,-4.7117843598526665,51.50686316645364,-8.021899861365267,17.87361631710467,-0.6813364203925532,-11.697929723522748,51.873227385002984,-14.765360986394182
2025-07-16,13.11063056569206,-15.576839014111343,-0.02096819988937071,42.316645917105966,-3.109523978646711,7.626827602355135,17.307783251958053,8.750719759886106,58.760223032604905,5.391188687111237,0.6033287591630687,-0.7565928659782895,-4.219307047211762,65.11197832160758,-7.178167594132856,13.496769226082161,4.315801460286073,-7.018401171774369,58.117969639145876,-9.890792004215854,8.237878851106718,0.951933393809834,9.435815205309051,66.69976700244204,6.055120139856296,10.714628513412606,13.285206543090911,-5.274291125287645,48.60590643416175,-8.200561066837086,17.608229060705384,2.652339677851212,-12.262106140351436,53.64778289460126,-14.972508253846573
2025-07-17,11.285387581083794,-15.59247924984264,-0.3814279990343561,37.134362955007376,-3.5035025349086535,4.6759849826140565,18.29167805011318,8.889753130524468,52.98997122731177,5.477117126636011,0.2979337420335959,0.749559076787043,-4.223365810822499,66.42933282467564,-7.225032916940821,12.302382147096957,7.238995185917418,-5.138959882312932,57.85024491294186,-8.11193200838507,7.353708494562583,3.5474026295385874,9.429726812497098,68.42801181951404,6.000167878991536,11.170289734855189,18.512573256617614,-3.0798761810166164,52.153502226420244,-6.11738057915332,18.459354455884338,11.10987520376665,-11.143660063684791,57.83374961531136,-13.928443168821769
2025-07-18,8.808680776598198,-13.746251587606917,-0.5108219545877035,37.187469188352914,-3.110581241889998,1.7692954461210109,15.501710587429152,7.676108260446712,45.30249467710438,4.862415676285559,0.6711168390511668,1.5814192177654673,-5.057069395242609,61.12438532249809,-7.538030344490265,9.47653994948685,4.648081582670138,-5.3960759410664245,54.471726820554615,-7.868178284450867,5.815635171644251,1.7512671311531447,9.664497865486288,64.76032063605601,6.7988465211460625,9.299129777691117,14.402179562292105,-2.7259383918699975,54.053491667545934,-5.267814302875307,15.715779732089485,10.09689616543712,-9.910802557020503,57.28799047662964,-12.264930235420767
2025-07-21,9.10607994628554,-14.675844589729559,-5.102759910821819,36.10667779718461,-7.32875046452649,2.3461212775828244,16.822081922625287,8.940225793180478,54.101810876039956,6.384830996596413,-1.697914020811775,1.2112501425732392,-5.865226943571244,56.98129025945134,-8.07333242063073,9.821632226434351,5.909676283144938,-4.336566864500058,58.36174756844187,-6.580529895400311,5.1021374997471725,2.54475057915442,9.31078334119948,62.261799098649995,6.746696430906751,10.219735855585665,15.391347304672465,-1.5728991186876207,58.954174490970125,-3.8816890959772032,13.700564971751405,9.274043185994785,-7.953709756268057,59.467773623603264,-10.112826000255327
2025-07-22,4.078114745509387,-14.656451598023434,-5.274689885041184,34.416280319260935,-7.067077722771852,2.50306654806125,15.173494633163887,8.197555833732363,51.4816924412808,6.150246799713743,-2.5982675182014137,1.3829638282947032,-6.769939509428314,53.95010451934495,-8.534034304487815,6.472401513484782,4.438075824265941,-6.073813029305253,52.930525028412845,-7.851079896696644,2.613971789905478,1.8140289996462666,7.016934319427381,53.98736962633866,4.991964949862093,9.110366106161894,13.195200720583,-2.0175527521025027,57.44856353468384,-3.8715719846083907,11.073318962137591,7.442964339416958,-10.095679588079086,54.64367166340444,-11.796844886669355
2025-07-23,4.65741554737682,-12.087635939076835,-5.595084501104964,36.14113375365413,-7.866876982668347,3.6394925456910032,17.86102227243076,9.186912875838305,56.69809851600583,6.559401305645207,-2.069344175629373,-0.16218390484352696,-8.13716678438957,50.098067519833805,-10.347785720188284,7.653272484397311,5.652648636224922,-5.507614825965179,57.74239503825427,-7.781512207991614,2.015279537498693,1.61252311742901,7.955522573084228,57.00710694830107,5.357643604296314,9.433585258416489,12.407730677460505,-1.4703784747222781,59.730946972586054,-3.8414293062336125,9.732509802281019,3.2951836259814904,-13.855714787389017,44.73853099314298,-15.928720609611824
2025-07-24,1.6128079107761817,-14.355529587624961,-9.683976684967243,28.92471593041998,-10.625440547086207,4.394112704183084,15.633484923979758,8.44791427803,54.68620339112097,7.3174416501685435,-2.558711888007714,-1.1701148669687522,-10.027708854775108,43.05605299847994,-10.96558961608599,9.51510960126396,6.243438770733389,-5.823262903323112,57.92219437707063,-6.804971257770132,4.9272547323563565,1.6168240781397891,8.53558999736208,60.163582480720024,7.404203428448919,11.815394902855969,11.249400514961906,-0.5670921766471548,59.89551455002623,-1.6035914154872155,11.723977757875058,1.560268723850955,-14.482941360798618,41.568031232021816,-15.374380303174151
2025-07-25,0.3968125095294983,-14.5671413883795,-10.769527311402282,25.484653659672574,-11.869233911810007,1.9773448947229655,16.38429647382411,8.156984225852426,47.8799214136369,6.824020879928527,-3.6035689220069833,-1.874594698455656,-10.653418083138655,38.35286164843225,-11.754555653044141,6.391109953856411,6.628428271658748,-4.7341356293034265,49.19786502498406,-5.908224443195675,3.444386427073254,3.563507643891106,10.953512711319435,63.039711517727355,9.586084000133743,8.46038718168922,10.466356944763966,1.8236207582863484,49.383037466864856,0.5687119311631239,9.076302419499438,4.876428726979354,-13.282246129484498,38.783941142892104,-14.350985131201387
2025-07-28,-1.5321312685536714,-16.953580405933334,-11.070528306727034,23.96394408830561,-11.689013787914082,1.2522707783269027,15.10639481663687,7.277105977966469,43.104368816761976,6.531016619199326,-3.083782558942527,-1.5524512089824305,-10.09957956407298,40.47072742221793,-10.724817786380303,6.251159443621224,6.368986818936828,-6.169123689395361,46.99033702766788,-6.82169739280527,5.00307926020267,3.2956788993053765,10.26860642321683,65.2277735428846,9.501711817807323,8.240820393472825,9.9902623336088,-0.3652109542607418,43.6771402086279,-1.0581496310862026,4.906531425258831,5.415876224751326,-16.408469703366578,29.976084646408978,-16.989830942270544
2025-07-29,-1.1780969884128467,-18.404101333856193,-11.665586981266928,24.02551063909752,-12.882885285196831,2.0601022102052724,15.709316923583527,8.582165022223286,44.93088049758276,7.085841213623811,-2.7534652225154166,-1.5966719096121018,-12.189968305704967,42.66408697282241,-13.400040337618845,7.082306176528763,6.081102529796523,-5.660558547009531,52.096897071323994,-6.960609548085028,5.970848694782882,3.2633872883808035,11.163866920981125,71.06144981281587,9.631965796189546,9.647165040750426,10.500207398620386,1.5826299200013771,49.11176619940287,0.18276367439522545,4.588815886931075,6.043262796756976,-13.082223139892047,35.891188980768604,-14.279999394212417
2025-07-30,-1.1427450128500216,-18.478043325492255,-11.550157540036455,26.206777945979695,-13.121471852904342,1.878510481922513,16.091073631193666,9.419294227546438,44.1373091939881,7.475456925614865,-2.1898707385037963,-1.8708137258030222,-11.51766207780267,44.46445460473946,-13.089553673608457,6.54791367531915,7.1027305630988025,-6.176644132217401,48.43058913127848,-7.843419084621372,6.688034068395798,5.493224239416317,10.356555423033686,71.08580250722801,8.396067645641647,10.34642149886471,11.387285130033797,1.4308563451084444,48.573187692954,-0.37106609939627777,4.095064048661956,7.509816359653132,-14.57761001498139,34.01547266757456,-16.095141536686462
2025-07-31,-1.916025596499149,-16.0697537292412,-11.868161831708502,24.927196866657994,-13.15713581988167,1.8981404032265337,16.430580557598606,9.969195978973744,42.02143769953496,8.360839270850384,-1.9742286922444063,0.28326269663729864,-10.182495131920922,53.99434463314353,-11.496122872630233,4.214467573969682,7.671214975370866,-7.692953153761895,46.220161025605854,-9.042991741209526,4.570684276086934,6.944998641491051,7.891548559617156,59.779614382897655,6.313578526001029,7.968463033327233,13.378231663219609,1.5025163457859536,42.77076869427862,0.017989232508153208,2.81737766245973,8.021548893959984,-14.361477777840149,32.90634524969941,-15.613985723029822
2025-08-01,-3.4001251291176815,-17.147144157071036,-15.442066797188458,20.93975574453721,-14.514403915913576,2.4805020024503577,13.814579380801506,8.42493882961488,38.404352517499326,9.614440362433685,-1.2065869394285889,1.3619679198519696,-10.412681126772593,57.786734391786624,-9.429842175963588,2.961392675317276,5.150876220311074,-10.817807085198172,40.76495735267168,-9.839412664897862,2.2166892338702615,5.842780224644217,1.8913934424376944,41.81939495368064,3.009217164443978,6.776184508871452,11.583269176506473,-3.4069525642718257,35.46255228556862,-2.347255605023424,4.739370030995538,3.853285323821587,-16.842202560027296,29.716821734475772,-15.929900200547753
2025-08-04,-1.9959443633730367,-17.968631668783274,-13.759764882995562,31.029979552221704,-13.364368053641208,1.8466151516516982,13.125755622122547,8.195699088145902,38.43335658497563,8.691757990480653,-0.7962529985289013,1.7703836941918238,-10.196465208398187,57.031674126380764,-9.784731255293366,2.913374961626758,5.318036829317618,-9.986361077142325,50.448888164166014,-9.573663832283707,3.221214668715544,4.677306036951001,2.2092396049803398,45.140993293467815,2.677851607437187,8.361938197610508,12.266724086742231,-1.2957281551190913,47.38611880107859,-0.8431858344928989,5.42102086983931,2.7083319586676424,-16.55917414113005,36.2482119359224,-16.176612127720126
2025-08-05,-2.6885649164276715,-17.42336175432193,-14.08132739315623,29.781820537424096,-13.357192320980815,1.8294669356209603,12.2653857271378,7.497090562743525,35.74929181547206,8.40309168067861,-0.5123106351802575,0.3145307865920266,-9.843738626069653,51.86993625166406,-9.083888539280993,5.301854181588417,6.137180040837675,-10.17513865002293,52.424205778602854,-9.418081650848208,4.0497160922498,2.5700699589426668,1.9931924246229693,41.81813920006376,2.8528058883430907,10.768940391964389,12.485915897316179,-1.3972847449201131,47.7640616452021,-0.5662467160313711,7.590659957284074,0.4481066439111947,-17.302793295095455,35.314639276725416,-16.605809206200316
2025-08-06,-4.051971703501223,-19.306069111812995,-15.72748669376839,25.76181538938019,-14.43480478926924,3.3881704768612853,11.744864220013929,7.483017835724026,36.68472394541257,9.131732781394565,-0.7229508003343321,-2.577347326446744,-11.036011165388526,46.28161239455329,-9.671365280191413,4.95429864776753,3.8537057454806734,-11.003833168604382,49.381502764669584,-9.638693695254585,2.145052024630134,0.39718261535965915,-1.163606744131629,35.06205673817328,0.35247497759833823,10.429250057088058,10.703355879168397,-2.970244162014357,46.14047708596432,-1.481875005229516,8.546285209597881,-2.9521845002033142,-18.249140625000003,32.38472508947473,-16.995139142840532
2025-08-07,-9.288174187550569,-17.931191545992185,-14.695863574193845,30.73687058837085,-13.257431542322372,0.24971064345420402,12.823668006281363,7.67424644616399,38.75984558433664,9.48989210633071,-3.1573630188293067,-3.6939522382028356,-11.057335483995413,47.10773793215384,-9.557549154746358,1.7420622433964361,2.0624152671796736,-10.115544110145326,50.81081316280795,-8.599876922871719,2.758422306388164,1.5130007948148005,-0.484383362438523,38.897471815527716,1.1936882603533316,4.446817069579612,14.168966875141864,-2.742550028527102,46.76225127128351,-1.1025565037256269,2.3378437983984757,-5.970307621168147,-16.94182395738967,32.14364134728265,-15.541264196346615
2025-08-08,-7.91362091643244,-19.742556901248076,-13.41998594625855,28.490845340244675,-12.160558006880628,0.11657423061079975,9.663371996353698,7.117311461033693,33.2517483049747,8.675483243742498,-2.544103813586651,-4.144500158671994,-11.084594323516562,42.93231016598974,-9.791194832029115,1.3268747504559197,-0.2566401542380303,-8.710273391707812,43.385891670450135,-7.382336066619255,0.1985060247662096,-1.5266384621841045,-2.2860003500900006,34.99134842568553,-0.8646129482460574,3.5366336519842223,10.186767301693923,-1.7977271990991084,39.93830090990896,-0.3692371783063586,0.9061568430922984,-8.461174591351439,-15.716144835660273,28.41034373208872,-14.490117753167976
2025-08-11,-8.74132617801604,-19.454378447648125,-10.124117812476785,30.911149224556098,-12.059639181575388,1.2945846332770516,10.264970315773315,10.817370939686267,41.95588097689222,8.430864300746531,-1.84874776749121,-1.9045408694881028,-10.138919959903314,48.03480678847306,-12.074122557469934,1.570847082381066,0.8787239670602132,-3.977698176593203,49.3413766050079,-6.045585718453006,0.5779678807523059,-1.2065281540800665,0.1000767203576336,39.665975793707624,-2.055627711409902,1.5764320044016067,9.109898196272015,3.7495041431593767,42.57055196084557,1.5152074952167638,1.0669721241841623,-5.00373028803085,-10.269068289071315,35.378267534975336,-12.201468078296863
2025-08-12,-9.451921528176532,-19.401358150094573,-10.22648628941033,33.07519405341856,-12.040659598264881,-0.5634521799891212,9.252487513779473,10.644380520220341,37.140221328736786,8.408441726940708,-2.913420385053256,-1.4457835370722538,-10.664377944312042,45.109209810546524,-12.469702191570843,0.21739267774925075,2.3938950177847973,-2.705749583448369,52.227672040232875,-4.671904464939869,0.47504166165619477,-1.1611167777744846,0.8855595086460832,42.91536988141338,-1.1531697528538332,0.21335813640224188,10.354925950255822,3.8334110610687366,44.4875211325779,1.7351106255796722,-1.564673712564013,-3.588564988761289,-11.662997603366643,33.95463829690681,-13.448141409242753
2025-08-13,-8.63628984987227,-19.171442659599037,-11.485838613200949,33.398333621760784,-12.642987307967813,-0.3133403251490696,10.013382483431933,10.10085839452104,39.3512628126298,8.661506062782953,-3.5954917574633427,-0.18716415509102413,-11.733294690345698,44.84968361001937,-12.887208383253023,0.7076313438350024,2.824819293919645,-3.26795373859331,57.455483657261205,-4.532535126698822,2.297864303256403,0.24143126896769562,0.4236138204673612,50.22360207443573,-0.8892275580812958,1.5659958818571518,8.8535769283834,2.382660751237786,50.42363867519575,1.0442086843720055,-2.9039505073131466,-3.448842104507055,-13.042840455559046,34.88794445674668,-14.179634411362008
2025-08-14,-7.056448103601332,-18.225305617743224,-9.40250021208472,35.90486524836929,-11.29417314215142,-0.1422711321969805,10.725778920989981,10.337905852089335,41.91340794223006,8.034053867771252,-4.037170062066464,-0.36522037338512225,-11.9051359220263,41.138243128247595,-13.744553897625188,0.2752349972565904,4.353245402929273,-3.2047903996360483,57.35767621980545,-5.22587131455956,1.8923270006315551,2.2441016539267444,0.1700243479882957,50.61300774318758,-1.9215225921237145,0.059712835545422394,10.252115919490379,2.7538534437104634,44.68269152888809,0.6083562338035975,-5.770471058368043,-1.2299238860124073,-12.645909277379896,33.30828561010409,-14.469859928748896
2025-08-18,-7.10381477396167,-17.473548907122517,-11.290929491845247,33.95931681222892,-13.10758177782394,1.5626608256109842,12.815919957429545,10.400020674662525,47.73945779094088,8.139164498604568,-1.604803736239302,2.806991453547547,-11.025407920749519,49.39624851057591,-12.847497760817605,6.782484756358209,11.310844754083305,-0.8657994981308037,71.1919085927403,-2.8959455804734913,3.1925577865976384,4.196100570013406,-0.3079773710810252,50.402173493918426,-2.3495469621637954,2.5278389725884587,14.292848076997377,3.8635606569655367,52.39029693715944,1.736563115265266,-2.6387056684054055,4.10776502978345,-12.110539280309974,41.447404004121566,-13.910406969321365
2025-08-19,-7.414477393237606,-16.71650919236576,-11.129894042625654,36.244123311707625,-13.38414188942747,1.4344900918674464,12.90576051184129,10.45356583336905,49.54545333765773,7.651839535541982,-0.9332930612502621,3.9964428766817495,-9.375622144706163,55.44667484162929,-11.674368235388622,7.411781546606444,13.608197748133065,0.7031542271074942,74.14371741615807,-1.8512465597160355,1.5793828532752796,4.373744195005336,-0.6252909708251209,48.877435376111634,-3.1459948840512397,2.7079228596099902,14.38125336459568,3.857240905971171,55.14169504456063,1.222834665931849,-3.664645143998946,7.738132375793616,-12.687068608068353,43.71317881220269,-14.901817712594257
2025-08-20,-3.670964121896436,-13.615938535552552,-8.755755536430076,50.408718610272096,-12.075992406734247,1.3781967444942866,12.841708872389802,11.772888731902608,47.293534501055596,7.705646261433841,1.917333404716226,6.28212789378173,-7.856964454860704,61.98117382770606,-11.209906941889203,8.565038964010153,13.9854419672522,1.5445447471313933,74.25194009399047,-2.1505041124412094,2.080453494720458,2.5313756901922613,-1.0008273999372874,46.8810587279911,-4.603254105630161,3.465269327684517,13.931762042691886,6.03539726139708,56.69152269186126,2.176933227699007,-2.199277428423785,8.000939457368172,-11.112732488383358,47.29849183725821,-14.347202614446953
2025-08-21,-4.490622704708535,-13.524799506489149,-10.086145194274032,50.83530337287841,-13.45561839973104,0.644784300496859,13.556160213418899,12.12241232239364,48.1606553680634,7.920685404247441,-0.3521996055867671,5.95518687181924,-8.159571743802484,57.7457376161654,-11.601242250039611,7.91932894610945,14.990049986362198,1.1317671907067561,71.88329410550733,-2.6580912299545956,3.468510532208957,6.5643759653452705,0.7495673218460119,51.452711317688845,-3.0259683649047853,2.638501033089491,15.952981870229,7.342023679402443,56.47749142626122,3.3194392469057643,-2.0814431881480355,10.331344292231147,-10.340619293706643,48.59093070215518,-13.700556219561655
2025-08-22,-6.206142958010751,-13.712950934873424,-13.30144621528564,47.18039864644035,-14.448181531274717,-0.7604577170157611,11.958245488323094,9.170198771667227,40.52058469859567,7.726237864362107,-2.300187411976251,5.27424538436112,-10.408677898911801,51.77600390904463,-11.593674978731416,6.591292831033613,15.386401007104777,-1.0465942557071672,70.61285116984908,-2.355420759158988,3.5494665145233917,5.641487948377311,0.7169836925791095,53.26887007701977,-0.6151691182621266,0.4177176462589749,13.639062972548599,4.240008477780255,50.55159128803867,2.861257693109742,-3.6387686002052555,9.392103633887405,-13.255137249214,45.92272547332815,-14.402485079766747
2025-08-25,-3.256801221536121,-12.502908654403244,-12.020195073543327,57.042460238725006,-13.41242250930873,-0.38570767330046163,12.329054365750935,9.472117055151053,40.405572870577046,7.739786721582953,-1.5313702103578963,6.099691194824741,-10.66071451738586,51.2134893661448,-12.074454914338817,7.740423402073882,16.520080918233425,0.21542405764967132,71.66724400250021,-1.3704246831670708,3.8924670808057504,6.645945550719379,0.5618851375913669,55.28692172424722,-1.029446141193302,1.5255574447188502,14.307263512194734,2.999359293920789,53.28890491341351,1.3694564543415888,-3.154388245904538,10.143624259635576,-12.735664176673945,48.60668222682385,-14.1165697447033
2025-08-26,-3.743554529803883,-11.878167055596622,-13.25289963380316,54.22455634546118,-13.299239914977278,-1.7441412946388346,9.845345283581185,7.179280996210413,33.433812458944075,7.122025848817137,0.8673519405707708,7.3080938730367695,-9.72612958507666,55.887648097348055,-9.774353866004127,8.035354010951878,16.099436831497684,-0.7047028186274562,68.7520327120062,-0.757746343670096,2.7891872546987884,5.619596541786742,-1.7173760014302153,46.961811229802585,-1.7698785566902409,0.438874448698523,11.016001386010288,0.819144789456594,46.24192161057263,0.7652872253702592,-5.180443532889667,5.910514720551041,-14.861972443323745,41.86133642213421,-14.907453158171059
2025-08-28,-6.000261560660447,-13.158016735930534,-14.63056577541092,47.5285455993262,-13.69223745980449,-3.106790121850611,9.092615033914253,6.18480165043338,28.57668086583061,7.351919682556374,-0.031457592461969774,6.258726355015831,-11.854056390708845,50.02453655728726,-10.88521039160273,6.91020239219724,14.082054978128888,-1.5760110213294043,64.97531957560088,-0.49419506890481246,1.0143890573938386,4.919714753496995,-3.408424910801444,43.52283643135609,-2.3467497248469638,-1.50936342494693,8.06640854159333,-0.5780388255296809,43.49279450343243,0.5147462234809552,-7.659308493466266,3.16810554272553,-15.025761060259747,38.1232318073221,-14.09177648816451
2025-08-29,-5.735261610187092,-13.2281667398083,-15.23856517291704,44.369248453298,-13.903824117989515,-3.75616516428795,9.543353967047462,5.2366629460053105,27.453945523424537,6.89382808017458,1.5535545511278226,7.761702183813823,-11.564797552911365,54.73618953888951,-10.17220556048276,7.010537895637903,16.06512238964943,-2.3580387465753527,59.26876588908997,-0.8204676255288645,1.6882713491031875,6.957837319123739,-3.2912514402998805,43.441760862571876,-1.7683756497162806,-0.41824376920566175,6.331226372688059,-1.8383615634633421,41.371478003204324,-0.292607069010975,-8.279346669538368,3.1083481349911235,-16.550861014265184,35.168663103634984,-15.236784724383611
2025-09-01,-3.564860009144344,-9.394860338293565,-13.018307250060413,50.77814191364257,-12.318571054200088,-3.400417992253657,10.997503873776893,6.025509850745037,33.38836967564653,6.878446653669723,0.7942368172549452,7.438727875226037,-11.408510242985049,55.024108821741955,-10.695823813595972,10.001046598763331,19.058113907899312,-0.7376946253418226,68.59582449406227,0.06083464856951881,1.7983930477326604,6.813000896784005,-3.3247736157129837,42.9367998778862,-2.5470564547173447,1.936233068578308,10.477513658924508,0.15930041103815462,48.65807529271266,0.9650456849446654,-9.415702672538606,5.031930060336376,-13.584126422689913,39.084520440695954,-12.888942037019547
2025-09-02,-2.9254460713192043,-8.671836294734081,-14.219645439903505,50.74719080146464,-12.715498366600498,-3.4873219238411246,10.39460972257693,4.912984765288675,30.72355511210546,6.752619956766437,2.4265801472253212,8.299279017114758,-10.76275271247975,60.18781172052177,-9.19798948638345,9.954359623736764,18.10627396646933,-1.3742485895596346,66.8267870948948,0.3551408038170889,1.712777876862992,7.263508837417465,-3.702069962125487,41.716298451043905,-2.013498605963371,2.872628726287263,13.153746491165785,-1.1210957050285852,52.0304110228309,0.6127326904054042,-9.843320540934531,7.197725548024292,-14.46428335771598,41.74340745290646,-12.964425977664785
2025-09-03,-3.9610924272172388,-8.913987102949928,-14.947045993994134,47.75011484850784,-13.90535431559673,-2.890430647723463,10.921901687337975,5.438511627623521,37.15509831009841,6.729876771006427,2.5907332400991745,9.440086002540271,-9.545632888412669,61.41631946077078,-8.43778704583098,10.469684691256887,20.811000010161386,-0.5265965437423858,69.01135884278689,0.6917105428631665,2.7508359752191236,8.704162412598237,-3.385104450811738,48.17165994987031,-2.201807128819633,5.437269583549442,16.096374446606166,2.5830260594736476,61.96925269613193,3.8394184545388788,-8.847333564132942,9.921548310419226,-14.300159393423062,43.21465245673457,-13.250544928609154
2025-09-04,-5.29495080600465,-5.8287734789974515,-17.104374969939094,44.20213954973955,-16.0384521192925,-3.0225548866679386,11.853936610649928,5.732062734202681,37.2769321576775,7.091630524101333,2.645221598483971,12.655705934719563,-8.944711580086107,62.45118625995336,-7.773866766939386,11.536202730396127,26.81280723921404,0.4461046894727261,71.3513291891695,1.737702384865214,1.2529970230548582,10.608425521109343,-4.670470949249983,47.13476228063252,-3.444665325373897,4.168874065698969,16.997896515801326,2.1407763188671325,59.25087668778821,3.454165142723431,-11.111668341430592,10.634161297118272,-14.808913183052464,41.01550066943878,-13.713473875167725
2025-09-05,-7.129670419907574,-7.918759195243597,-18.679241510632128,39.38484410656887,-17.328499739104576,-4.354749735398955,12.470824479565712,5.7901105634594385,37.918580617037144,7.547289468415985,0.8770227078649162,10.840355279154167,-10.877971565979983,53.19904589023164,-9.397650319531737,11.239022117635722,28.15467366228608,1.153707146098193,74.43764519201453,2.8338751637755344,1.1086328710704585,10.286823406846102,-4.166657418127806,47.394117259718996,-2.5748609157947744,2.925654094778918,16.417765328372557,3.3265939392979282,61.24191657941293,5.042853712769202,-16.07348783283271,7.989354145393368,-15.659739004349927,37.92777000220482,-14.258843148671762
2025-09-08,-8.91643589367349,-7.9580010225404285,-19.812543313081076,36.62714804356498,-18.314681918919675,-4.666998100053754,12.315627906954152,5.52257684855213,39.15875566519554,7.49368555562826,0.25916352325179304,11.176911643913567,-10.923686216247287,51.96553640462071,-9.259785438450741,14.350116696365456,34.14047059934495,3.8834148702501015,80.4771254486847,5.823904855302642,0.175923342522033,10.3152459068248,-5.824893242102924,45.8579604039394,-4.065749573855193,2.541411938113325,16.412801166481984,3.3236714534435663,62.34042308287617,5.253705712759027,-15.566154488345907,8.383306064045604,-16.788497486457132,39.85444930392491,-15.234148435933715
2025-09-09,-7.947913266971285,-7.397376845391513,-17.962872102030282,48.01670030128782,-16.610025756290682,-4.261060008760397,11.808946876636073,5.397696401077567,39.68254171604376,7.1357739286441735,0.5310597639115011,10.175974770423801,-11.137947970652961,54.99760591557356,-9.67255412468191,14.40927648470054,30.7055188911729,4.261756532934613,80.31950630984674,5.981101662878685,0.4768106006242112,9.56858285778388,-4.066561797393852,51.2137528039246,-2.4845561295693486,2.360747398857632,12.078017505758321,4.5884055458871975,62.85256227125627,6.313137333492702,-14.84459021463107,5.606915001933466,-16.837949195566072,39.0171742799933,-15.466552129168099
2025-09-10,-6.70503257147076,-5.142179927348112,-15.55962101135896,56.31416951000641,-14.52242151830756,-3.4072945771102425,12.150072646192278,5.507734418749122,45.24360878820985,6.8037088087604225,1.8563934658420989,9.571250708657697,-10.441553321020859,58.13718176142032,-9.34148749224949,12.72306092533948,28.026404094315673,3.070134671033742,72.37689965387598,4.336167494547194,0.2942374217686172,8.317446473595291,-3.876937250802448,53.06491785835681,-2.69623681875647,2.7764948297967607,9.796760660155401,5.453417923903947,63.67412624480901,6.748725132625988,-13.964469428769167,6.978147028415793,-15.458200961078905,43.831492317497215,-14.419755703548542
2025-09-11,-6.387887591476482,-4.804144996377313,-15.187100269725917,54.4939089617774,-14.53181299421409,-2.519409689942975,12.726638615392538,6.360575216073849,47.42377017096686,7.182345628085063,3.369077704486889,9.768018656006072,-10.640082332701029,59.02536319824416,-9.94966357359257,14.234908577254956,27.29572632283117,3.1240510859191994,70.45040772407192,3.9208152419702547,0.8524610970839896,9.057179195471598,-4.142442221681753,55.72279325562303,-3.401820947399936,4.754240737150339,9.7015735226196,6.6131424017473295,64.78684540098195,7.436864215768235,-12.186400012565436,8.262389198776997,-16.00455913263946,43.831492317497215,-15.355587764175082
2025-09-12,-6.130870760412533,-4.074041560383213,-15.321731276730022,55.41705206631882,-15.216870996414455,-1.2931479010695912,13.67262010996717,6.481547041340874,49.67989182815125,6.613407140036087,3.722916121914621,8.750365602549802,-11.213823108200238,54.20884662655247,-11.10387585092404,15.172072072901788,29.460358983924806,3.9920170394280863,71.56337473578171,4.120794259625771,1.6194968958539668,10.291231019594926,-3.5216590771265377,58.62357776714392,-3.402186324245693,6.7481727423372995,11.675308492263948,7.279420813581772,67.67251309573439,7.412268949333889,-12.184103440181582,10.585214716364355,-15.12548423354555,44.117180846429164,-15.020380933146216
2025-09-15,-8.115188087697511,-4.005075604532326,-14.981918669069005,53.1587927439268,-15.718004204203007,-1.8894428348652736,14.698687273638832,8.523662242345619,50.95431910219523,7.584065667760309,3.0580460029905554,8.85423296736414,-10.485594521578246,54.14048662230621,-11.260609177605474,14.51713496143272,29.386949376444637,4.832110051943017,69.13106312570969,3.924474892235663,0.7225679662834716,9.180555108604338,-3.6656967181747158,53.99189649243381,-4.499757968121621,5.692837870328327,11.168559193531657,7.966789958190046,67.90375679731635,7.032014777205564,-11.236887655649985,9.28562942844593,-12.251715353455728,53.89719529170615,-13.011438956364685
2025-09-16,-7.988477009104167,-0.27127028637217165,-13.614102030913934,56.02681007888866,-14.650151027548763,-1.0168815119476315,14.755405038747394,7.883361020351498,55.0118458939643,6.58948724504238,3.0888997418146102,8.548178430344166,-12.513916949004855,52.2705468032103,-13.563160757258508,16.872815512591345,30.613901331553595,6.47630594179307,72.7595638194288,5.19930735139984,2.967931890472242,9.011705744467303,-3.2371534969615423,55.73245137813958,-4.3976559908625585,8.120308886947036,12.639626117386694,9.610398893422346,70.44071666095007,8.29581229463614,-9.702084979457148,12.305992183935356,-11.100863994362452,57.54138243201171,-12.167054921651365
2025-09-17,-6.61975538210412,0.8987429925946477,-14.531990035646514,58.12052211867948,-15.507626220332183,-0.6008538947226971,15.465752647506847,8.232515287364661,59.780784665452735,6.997017253446036,3.4316239800617154,8.561708197400698,-12.795472193931602,51.30027228802339,-13.79093111278923,17.08236556150706,32.794506937406084,6.80141891777255,74.02331816948066,5.582257164557403,3.024537283612494,9.096550156269355,-4.36645554774816,54.94377218352776,-5.458133550737543,8.352036585865207,13.050189390357293,8.376293429070492,66.9633090966363,7.139154135952364,-8.900787655375254,14.865956076047148,-11.51865457656437,58.89415053602725,-12.528688650140896
2025-09-18,-4.952028277387455,1.6964535008344495,-13.474466726109647,60.71842475397922,-15.193672802507429,0.2698936387123707,15.248538169957303,9.248087078514011,62.667402741968246,7.077398635072885,4.124368477529994,9.173100860831717,-12.731253052504709,53.7003339849707,-14.465226301266288,16.619403975866742,31.76390457940976,8.275358083110618,74.32357496171767,6.123997132217718,5.281727186001883,9.034027135900825,-2.782255130754918,63.03022476456848,-4.7139084981353445,10.11786111920372,12.547982144371272,10.267275594905168,68.04412302361636,8.076336538447503,-7.4842596618452495,15.223941831373278,-10.539133067160256,58.54597611686386,-12.316662314439252
2025-09-19,-6.189047258057679,-0.11224000629790343,-15.234139994268093,58.50070007063059,-15.027138580050071,-1.4114840011582697,12.459523187906196,7.120499023143223,57.5635413036131,7.382091305555383,3.0058082204004855,7.237829025726539,-14.104254635233037,50.38912917201557,-13.894493998526036,14.95058449778275,28.1827919664424,5.5847987818709255,71.50700561045073,5.84264082660797,4.9673789357099984,7.819377923588888,-3.1712022927728567,65.29156077841193,-2.9347427315642216,9.315440194761093,10.587872569539458,7.524078105242582,69.22169798579621,7.786655942932996,-8.893604522544496,12.306945604930553,-10.83324866868275,60.49990589618565,-10.615500112535726
2025-09-22,-7.585633937732417,-1.996912398028905,-18.191775751344363,46.93012900158442,-17.691395036064673,-1.3817526262971613,11.231099101483789,6.443636540857978,54.46700748025141,7.0946999697303115,3.2823193421962715,7.325312351927105,-13.918937814708709,47.051658352613025,-13.392422249019498,15.741557123732397,27.368375342995854,5.164242044889389,69.81382690657168,5.807480046197466,3.419698365715629,5.7699791060384475,-4.654773058862638,54.94599633021137,-4.071593148853847,9.029138530774272,9.625020615139768,7.026718437908586,70.5404734874269,7.6813482922765575,-8.996201493581735,9.014019566773479,-12.537373279572117,59.33685566357917,-12.002407362385291
2025-09-23,-8.248351931038089,-3.8922500714116626,-18.69216107219517,44.71243374202156,-18.00004543659326,-1.6863556909160082,10.880120223874833,6.436047799726863,57.63850336626351,7.342061953408563,1.7209082983669521,4.585222673231626,-14.420869728857378,39.3986596163368,-13.692395636777988,15.779556614367586,26.355663200133094,5.7774642922253205,71.66994378142547,6.677872394277795,2.8931207003532355,4.491438935853176,-4.9028216456101115,53.06498649779413,-4.093327199457885,9.018848473726226,9.454730684183676,7.439243875443924,73.64170665392179,8.353797521734618,-9.94824002110548,6.899572739631221,-13.8105107416581,54.5848419757185,-13.076841098892055
2025-09-24,-10.377423517532725,-4.6549581057389045,-19.39582913451572,42.51640858442119,-18.23245579523337,-2.6485659137686968,8.949656920360027,5.619711662033788,51.03304350846669,7.144138442074199,1.1538464831566841,4.516091315012227,-14.388639525605818,40.79155878720391,-13.15299658993424,13.344911086495115,24.138626628860994,4.2909408334305565,63.75399843941023,5.79618924417058,1.7239251175513504,2.5654368979037168,-5.144411380514347,49.803257447186006,-3.775344969968375,7.834534566315177,9.306732976565701,7.157418562670315,68.30016125867266,8.704039320920852,-12.660589886791374,3.228047010830193,-16.469703960587612,44.04564123464664,-15.264097372353014
2025-09-25,-11.4060947366734,-7.170772385179214,-17.916667324061073,38.91369103789991,-16.311657658591972,-3.8990188744693954,6.326763780697675,4.219495676202678,48.77998141393561,6.257342976470204,-0.019595457624099755,3.522737412589061,-14.713368892079792,38.163663226335224,-13.045723795310526,11.671963476870229,21.969400889232027,3.697233655957155,58.26239855000459,5.72486894895019,0.7772306108349891,0.9487272120169754,-4.549363460651379,44.72706781612264,-2.682977323216429,5.63672473829806,8.84933071225593,8.291669301971073,69.08641329194944,10.409141512872132,-13.238568173437903,-0.005706694705420734,-17.65922214673913,38.82878789805054,-16.049178548260002
2025-09-26,-13.19052086923056,-10.621129298497479,-19.65307745131948,33.169970574322335,-17.172732112230506,-5.317443554642098,5.389484344670437,2.548663514520144,40.92185346600092,5.714386500661095,-0.4744219977680597,3.230205123465879,-15.587726319985117,35.777667493639385,-12.981881778057902,10.315756418569055,21.837513143943156,2.226756891986459,52.86886764079384,5.382542477098284,-1.9216931228241418,-0.16386575954508986,-6.205590227863378,35.65595722584196,-3.3101149597226653,3.237036169271512,8.270643246589792,6.886131434170961,56.114191574582556,10.185753989787472,-12.757179559907028,0.457601036975408,-18.882130550602195,36.08876287327409,-16.377985736795065
2025-09-29,-13.496530006418483,-9.75875675271325,-20.166847982928317,33.11462480816148,-16.42049543546753,-4.9757689170385255,6.3504462106270365,1.2414223190823526,42.14722474090187,5.992406726318844,0.1127878039139052,3.6938218316238336,-16.58549252786765,37.36843622734965,-12.671076716043196,10.740368817285418,21.58760523643153,0.1591237537932777,51.9612144069981,4.859318834982407,-2.556405130392969,0.53697543127329,-6.650435090903162,35.13568230574329,-2.2697940731619903,4.072448427250719,9.07261611552972,5.516623411228427,57.65016490165391,10.468231370182423,-11.332419966177165,2.6641643720728414,-20.59277238684366,40.046133447123694,-16.866407312447862
2025-09-30,-13.334089774703195,-10.368509726794606,-19.844853191341493,32.86245456235447,-15.519889137487342,-4.914070174081331,5.933009164748104,0.9796561063627918,45.1378443646021,6.428256729266235,0.38117203376681896,2.691796425054682,-17.486567207089,35.1263047473782,-13.034356151430359,11.410130999727164,23.356685416594058,-0.9813350198715987,53.84221617087698,4.361455602444653,-2.6631883400442313,0.84182535063968,-7.26196008083253,34.775060341362845,-2.2580557148066727,4.951624442432112,9.589189771243767,6.169329025303849,62.33672310655186,11.89795095338011,-11.847189105354971,0.4689928608903715,-22.958757112548035,37.68214616064961,-18.801811246702737
2025-10-01,-12.79325432907501,-8.081486804730853,-19.739513360410065,36.30056852264136,-16.17152742210486,-2.8969705235031062,7.336582074059961,2.5558336075330867,55.27739666590975,7.114960863339559,1.2227333238475024,2.8280582483155348,-16.248999195081527,41.47443226070095,-12.525842188411485,12.003426080659008,25.700971522739536,-0.5638792536168835,57.661020837680475,3.8565609335437845,-1.7064093923271684,2.819880370055583,-6.274259397440851,43.11580869361723,-2.1076745867998237,4.059613082223978,11.00302661877921,3.672676935114172,64.35981832041514,8.281453544605654,-9.576822282145447,3.036536707596005,-21.874858658288797,42.55951288804334,-18.401799654958072
2025-10-03,-12.622928949005308,-5.644418668628948,-19.09203525636699,36.92025938618815,-15.484785322200189,-2.1177283669512215,9.368452117456094,2.7496418417241486,58.103131043978905,7.330694398708548,1.201215359781349,3.8960139025550067,-15.797968886142499,42.4766717818284,-12.043854292423518,11.448265795448753,25.984387324731294,-0.5030059559804401,57.310135859348726,3.9330285722929625,-2.017183154688851,4.739833770280133,-6.420277821089082,43.74965909944964,-2.2480625424222356,6.7922564235941785,13.976611062578815,5.113445112078718,70.16035173802862,9.799886912487876,-9.038057065002125,6.2132510780029016,-22.47932073972566,42.16871529612917,-19.02309160277661
2025-10-06,-11.346416550235139,-4.302091084790605,-17.642763631512093,46.62103760833812,-13.904155404972196,-1.6254883677349952,9.263839053043421,3.1806690905015644,63.421413063756596,7.86455742006722,0.5883682024253822,2.523242516329449,-16.77716196215838,41.16256476576376,-12.999259732266156,11.996458696534805,25.449053586649285,-2.3241379506296345,59.104218847857666,2.109859564273342,-2.701634206343906,3.9469571701119532,-6.326855117589947,44.43541105683784,-2.0745610204893183,6.316015873064407,12.174494844090189,2.000859236503927,64.53402748792604,6.631190076522775,-9.244306342161469,3.211835299565391,-22.02776120272648,45.261667661768904,-18.48821001981721
2025-10-07,-10.696748995144588,-0.13752751224564985,-17.969002290060978,46.490504356082276,-14.471100927086312,-1.2464576604903188,8.996585792542344,4.4675063042476815,64.68089579738965,8.922127641175749,-1.597402424207539,1.7787760132325303,-16.829714181574328,37.87992679294116,-13.283232190072036,12.486062595697934,27.261154702560965,-2.4526650625209423,60.41813461912468,1.7068717632881647,-2.1898005275739707,2.1086607192836393,-6.9892081560374075,47.24844670060414,-3.023115037034285,6.663410826032479,12.78712681132781,0.914599535228966,62.82520131378008,5.2177206127816955,-8.332047061728986,4.43898160645706,-20.227234455583687,49.88041475606924,-16.825626854604046
2025-10-08,-9.622081278497818,5.134963785114954,-16.00590117414442,52.23730185770403,-13.441426364643005,-2.1622961392144813,8.767600241825924,5.738500149752324,60.964705180088764,8.966866473328295,-1.8275287591885236,1.2241141733497551,-16.860915240074547,35.0689741126605,-14.32254538395078,11.191511121428244,28.792340596411513,-1.8677437644918804,50.92909172204993,1.128391709706844,-2.0687216542935594,5.58049420902238,-6.76017414131943,43.112570730850166,-3.913412428301555,6.505446746491672,20.465978993307754,-0.6059784872514018,61.60128326078738,2.4286807084256123,-10.887153644818204,6.360492970964238,-20.345766659320972,43.21315110145733,-17.913794916927085
2025-10-09,-7.891117799120972,9.059711859544883,-16.039431447637178,56.086830469203925,-13.98858078099563,-1.7854161925827672,12.699431048717091,6.177793838968548,62.77520651548616,8.771330341063255,-2.2141807974416228,2.7540742908115368,-16.44011600326314,38.9445861799787,-14.399052599883222,11.036399184210355,34.17239971526467,-1.8330354259541881,52.19938058316959,0.5648257154136305,-1.2261106389445442,9.705679871721129,-5.839283142270424,49.587962404978676,-3.5392800304681615,10.354309716154297,31.987485473098598,1.3034397845457457,68.76271259937911,3.7779135833462707,-8.871090218128385,13.617625682133916,-19.597023837015513,46.295884063238546,-17.633072185580666
2025-10-10,-7.211671078461412,7.112934674380056,-14.734596387729527,55.84889954653129,-14.853463855404092,-0.6079254161106773,12.07410267070539,9.189955585177657,66.76486281291173,9.03773518902582,-1.1895945029566035,1.2268805737542632,-14.78340835214481,43.28017354932813,-14.90220777165029,11.72541390349231,32.68944118715904,1.5934074298221246,54.81615541182549,1.4517772895541459,0.6407142962042478,9.031105138886964,-4.143881788275894,56.2046357095676,-4.277513643052011,8.892614963239854,28.82331122430808,1.049234905834573,63.28546829365119,0.9083633898991028,-8.00759072693954,12.7294439140339,-14.523353249374404,52.58599268439276,-14.64251520855263
2025-10-13,-6.267565727948643,8.652154021383907,-15.703427900387712,52.42259323164269,-16.4143268252406,-0.22852595562192768,12.708663809866948,10.032536870122355,66.90432782109573,9.104598637149252,-2.5691146748583638,-1.43110832402209,-14.05205440666002,37.784568756633774,-14.776879872201121,13.639128207524154,32.56017692206614,2.9770911627053476,54.26667829189357,2.108653673864902,-0.09358802516172826,11.157215004576715,-3.8519644743966075,55.83665852601879,-4.662810436212206,8.894958575309552,30.20006620340874,1.030830973249408,60.85331809906521,0.17880689531888372,-6.8646832428233,14.930155302131066,-13.083936290610144,52.64671922301073,-13.81692619404815
2025-10-14,-5.523593577785613,7.556315680997461,-16.53389556360394,51.01799445466932,-17.694829727833305,-0.4737085851638456,10.772243804322134,11.920923331361077,64.44919583891044,10.364209687363424,-3.2339707418915786,-2.7400814115369543,-13.985137392906887,35.240090093598724,-15.181522360270073,13.113751618758496,29.646231138393087,3.2293390708016734,52.841172908225666,1.793517101065012,-1.655929585407967,7.708715120603804,-4.084597956893521,51.27700457322984,-5.41869001569435,7.534580803033841,23.854413361294903,2.3315093063504877,55.60118364803794,0.9081752951001443,-9.0038437299936,12.428013432600405,-12.919673153350764,48.850123668131346,-14.13087771538436
2025-10-15,-5.405002850522999,6.390625929963778,-16.48066441972893,53.19551263325416,-17.504392672247583,-0.36267699587123614,8.439176466938392,11.326509549989217,67.48261376052652,9.961938193083775,-2.977812915928646,-2.0542266010017407,-13.545426770724688,43.64564024115831,-14.605133347163967,11.727132703590225,25.710251116605964,1.8011472295262232,54.36740491299051,0.5533318603831772,-2.684225320508571,5.475758673307274,-5.365759234166855,51.73893397673298,-6.525727105732648,8.56411039115934,21.21212682888629,4.324385710697731,59.39584175375414,3.045642048087416,-6.966816092537975,9.661578246668157,-11.12189253734882,59.0345421424821,-12.211305294379892
2025-10-16,-5.654957000989091,6.714273043654551,-16.63829578980709,54.695067278569,-18.604128238599017,0.44360018150697567,8.104260404949382,12.577784973140949,72.64113459616412,9.922980050303721,-1.467132862410303,-0.8726557377412902,-10.39627903805549,56.27321954419113,-12.509310481790637,12.650787488137215,27.855004306775342,2.262738537442943,61.13271837990169,-0.1488173637216761,-2.1718302877824947,5.887135815365063,-7.066160610565264,52.96015450309412,-9.257722776831889,9.898295911148637,21.673490060599132,4.963905823533921,61.80169151055082,2.4886511010589363,-5.668199340325286,10.941960196918243,-11.335017869918683,63.99999811766458,-13.425912011230611
2025-10-17,-5.891052602958791,4.7295068592755785,-16.95962210850144,47.35813245509857,-19.257377955665877,1.5565184714259273,6.305286024015477,11.997565174413705,74.66277208576335,8.89855398513497,-0.3987336017945764,-0.10198782170155463,-8.766075765498481,62.51408306346952,-11.290549861022114,13.44068163472556,27.396587799701134,2.639047097932412,64.15881741280161,-0.20101067402051864,-1.8809216644467552,5.334469333901337,-4.511450786637916,56.81983436692052,-7.15365182019937,8.23433521494874,20.3244240510529,3.6519454086890057,57.16873437134981,0.7838603917352804,-6.727597365739435,10.489886046038311,-10.888961038734102,64.25475453987534,-13.354694167835246
2025-10-20,-4.979004716497936,3.391091428772186,-16.636308803731037,51.48690611793228,-19.47142680013917,3.1096409550841253,4.9339551370141566,13.40744569377248,76.70195838065075,9.550568849678488,0.1597150126719793,0.8319037260676954,-8.832205518428749,62.272443157956985,-11.93273347152769,13.773547567428789,24.5553432546046,2.832624544911,62.89359948706829,-0.6646129248017885,-0.6765427377145361,5.099747176523994,-4.844107790287189,61.072908698360735,-8.080267065347012,7.75675497359527,17.777195462818508,2.609053016467766,56.780430131945316,-0.8805810031736638,-6.170618131866446,8.575400846510517,-9.840473359731462,65.48679400933017,-12.906711104934654
2025-10-21,-4.67706765140724,4.003114775399297,-17.66390072948435,51.572427796202405,-20.02128632468857,1.8514456610962515,4.241004099276946,11.94649036880615,76.1653344724853,8.741322208458357,0.6873544389009334,-1.022230269301616,-9.239922644448107,62.37009021628537,-11.838497277849703,13.19829394876324,24.31621406700888,2.8956765267794005,63.68711689824788,-0.05035550293913671,-0.07167805087018309,5.02680233616446,-4.916810731630072,62.684628926528966,-7.639161471017097,7.087541206634929,18.03160505219448,3.308934881373049,58.44898197136373,0.3510707476217956,-6.8422335986024985,5.920906713453378,-11.344394376649426,65.05270524979835,-13.882715349858731
2025-10-23,-2.116856534177314,1.8749303728705202,-15.568569695095979,59.87300466231862,-18.28839555794728,2.329358625079281,4.890730569669288,11.89082337542866,76.6448546726525,8.286436310881417,1.372224656868859,-1.2616969288687274,-9.320339307809022,63.74526200110929,-12.24144209494109,14.001178786586044,21.37979280775952,3.7197168159982086,63.322554688729596,0.37854911026315996,0.7802448866090828,3.414612057742694,-4.561313203960227,61.43957693086535,-7.635720539321412,7.432366748175778,17.21984867544912,4.9149493629617735,58.82980409828137,1.5352791187571935,-5.707542420828171,4.7337621641518,-12.960477298803175,65.60515032882948,-15.764318760188424
2025-10-24,-2.611933040607284,1.9238339312492192,-14.786275794073456,58.59143978634417,-17.5078452494683,0.8550052489182169,4.525615646908854,11.38693268242552,68.69489093730037,7.829439138474448,1.144760322118099,-0.9482728845619404,-9.659827630434526,57.83097347447842,-12.545126401345586,12.580457897549714,21.19654710463137,4.630434284418539,59.67515202342407,1.288730859216436,-0.2680929876925142,1.741783726683721,-4.729975981422996,57.050587526553684,-7.772725137147141,8.021676536737331,18.211993490401323,6.218113756893007,63.06091930159449,2.8257027725798745,-3.019994580943841,6.4185939527184654,-13.277103391010947,66.14941345048723,-16.04687303426725
2025-10-27,-0.018539007314533062,1.5939699048850953,-15.45653498530255,60.01691492494958,-19.416392496614797,1.8368175200488945,6.311642056233113,13.307874457546731,72.10848133235409,8.000745897302131,2.438189876625807,-0.18290826560731777,-8.02539540811129,58.61872414875608,-12.333313575173044,13.1868225428045,23.95667276194049,9.093005709666224,62.9142135328506,3.9832937051257122,-1.0232459562925955,3.853590841258714,-4.057794828309113,55.43460141935868,-8.551547973332607,9.234219383374388,22.14067377257214,8.995351634402194,67.17851210562188,3.8902135637946644,-0.5676441319091952,11.089783154196953,-8.571565187696484,70.24993213431466,-12.853901785517296
2025-10-28,0.6642996245482369,1.0637481580886954,-14.834055460558348,56.10194256697317,-18.387474873875533,2.981135616614239,5.017427844257094,11.747761623231344,72.87551976854937,7.085256349625957,2.8034133127671668,-0.9011785401340955,-8.07975258879342,54.309117851941025,-11.91498500938416,14.157187893648526,21.453099292162058,7.959029493337311,59.1094683328595,3.454603301400394,-1.8170775870523737,1.5647216662430408,-4.732357425850708,53.37131882176144,-8.707254814878896,12.425339088964371,21.93695806621776,8.635517802673887,70.93954321470719,4.1028661656453025,-0.6311803233848945,8.387834261151772,-9.806174778384047,64.13466305708022,-13.569374860729177
2025-10-29,2.0357640584211634,0.4724422121744398,-13.167089142711818,58.58880447881605,-17.40910262707812,4.101552515181006,5.405185837113269,12.3599252498656,74.18592118414116,6.870850735299627,3.439248881376078,0.24940736527105933,-6.079766486535809,59.40225539079989,-10.668014111606738,13.742035160701471,20.85223113301662,6.720500903901927,53.124567161570106,1.5069269326605683,-1.4518210468444037,3.4786224556683454,-2.992730188865078,58.409010804478285,-7.731787564204195,15.68247319588114,25.215658038681042,12.186162084290263,75.23333396956812,6.705576352193732,4.232917485745191,9.347138337647397,-7.95526291307409,66.00555186799855,-12.451887660912087
2025-10-30,1.5072079537503669,0.31135459382527486,-12.930546579265412,55.86317805114762,-17.660378694135403,3.217782296076277,5.344174110482602,13.215626174093087,66.97556993789856,7.065468069898295,2.6458757082732154,-0.1804427817004961,-6.095652262792983,55.79858084680527,-11.19677306008503,12.312282849045065,20.266582594263415,8.942536341857089,49.87056691703067,3.0245032450465947,-3.355733900026525,2.4147490009862382,-2.321689919214842,53.796413843431836,-7.627821860963147,14.022763452732722,25.022727627042297,15.135000431230928,72.17383072221224,8.880577080785002,2.6335698234282168,7.343235380810187,-4.695562574386125,66.13453930778812,-9.872739771618178
2025-10-31,0.6500600276440949,-0.5001135137523649,-15.417873007490712,53.055441102511686,-19.64860584817243,2.8951595730212443,4.828055930991315,12.758546346532906,62.28594077078429,7.118450713349578,2.1593837853602915,-0.07777466679110834,-6.471382056728247,54.0451604421927,-11.149611483510302,12.903539688349497,20.296366003522316,9.645903296619739,49.333388121715736,4.161499671202473,-3.894010049402241,2.533591300262783,-1.3181047361952247,49.86604247572521,-6.254097125110514,12.898219533764198,24.579145191441043,14.167455319921473,65.24877928368639,8.45688714513637,3.258318812555805,7.486813103501522,-4.974179953537005,63.94626212829066,-9.727298276263575
2025-11-03,0.9955714267061211,-0.9395295731601472,-15.393385974269824,52.192843745249746,-19.87258323903407,3.8231334502608183,5.79384229417601,12.750153995148871,65.59655339395488,6.78099677035755,0.611964940988563,-1.3743453387073168,-3.8412985599754257,53.31278805348183,-8.932080142872167,13.467921146287566,18.249989889855357,10.347242479579188,50.26896920427254,4.505298887101938,-1.4424067427992848,3.062349675097309,-0.5679956733369407,57.19439778930521,-5.832070674312284,14.725722292552579,23.867599063152277,14.87417930030215,66.45262296223143,8.79257308500707,6.170882921541954,9.162117661009761,-1.7446824159682572,70.55481816820763,-6.946461908492263
2025-11-04,1.8036259886646366,-1.657824680928921,-16.090593652857955,46.941661113240365,-20.735043740721405,3.9725719137081894,6.5516136420268545,13.860907903012155,60.74926773564223,7.55861919980565,-0.6787708846765161,-1.8771678632619526,-5.2503432229644265,48.909208185378404,-10.49480949796775,13.664980145007611,17.03104654142269,11.810220921340742,43.93229862937975,5.621439317598176,1.466265719845361,3.7154575080673657,-1.063593977247268,53.76845817350394,-6.539800038630261,15.34439189057255,23.160340705713512,16.025059018737608,58.23527495169084,9.602982889101241,7.2476649447554164,12.330528636089655,-1.3598809803460954,65.90009801920287,-6.8196873285446
2025-11-06,0.38135573472783957,-1.6222002769368915,-16.272318540411835,47.88221380670061,-20.114282280309936,3.4788223579445,5.389677970357054,12.280599077255872,56.295382460461944,7.128444104983522,-0.762203628646474,-1.5523875579273816,-5.975932774102,47.60839893310594,-10.290360818236898,11.93483972674725,15.195921320683347,11.10833283481929,44.46737963355237,6.009968966258827,0.43671964443177114,3.672001990394924,-2.654296640015752,51.20599582621706,-7.121142682139214,10.22798202375741,19.44517775705721,10.815441862305786,49.0161988097182,5.73051771256381,3.7881682205352485,9.414546480194396,-4.166036387148808,57.98773876978346,-8.5635141010038
2025-11-07,0.23733302173571946,-2.4576127470494313,-16.449113484685153,44.892512880998204,-19.81002449948622,4.545772067954901,6.458402400527796,10.619318253508503,60.027037473793,6.169554753993123,-0.531994115151524,-1.0415792879013286,-6.362174494295592,44.25719252131558,-10.128841878326956,12.159546935679067,18.106082564938998,13.52751424296843,49.31431328571779,8.9607658933595,0.9087347472605201,4.9952520168059955,-1.9096144571379092,48.79562355126462,-5.855390151051809,11.683206739667874,23.71030470129707,11.65091478717708,54.223756319561225,7.159654371262114,4.246301686932807,12.159283966032387,-5.534755953798875,57.88452846234022,-9.33470700725122
2025-11-10,3.6658073417813464,-0.5347018379137314,-14.352177270767985,53.07756692374701,-18.48313625702428,4.559375531802257,8.102025424361292,11.832361687496995,60.707519219976604,6.43847209700823,0.18766419467737272,-0.5366433254543113,-7.388335742068463,43.0362482651726,-11.855174180074412,13.09958187941833,18.70287293510109,13.841864920636592,51.69639571638196,8.35105312974247,3.9774649369882065,6.20783565377816,0.021901236856858297,54.76101047481287,-4.802347162814491,12.751713940045706,24.51087213050569,12.224307122991295,56.14471972263428,6.811513251374524,5.591902771882706,14.61608794100908,-5.6840281776891715,56.662377266616474,-10.233068642834509
2025-11-11,4.002953410555898,-5.657022062413597,-10.618442001045402,58.11099595737218,-15.80011147028939,4.713519215017592,4.975000017632936,12.943664633179264,62.95035974400733,6.396041702047062,0.4060702934980176,-2.7641138386086506,-6.215815446430084,45.982015906358775,-11.652716040676403,14.029470833151825,16.015935190880914,15.452252854472848,59.1263507471762,8.759200874125206,3.157966886728869,6.003499256148914,-1.6095988850061138,54.42778325587923,-7.313533219314738,13.408829312365533,18.4519124926382,13.211856646229059,58.56565600676577,6.648685962327416,5.554308576252809,8.022003433245128,-5.697565194591037,55.788491630493084,-11.16451003473664
2025-11-12,7.142458065031909,-1.3363899067823204,-8.849683712146462,65.06424116687984,-14.385290998592914,5.944470570589799,6.067974522032138,12.773857207587437,64.43789703000532,5.9250407568848695,1.144333584282431,-1.4288832636620952,-6.568719253410748,46.07990959061798,-12.242850727069332,17.08438649038053,18.637949651447627,15.45666079253445,65.75332666337988,8.444916250326017,5.566029479550871,5.77558440817425,-0.9372060794050951,60.13222822590189,-6.953342349418923,15.255657584424709,19.331827956371185,12.270641235808188,57.80330471605484,5.452385359259226,7.298516960602219,8.270809814577262,-7.050833921345889,53.14074580657429,-12.69568631427921
2025-11-13,6.179977678344262,-3.1015605062644336,-9.25812484580325,62.40708210223943,-15.863427289174448,5.172330077957876,6.533874901606529,13.993291487886905,65.60688565332377,5.695466856057729,-0.12004801920768582,-1.9665764016238652,-5.958424929482131,42.24851628477881,-12.803919851602863,15.423576716370736,17.236704603599694,16.160732054857707,62.4411591481401,7.705134614735254,5.00887712163387,5.615794703335575,0.21423869427590336,62.25565325271593,-7.080578109796621,15.158566084026571,16.973962575585123,14.559274274068045,59.3874394013145,6.220250499350111,5.783917181930676,6.912602090131936,-3.838690718319304,55.09060162158336,-10.83848579723643
2025-11-14,4.692089478642836,-5.203324665086839,-10.200104399606602,57.01489275219397,-16.08075566294683,6.311079400195307,5.712067305744939,12.087020061868792,67.07965170232629,4.746870368777345,0.9564037979336693,-1.9848806503320104,-5.0927339206367055,47.472246257653765,-11.307847317353502,14.18140567922972,14.429627694527515,14.262828351101419,58.04198314654392,6.780193305668369,4.907489743029858,5.405844025506945,0.7051719620497554,65.13047722136109,-5.88962408714443,13.706293573110662,13.948895202050316,10.408289695516437,54.866677007573806,3.178073625217026,6.476976854701522,4.810959587923125,-4.509938339380515,54.62581611891186,-10.763216786827845
2025-11-17,4.848967983070218,-4.206092796547489,-13.473758682310688,57.78288901056184,-18.56086178660178,6.85239342846975,6.517581791471416,12.701894550794002,71.40808169369203,6.075856612501851,1.2125035451555188,-2.4265836773328497,-5.238129144898995,49.28373651782279,-10.809426361259922,13.887362896499722,14.693265573022462,13.815410396238082,62.65568038604097,7.123905960987642,3.331625879887179,5.706046424955558,-0.23014483155363585,66.09476193667291,-6.0958744901273505,12.303718616425297,14.062390225130939,8.69262924868568,54.90998699820507,2.3023064605454557,6.692623284232213,3.5943223091040366,-6.498196231666875,56.822657151339016,-11.995410821866148
2025-11-18,3.278481522263643,-4.009310928542387,-13.836808027682546,52.33595257371244,-19.525699752518566,6.428043762653068,6.276627379816846,13.449962921229286,69.99540871222844,5.959472603125815,1.2938095469179345,-2.795593806836849,-4.841506836512388,44.79788245022103,-11.124309874723338,13.47268153264125,13.784998064544585,14.93228346456692,59.496759533251485,7.3439235007421555,2.5361348652901627,4.476453830750038,0.8287903082748738,60.16848706271256,-5.828391925575749,12.667301725891766,12.73457856648481,10.548988082897992,49.674385956990726,3.2500335165926098,5.452892879775284,-0.6322357840640058,-6.948974045282563,46.42062595587554,-13.09263236879693
2025-11-19,6.957420966696515,-0.6406361057840648,-11.903644067843844,62.51109819918926,-18.343495897786088,6.245911343417432,7.906174578794389,14.84614725507849,72.88026607637003,6.450883186131073,0.138417537983071,-1.4686075280773925,-5.103886839135141,45.095568680777575,-12.040801556289038,9.182280842022061,16.587552396776427,15.245619104676278,60.84480070632958,6.82115360628921,2.6489138534027346,5.926039745487466,0.8224573439874039,60.51520781385425,-6.5476736853365525,10.616781790945407,13.412995911280067,11.550773505782551,49.69512143028557,3.3964015650644663,2.8493489051273357,0.13545730564967773,-4.50576505152207,44.829333416932684,-11.486402527100326
2025-11-20,6.578880083257332,-1.3233868864816034,-13.024092101368812,62.4929937760492,-19.834319748915817,6.2338521934586,7.757766277382894,14.401343990805128,73.99903463108629,5.443700264099305,-0.823003761380281,-1.7486157856317575,-4.1789159154030475,45.92624821033823,-11.681722288075802,8.238698832192837,16.261114738524228,16.117317962137957,63.225190379402186,7.025313196100846,2.8132859675756405,4.437101377036412,1.5364166675990498,58.93284088101692,-6.4139011701687565,9.81813169111816,12.791921983178533,12.692795927709199,49.78912104157802,3.86893179051937,2.0457812948943,-1.6938344739848343,-4.4918261090606375,44.201723819468626,-11.970131562990128
2025-11-21,3.3491148235573753,-0.44479410191297086,-13.434075491987796,60.2891061644017,-20.688931470765304,5.6899184336203,7.146533448731107,15.070816805568743,63.68349547933714,5.427042906897728,-2.046008971324065,-0.1679043800785207,-2.4565710030711063,47.38315673530192,-10.631421939750362,8.121949446391241,17.382636545121997,18.345144726958583,62.67089683058817,8.426958262003792,2.7831731206900523,4.92152923786402,1.9382329806705734,54.82837934304498,-6.604934590275702,6.788974280092663,10.489499851169604,11.720546397394948,39.57874061722144,2.357549599406461,-0.9027740023421549,-3.082196925902747,-6.441452124054292,36.60724802529056,-14.282340952784168
2025-11-24,3.678352136032892,-0.9774514848554738,-12.583464004177536,61.694613218942244,-20.666784389277527,5.523948577055426,6.204350430744654,17.46314208221753,63.04566194035029,6.601441832090238,-2.068986187402011,-2.413898831797101,-2.665066870778554,41.697506996355166,-11.665531601883671,8.135944118806027,16.699585242555372,20.544516017887094,59.35214702776542,9.397884175989745,1.419218454067117,4.936954727830467,3.132372029493591,51.61446270514218,-6.404176126905126,5.522111921434325,8.306313934619226,13.366343855206942,35.55870950286001,2.8834704739871375,-3.3084402238690025,-5.321020108343366,-5.36142971459056,30.503734513080275,-14.11256444774136
2025-11-25,3.910873508656265,-2.5379838502086693,-13.125362949589835,58.60515064802975,-21.019492453414536,6.656287190349275,5.8452112237277865,17.21966391781389,62.730841818884045,6.568140771592446,-1.2295999652948808,-3.5015042736517454,-1.3097208748988343,40.469860154037924,-10.277514820674838,8.090385157222645,15.214938965127288,19.48198397848524,57.18704714712354,8.624888203192826,1.4639533741297894,5.065382423456177,3.856883131436195,54.79084818008381,-5.5803900836151605,7.44444459490019,7.893258999898012,14.098340274068422,38.551433227284065,3.730445743789046,-0.9124441934106664,-4.518011060811689,-4.815463966763655,38.95952484335991,-13.46469784813028
2025-11-26,2.989241907528073,-0.36491298096709146,-9.76161776938036,63.60561521632145,-19.236453062444536,7.959386386510703,7.542978749169826,18.196104856748164,70.253186669052,5.785769053770595,-0.4293099822077262,-1.9541058673880007,-1.548006814981251,47.95821120553231,-11.885253523570928,8.940582160827626,17.373044476759848,20.189989346906636,64.21964687366008,7.570299977623263,2.2338383863967692,6.213256891031427,6.118594582980719,62.161564917911925,-5.023628718802097,8.943229346040749,10.605220891846411,14.27253198618843,48.223619987952816,2.2741628629091126,-0.5455834942877935,-3.6827619185769156,-4.28458784909097,44.113649932459154,-14.33449945787746
2025-11-27,3.8352159333132407,-0.05191199628994392,-10.304720115259048,64.31105155322697,-19.532553118126938,9.709472811253628,7.795984591822003,17.996110300435554,72.0494277775091,5.856693351856124,-1.2751156295050414,-0.41882342909131953,-1.6105415755063635,48.457951406374875,-11.732829980766102,9.01786131650477,17.777832408454497,18.1688409025236,61.06595226530028,6.011653463093358,3.9699863574351957,6.869903965628854,5.026220541088189,62.17747902667721,-5.7788566638764305,10.707918774429048,11.19378754261595,15.172055467451862,47.95110254021623,3.3231767325131223,0.9989410218304684,-4.233252086621986,-6.354130617257281,41.65708551876829,-15.98839950167088
2025-11-28,5.400856542221222,-0.9234705374885355,-10.83908749015472,63.64755234396322,-20.5471716766761,11.022498894978305,7.573262866277419,18.620728749384853,72.18254597656659,5.7049791395052285,-0.030835331952183687,-0.06228322436109268,-0.17578009518721682,50.740775193945325,-11.04491437622922,10.288878072448227,17.91006276333804,19.997922485766885,64.52395117391447,6.932220252505661,5.456401759826246,6.526139959599231,5.787467373573696,65.43437772251752,-5.730961613210583,11.753431460697028,10.066666040106131,18.074762468831974,48.81608753326718,5.218459161882727,2.339946109242197,-5.498586075311785,-7.397720115036233,41.00014984043234,-17.480509800345658
2025-12-01,6.732279268076025,0.6109038295363911,-13.344267538374133,65.02155424309643,-20.854215833616806,11.230323927627017,7.05232924813286,16.712401557690516,70.50696096895001,6.5976165779431994,-1.1423769338743894,0.3934301684062058,-2.5562499747099787,48.96376891396775,-11.001133003176033,12.14762493295165,20.009776677934067,18.845553276246775,68.38701412998074,8.545900444631016,4.970173797622546,6.74235516695163,4.214994437315078,60.82559396623987,-4.816712959074687,13.090405210296208,12.617411636934705,17.035562916590365,51.520219632588116,6.89277142155067,2.6586304236649427,-5.8408334753104585,-11.165214965062109,37.62281855682151,-18.86400907227037
2025-12-02,5.037965569227798,1.2935091402315857,-13.932041260778238,64.86597258462884,-19.917272225532876,9.761319419323211,6.028975765253541,13.535029988507397,61.69680412422362,5.639718109083303,-1.3960787160648525,-0.6129300699707518,-3.429762486959176,46.92917165616129,-10.145329863060603,9.039360872954006,19.944438164851874,17.975080257291086,67.89486298568315,9.771003923091094,5.170844240277206,7.0622293913360945,3.2824437565226683,61.2838252788057,-3.8998955198166985,10.859938163179228,13.00644494570018,16.13024439237869,49.76214555194369,8.054459339920594,1.3923619197506287,-8.154441411277347,-13.266894721150335,36.96693767766568,-19.298380479482024
2025-12-03,5.84072274465286,2.7444094792635543,-14.201121513081294,67.65109762068792,-20.116179267615063,10.59847934253928,6.741554324992016,13.712481917553632,62.61577784252921,5.873033316179921,-3.2698664396537347,-0.9226322222938288,-4.995221047490195,39.75408518737953,-11.544942493400356,8.047119987993433,18.802518874688644,18.070306160039284,56.92440830976176,9.930424936083693,5.4691674398553936,7.275620006676808,4.307942715744417,61.36422469383732,-2.8831478474533045,9.386378626149305,12.528643161209407,15.123307618987859,47.40003708360839,7.186595327776546,-0.09028367726492403,-9.924717306450114,-13.972700327145816,34.61351822605252,-19.903505659398512
2025-12-04,8.133347178196937,3.85008535182485,-12.854648863271622,72.13268628911413,-18.742220450372283,9.656713429879705,6.487162177616179,13.358810467582938,61.347893219290754,5.700248043417266,-3.089210418321575,-0.5785103793864543,-4.858467557956669,45.079314522669414,-11.28626405946056,7.593466105631341,18.858162755285313,17.924424645601157,58.82191091436963,9.957407668650585,4.550855330478609,7.4268778713087125,5.178296499100821,62.85389665395741,-1.9275874289606976,6.149495480406286,11.921129711253586,14.287867299587553,47.72975726600684,6.566537458278421,0.05057619957593573,-8.80123200963755,-13.15250713406807,37.64436691465788,-19.019955308166804
2025-12-05,10.131566983829732,4.300154690153879,-9.926054545454544,74.5681395120994,-17.742116929139897,10.544064048242774,7.20280903843129,15.162444685695252,67.2128109866839,5.16935681351649,-3.3293596386585134,-0.7722069804275478,-4.337845312338285,44.97320597668407,-12.638818085578684,7.479366217601857,19.8784037978093,20.76707522841348,62.90736119918811,10.28765202654165,4.707876569032998,6.0198631453469265,5.608050234053019,62.257005398582024,-3.555966115883391,7.528844409880553,12.011586517629858,15.343257945583044,51.35019739927844,5.334480212013748,1.1781392709218297,-10.064439998893748,-12.893153978604154,39.58100145558483,-20.45174974249102
2025-12-08,11.418364145352466,3.4746019945363527,-10.558393327925375,72.32907204788927,-16.861381793747555,9.468802615978467,4.70171022371475,13.798609569665366,56.951167787736075,5.779172640563912,-3.1116293651876403,-2.261896353440007,-5.8732860770628115,35.68342061823735,-12.506436064598203,4.848678186725031,16.632644318179747,18.093762165998672,53.43831792355646,9.77164398729833,3.2652448915852172,4.410077340844731,1.800793221592878,49.19069281231847,-5.373152432578654,4.752799321364409,7.817503884105448,12.262561486467781,42.26513812429947,4.351370526010867,-1.2435502104226392,-17.1171561514879,-15.536930471676126,29.418842098638223,-21.48907928511172
2025-12-09,11.134078482605126,1.2248796186788535,-12.438051846281029,63.910514953053834,-17.736568887322058,9.292750222284774,4.192059645914226,13.650907832620085,56.670948078333836,6.773705068426628,-2.93762391034178,-2.6860736367159244,-5.863219402334375,35.45360305448631,-11.559590334029856,0.7725522901945059,15.233531141743306,16.10048667569588,48.86664473688174,9.075055879610927,3.0077493648493547,3.1889640405887265,0.3236068861443453,45.256985994201564,-5.747139047600158,4.062635224043065,6.707295458742224,10.719221589756067,41.1150489694704,4.01941996663282,-0.7643616793493901,-16.211534447838062,-17.251710807612675,34.15786210941802,-22.258945452885158
2025-12-10,7.187295406593064,-1.3318578655352464,-13.632859568475597,58.48226620272928,-17.994636915054695,8.75071563293941,4.116782379863482,11.888337176147989,52.19828223393181,6.237669433729698,-3.5245078300271238,-3.0121653090768086,-5.517842615009649,35.26100915125794,-10.289450563110126,0.6465556884024615,15.148996169872465,15.180990342341216,47.9497933928134,9.36403458901176,2.307430627890983,2.7952433023510137,0.5159152322297356,46.76068843197557,-4.560414027255355,4.363992892729507,6.827763140288612,9.8715695552251,43.736702693843974,4.322754106147797,-0.8295668972749581,-15.551011305449336,-17.81717880986188,33.23471555776375,-21.967636564444028
2025-12-11,5.287446806144791,-1.7721107958771576,-13.315926892950392,61.64457863089072,-18.105913541824002,8.570213368233826,4.870906375780981,11.156934793140039,55.77758532799339,5.014627279148098,-3.9347995246285294,-2.151451420055628,-4.628403794775471,37.97420643406297,-9.898445408309653,3.0821060832600278,16.197305243356276,17.287143826322925,54.70747758124306,10.80609335331606,2.989769999355496,3.292804443287012,1.6079491138253799,54.4912725027829,-4.006700754710546,5.199057363971238,8.119903752676837,11.232273148460648,49.38371177312183,5.085802589249466,-1.1993636266512953,-14.996348288436966,-18.93422527822658,37.017342301320994,-23.413756115666118
2025-12-12,6.308414459705314,-0.4824475562616004,-14.577490414925743,63.38304245597573,-18.96734041771563,8.634318746321124,5.897375193222776,10.794804361214116,58.21049505286626,5.101075921290543,-4.335980859577148,-1.1129857195010917,-5.406453722472837,36.1256656226489,-10.267601930448967,4.024761855519388,18.83259160335975,17.2082768313234,57.82121249245787,11.184960999533722,2.6309360094942447,3.5058248125483527,1.5371618816406363,55.28671519731988,-3.680817694638172,7.592196275601237,12.707388300930633,13.505698153160427,60.150830831550174,7.672657286360818,0.31115637451719635,-11.913162398511501,-17.4880145114222,44.03096504710988,-21.72829311581621
2025-12-15,6.301588256267188,-0.2156247359904384,-14.155431638999172,64.47138320444307,-18.606421235531844,8.488522812156729,7.085605756509916,11.12382059494108,59.17547333451977,5.36211686879422,-2.985917866538479,0.6258350377356559,-4.980408983814078,44.63190105562338,-9.907118024988215,2.6108547532027515,18.17904759097926,15.05764593180372,51.761821873016935,9.091975711523892,1.6928418576456439,3.3397542748359044,1.2687923450227956,51.83595805279199,-3.9819340525473756,6.774361646690985,13.97968001513763,12.301601570123587,60.70839441257229,6.4788306038749965,0.20354484964308917,-12.005358705566172,-17.48300546900904,43.87333228656905,-21.761462349939
2025-12-16,6.017182312669522,-2.586311437280786,-15.099705567451815,58.990452396100515,-19.174311769581788,7.5549504707397075,5.522761165527412,10.53564616090361,51.553194826887605,5.230726638374872,-2.984725027985491,-0.017953289413508156,-2.8287908728390154,44.548161078934946,-7.492313114125948,2.920515072379559,17.861625148438588,15.844964842182097,51.17004580927615,10.285236040458102,1.7694765687812142,2.504830205921582,1.2658529280416442,47.28380533476057,-3.5941828958905964,5.796679904711355,11.819513363876787,10.672373648237743,56.20509585893045,5.360892185357513,-3.41191669862253,-14.265411107943937,-18.771475515942313,39.52943885289197,-22.669863052343153
2025-12-17,5.412278553791627,-3.0085570832508735,-15.548093117218563,60.22255392761593,-19.50106980954166,6.8527883904742515,5.766222140331001,9.983726175718367,49.80885806844034,4.8356706473700495,-3.1831436563403925,-0.1925680307080624,-3.408531825880834,40.27250921698046,-7.929730179631777,1.262965271422889,18.34887858424952,15.66117417347579,49.91371033984221,10.247371897239809,1.5612244450390111,4.575492413697413,1.4386734964061842,48.07665247029621,-3.309410079587294,5.18075676113916,13.721759099772113,10.709903307904822,57.19853525434889,5.527857294510197,-5.238428191488309,-14.432276416219425,-20.593212450177578,36.98677031169967,-24.310040074121943
2025-12-18,5.9982830446912105,-1.0185440020976988,-14.81135155202249,64.99213793626436,-18.68460519526597,6.162096565006259,5.524217473076143,10.34156251605005,49.57606447889897,5.3246868312872175,-3.150779959961647,0.172721099435047,-3.9113558135081328,39.38110488010962,-8.28019717852796,0.09983641339974536,17.199256396007257,14.548350916509612,46.064218914500216,9.340206103813763,1.4219011236022094,4.489444336834181,1.1433644708072954,46.104039980876465,-3.455298755616487,5.97592474825579,14.827072755439087,10.88715797685531,58.22688266458857,5.845475822629664,-5.304101979648235,-13.732782780790442,-20.468771873464497,38.69130096393212,-24.084800824561746
2025-12-19,5.282553349977204,0.06893153693081633,-15.338717780796674,65.55380796274237,-19.96101417956663,5.996596016592193,6.282674086492612,10.998009235719298,52.2781069742047,4.93779274818158,-3.0801973942554017,0.9171323929002329,-2.4317505307489995,44.80771579611496,-7.758735385387916,1.1998104430283263,18.01861576336656,16.89306173959313,53.760097342969736,10.510989980732411,0.7836344952836916,6.106751117461862,2.3480235563245966,53.411818881369896,-3.2399251293653175,5.684989141730767,16.378049566936625,10.658143192395686,58.43161777865179,4.6164825493590245,-3.6528920841699675,-10.863759817268948,-18.80533612543208,46.393656591613606,-23.238363745484147
2025-12-22,7.95486388769282,1.2734863443116584,-14.148684598840333,72.13609470665466,-18.754444736235953,6.933335850214406,5.423988922783773,10.675239783945312,56.08411678432152,4.737723215775058,-2.150944949573097,0.7902099907168392,-3.1770161978865175,50.52003293159406,-8.371385522290053,2.445852267549542,17.762105975283227,17.2977072381985,58.134839211083346,11.004907859631263,1.0636269225216433,6.083840237935512,3.477630650030328,58.88800997286703,-2.073747848168195,6.797861668493699,16.746552601505925,13.027451408014802,64.09490833245891,6.963743150384261,-4.152677378011638,-12.676959197458604,-18.423115563190695,46.51798474149586,-22.79956059162541
2025-12-23,10.347987101286327,1.9773927421265602,-14.193627932900288,66.71763363139897,-19.13966928568748,7.262040221308763,5.779944163530915,10.671995110239063,55.992988165073655,4.292652280284037,-1.1750397273542879,2.068711058592543,-2.3785139298451052,55.55652089212431,-8.005600769572464,2.716880857817605,18.886117333767128,17.240288271578997,58.260713616720466,10.482336617936472,2.27736431541532,5.774941671406597,2.7837946326943364,56.74111340141457,-3.140857422891352,6.9592508051278035,16.616749731801093,14.755420338450431,66.04997658804017,8.140701165769325,-4.112632399862903,-12.738853196062639,-21.0074638958767,45.83115355135057,-25.560742874120944
2025-12-24,10.569628880168702,1.4494567612896692,-14.178413407283042,63.46860969939959,-20.107636244666093,6.618389674786851,4.820424392943079,12.016323876256685,53.55095866289379,4.277364809480821,-0.3035384841391098,1.4121461952655512,-2.397308958486666,50.96778621959912,-9.140462140444894,2.0631806587509294,18.168298033222797,19.078860782487684,58.08238685818554,10.851966724332396,2.055243437081744,5.007824810755834,3.0933794129799796,52.174826713976195,-4.0291132356272685,6.058813088553405,15.624096734042547,16.833150499026672,66.58000751102063,8.761407577403425,-3.08752963548109,-12.728614797726156,-20.799029728862127,46.6789901625336,-26.270848886705313
2025-12-26,10.224522051079532,-1.213943422337238,-15.27571211838069,57.37906351433221,-21.273073453447388,7.056868123146143,4.221396405688194,13.179631734996033,50.058200006173394,5.1680076274795095,-0.4458344569246653,0.7028677810301032,-2.3655073892014045,51.30524001770953,-9.276740821709161,2.7112739028677613,16.418002081011917,19.356100077986337,54.02563321015128,10.907263532883182,2.2720256332090516,4.035118771328494,1.6585572929658898,49.52200744709113,-5.537526806783322,7.415938312924419,15.831477129782257,19.14298862416015,68.70477205597899,10.709237557202545,-0.8365092495060455,-13.391192130852382,-20.608593578623257,45.652971986908405,-26.2284572931866
2025-12-29,10.80921015810632,-1.8297933294868063,-14.840660307474407,53.40846701343345,-21.374487003911714,7.196118320236167,3.0165214342316116,14.26379565412763,48.49591930401149,5.496937653856837,0.1532431203273621,0.13361763401256166,-1.7191690672407889,52.467920522259625,-9.259738536368122,3.116766634901058,15.152517975056213,19.598713239698174,50.20892528345218,10.422535168725222,2.732777241703288,3.5312478337867104,-0.5269192626486174,45.85179992313586,-8.15896376704741,7.007650032723034,13.03937671398896,20.18334641805799,67.46253592237633,10.962312528778062,0.14841737147324174,-13.109799136868382,-20.48946184391287,42.64952258027286,-26.589885810656423
2025-12-30,12.74880292712599,-2.1233514527841946,-13.187824179954843,49.76997710888477,-21.057324129932596,8.7919754513069,3.007023564703548,16.572465505213607,53.247713235023895,6.005203450134,0.33838822993250695,-0.1376391560362178,-1.020942748618514,49.13556736115273,-9.993367166400912,5.305355642919785,16.168399626751228,23.51483786813551,56.83204408973581,12.31825166069287,4.802352700576451,2.7883730961715925,0.16976903027154933,44.572307490184194,-8.910593083990614,11.320510612342938,14.9239958046822,24.898878286954297,73.96128257955232,13.576829194797902,0.3055945689094397,-12.490570238878684,-17.951135947134254,39.19577567987304,-25.38884299065094
2025-12-31,12.438597292611586,-2.736711729781771,-13.56268390056451,48.3399881339706,-21.42304400882118,9.402786512366657,3.959156666710295,16.104123630826585,60.06701226999904,5.545949650250992,0.96430964462495,1.0781850722099584,-1.1746713231267858,57.25652192080683,-10.161561549142506,6.6311556398966465,18.083735029755175,24.9663623782292,62.28554065975617,13.602281978257192,5.812955180888224,3.107947366023578,0.6716253248062465,51.559672075129136,-8.483161790820514,12.541955943626636,17.12516905845005,25.600579211347352,77.50376742764901,14.17882496262588,0.3658202008609557,-11.008056046798876,-18.379585155006538,44.5241053734977,-25.801910162517228
2026-01-02,13.861789155758109,-1.3206440293539456,-12.248070932920474,53.785801363850645,-20.916760238493737,10.094283329584552,4.684172989116853,17.406650437706173,67.20661446868037,5.808480621125578,-2.9827775203076334,-2.6129750002777175,-5.95418432454502,29.64612497512057,-15.244623466418838,8.51959534302602,20.901823332039115,26.969147314826113,70.50144743813806,14.426333713265027,6.230235923534955,3.4011246668179007,1.0284189210588268,53.854354301548966,-8.951805832638493,13.784404147225061,19.418580514654792,29.534681947126785,81.75147881763222,16.73842864496262,3.59612875576214,-8.677100523760018,-16.37125026350604,55.312858113880345,-24.63262589577322
2026-01-05,11.402231244263206,-2.849739527079642,-13.496399371339251,47.060566215282506,-21.735077811476057,8.484957557215278,5.3421803143479,17.340978598057855,64.86394332804218,6.165321359576725,-3.020124094685106,-1.8343188345648742,-5.007107322514126,34.76682928268343,-14.054313348397551,7.94025835812926,20.896787481419654,26.30715412160429,71.48730650847577,14.277550498932424,4.646745303908717,2.861043413278108,0.1358262648353259,51.98130728485411,-9.401197245606207,13.84976228282795,18.47162212654252,30.499415742738712,82.7053775382489,18.0705374634925,4.588724719797721,-5.427551573779632,-14.83870741108727,62.34765942127262,-22.949543261704974
2026-01-06,11.863558457720602,-2.2568990462264793,-13.13773164920853,49.609029338528515,-20.98591462505528,8.14752571315498,5.857254882971619,17.164050651914597,65.75741739868451,6.578039888367426,-2.9157781466776944,-1.7495875618513956,-5.106455983116087,36.42892069372154,-13.680281083600999,8.108406247027311,20.484943941410517,25.21012176332327,71.80352130344536,13.897132076499608,6.299310429399596,4.155058645867338,0.515030421615803,63.12952653691136,-8.566707432452759,12.133288989191104,19.749669513546884,32.14592345327776,83.1624594931182,20.20626994819965,4.365940082856223,-5.066713138258239,-14.654408323865809,60.66126787627441,-22.365556471082037
2026-01-07,11.422691912777783,-1.2197908431311522,-12.013814716953675,57.25287621051573,-20.414502767950204,6.9263172288604125,5.188242380257879,17.738201691763457,62.80109805457885,6.49686987454694,-2.8403822186943595,-2.268725922071113,-5.518696647167065,35.873826764464624,-14.539521377383636,6.833181512813069,19.64938000719174,26.019348832804457,65.43105686271237,13.987355008677493,6.916486650011477,4.027994274453661,0.19405067570661405,66.60086235890154,-9.372212045931494,13.14123018015807,20.2872482373172,33.846704911684775,83.158914176279,21.067375849972315,3.1402350043861382,-6.394364281444565,-13.750769412721253,58.13508550469522,-21.98561762748762
2026-01-08,9.250655469247548,-2.4356129218480627,-12.500634324628368,48.664941678749976,-20.04803130554359,6.1294242229466445,4.806565884685465,17.35404287995026,56.29706489665908,7.23148322373055,-3.2023005595188336,-4.748549356958209,-6.671696223912038,32.13171961044485,-14.721877533418915,5.500197317211097,18.673017992822906,24.441399749277394,58.66577635267501,13.707508851678373,4.970217373796815,2.671578999949875,-1.9207859934436078,55.22920727824043,-10.380764622659855,9.603063725372362,16.906366139312112,28.69512361165647,61.08561647663823,17.59432099545508,0.2859692450443374,-8.069904908763814,-15.023516819859195,50.40890292258221,-22.35329855772965
2026-01-09,7.932928549127571,-2.4524655621324554,-14.259980229077772,49.79309222709141,-19.249656405605688,5.771870383758859,3.4847693140759084,14.81623562630019,48.55745412046026,8.134456952656155,-3.764935283722892,-5.523658767836547,-9.07418151858057,28.363426903704124,-14.365647411872839,5.901615151520279,17.753606188974814,16.952937202054528,51.85446682180607,10.146812289893447,4.853887782642752,2.684752700714532,-3.3642717292760804,49.5555435977864,-8.988028201949339,9.453413818939381,16.573847367147643,27.185087168395718,59.47230935901509,19.78349802543409,-0.15992967500767508,-11.029671530384134,-16.892504187697043,42.48956930557968,-21.72897953553895
2026-01-12,6.6232089478928335,-1.7905540713882728,-13.123149845403749,49.367390659879064,-19.137772268646323,5.798772554920295,3.9098241381709364,16.59521127992796,51.82022446422513,8.523139479913965,-3.586256070731908,-5.721030674908311,-8.771641558711107,32.91596823219108,-15.087525817177827,5.358821980667239,16.98664215023524,16.691314309518845,50.3932900760083,8.612589144014615,3.3380896694907403,2.071050357971038,-2.5578729823543367,47.15976491235254,-9.303946315881785,9.265462105703781,20.579146464915542,29.619868920626047,65.32930025239585,20.646079370009907,-2.1090867565687677,-10.793077985743349,-17.395463787188614,39.00281552144434,-23.114307125581014
2026-01-13,7.37888464758949,-0.3649273209151649,-12.451673687356912,52.175044459393256,-19.651735086224598,5.244769286651141,4.604959585030555,19.34377785595529,53.85295448036711,9.528826910266996,-4.346834869651661,-5.484719663946292,-7.2948847452896874,31.72661926089701,-14.91904559377215,4.467989557097618,16.717293729324425,18.87770540284588,48.51843522541363,9.101084719083152,1.5485053109493219,2.199141102058322,-2.21362144452546,44.50237177072001,-10.255670438792286,10.657750646256359,20.49811833820998,34.29365732733132,66.26669189171037,23.24921343034221,-4.316066598260637,-11.978044376509322,-15.226518200152494,37.35234040429777,-22.19837362746234
2026-01-14,7.053048281946794,0.343428117103195,-12.802405356234903,47.452381702755915,-19.453590814946065,5.218805187637976,4.978352907588945,18.68047542163518,53.87496782952984,9.627865018995463,-4.066543968271475,-6.531184465281415,-7.864840751215285,29.551145005231447,-14.892649648182054,3.8343450904728904,17.996444540805555,18.055242378357516,44.91983454679297,9.050322980759207,1.3523955601767002,1.2575418547178252,-3.113196330821999,43.100360807741986,-10.503447201136783,14.13219705220532,24.28420870108965,36.222563464785495,72.48496190406523,25.831892288970828,-5.212979553562668,-11.71980826252076,-16.669933522475922,34.99724656573076,-23.02611489070101
2026-01-16,10.99478402777947,4.863883265544033,-10.422091734130866,59.506294593478415,-17.41349548471267,6.369779461388991,5.865896684060545,20.58811518279875,61.444096500904614,11.176417398314564,-3.820525235756611,-6.930941309337236,-8.469904700492458,28.77623244050335,-15.613673336714463,3.5873853607510053,17.171577785326097,18.08332226681053,42.702973569393016,8.867119319460691,0.8067460610047927,-0.8625426711064588,-3.4507209199229005,36.77718149100496,-10.986228334016124,14.661256806848687,23.300501850734822,36.41981299090404,69.71217059925971,25.772478054621793,-3.979284804124794,-12.624839948783606,-16.249386352479135,36.604660729613585,-22.785979645447384
2026-01-19,9.888477821738629,3.9490024630773224,-9.794335715711,57.43898801054969,-17.053660831942896,5.442708895688764,5.060292446700632,20.984074989647205,57.42796773883673,11.247848986493715,-4.125668796212123,-6.980627013858731,-8.706148309986217,34.32434724158463,-16.053045600628913,3.4588001063852403,15.591550888403184,18.567745160138127,43.567395933416556,9.025973950479349,0.35792783320574006,-2.335905076830891,-3.200307948085779,35.21798801343127,-10.990289223999527,13.457132557129569,23.17372663596613,38.03140124984565,69.38602966238233,26.92328707684013,-8.673806237320726,-15.03633420108148,-15.61522260027013,31.734556436249363,-22.406110277510894
2026-01-20,7.233110036127077,1.1691237727607717,-14.589827769309228,49.39585673617278,-20.686081417876512,3.450993399873603,3.9099021943661993,21.89440284348869,49.1568619418176,13.19404340541781,-7.413803786916729,-8.77216629761456,-9.462389579193342,28.9025566970176,-15.924620288313452,-0.37210736401867006,12.231605612268837,17.075298886185664,33.32994168927729,8.718908782390145,-1.7594667344358883,-3.8930843907764467,-2.9782105673316073,28.437735258961666,-9.903257343046878,10.568423974458675,21.51281376374401,37.65604204857882,59.953141626344035,27.830676677351597,-14.890648069962731,-19.714815794616225,-17.585379998500894,23.423287565905596,-23.46782250806989
2026-01-21,8.702548534045551,2.2988242191481323,-13.65209872005554,48.405367326139974,-20.762267153157676,1.8833583379279206,3.4691916297668435,22.39544304373846,41.229449448408744,12.317002194739302,-9.209166569038707,-9.571180129277291,-8.893362701904895,27.062774462972328,-16.39538101341952,-1.3124053917630163,11.951880012498695,20.05607121714752,32.408974858409564,10.170261890955,-3.0078059175419836,-4.832153108861181,-1.4561664057696655,26.731497367768128,-9.570587769955207,12.154269551477137,21.389428064222948,43.86173486040137,61.61146490942655,32.01568937726336,-15.576975872238952,-21.256617019535774,-12.508325439182155,22.57629184428977,-19.712675902834455
2026-01-22,8.526286825784357,3.1227578860884675,-11.05275585701201,51.392194779236455,-18.48738764213117,2.0107496389290658,5.1829176882895345,21.488069175741998,47.2899081344917,11.333521170243976,-8.16074683532947,-8.014065760499655,-6.559382518795076,35.29028799072263,-14.369591721343944,-0.2768024886934728,13.458619556287289,18.732268755834845,38.13318812327638,8.808063596736293,-2.2812061627459967,-2.942315565834175,-1.2425762400802842,37.426100723661754,-9.497189283758967,13.558388701756364,22.366834665314506,39.9903259185062,64.88313998486271,28.28927169573785,-16.59560969742059,-21.742176128204214,-13.840564910538333,21.701036561245957,-21.042178416115608
2026-01-23,8.325129781372386,3.258690178022916,-11.89539471789407,50.745559379136246,-18.35129946688405,0.8031802087065776,2.6694963149277218,19.94064309457162,39.34466725523473,11.151938294501162,-8.739042703869504,-8.111756462911057,-6.998759982060032,33.082672866391945,-13.813467853133343,-1.5618846017371069,11.430267226148416,18.015435300657124,34.14927787965394,9.367800971304163,-3.523982138157422,-3.5931342673179545,-1.139819993240898,34.20632481116694,-8.383844338484348,12.167304045222437,20.117207939799076,38.60486458648915,60.90484696604333,28.4485305259498,-19.3140648722826,-24.83478503493789,-17.86393053823221,18.26317680390335,-23.88248812899295
2026-01-27,6.8945296809249434,4.631725844696177,-10.703572409908302,53.97568743258544,-17.31370710462592,1.9411781599667055,4.315753785943333,20.144099088197898,48.6957064701045,11.250477034311746,-9.551638679275209,-8.310483963498394,-7.042451122375093,31.019676088722036,-13.923598952751215,-2.442250287026404,11.216984670457153,16.152878779594282,31.26569291710709,7.5547053180893275,-3.0816826522101715,-2.3254824369164706,-0.5536383630575403,36.11080383063537,-7.915118133976495,15.503066748769555,24.087678274928372,40.46129649281642,68.52909089974662,30.06370149076052,-19.143950751284144,-23.758844061960318,-18.084242013532748,19.85790886151608,-24.148025397970407
2026-01-28,7.61121892349379,4.800485941030819,-7.867415261904398,55.5033241092746,-15.645669147334129,3.2915291740668096,4.174677170192975,22.78133946179399,52.89615364592382,12.415577625828945,-9.517006243416859,-8.481192832626904,-8.629621607757166,28.76620377326114,-16.343526549889773,-1.3689318191937638,11.039308187196117,17.315970127113257,35.559762103751225,7.411619749251064,-2.761955288926854,-3.022643668166558,-1.4588613786442273,35.302886616119636,-9.77815467248907,16.999357008713556,26.38466697801507,42.06613607425253,72.9914747089679,30.072263569223058,-18.025298354807738,-20.50092990223743,-17.8812895615684,25.92996833751684,-24.81412641131
2026-01-29,6.372146328541861,6.35242598855339,-8.915027991390346,52.06678635606019,-16.347447465420927,3.1723743531061555,5.067462601074446,21.49316852682148,56.40480428623493,11.57947835589983,-10.464576893606047,-8.28153327143185,-9.354744686378613,26.172044212928824,-16.75128382960581,-2.5977812576541193,10.24647648065331,17.129647736613897,33.33417483375193,7.572015389296882,-3.3455266492601554,-4.334539639397494,-2.7877974418239915,32.47194255058575,-10.720191243718102,19.21152691054846,30.21978083573891,44.86872553165677,77.58626784160707,33.04761922755972,-18.661291557961878,-19.123005963403838,-17.861107520660024,28.480003975000855,-24.563538125579633
2026-01-30,6.067277818432637,6.771882346749014,-8.781728717736137,47.785039543083045,-17.053125685549496,2.3986415984636356,5.451283974084609,22.728734975852795,52.342262872858655,11.60006445762276,-8.723662684931465,-6.164809693234563,-7.923839196010951,35.547382219508464,-16.273026991133023,-1.4660191345943208,12.483621675612833,19.93951785574484,37.81859199145148,9.063765110517142,-2.407995954517639,-4.18131838678335,-0.7668123432206797,37.13665796748566,-9.764977688306898,11.620671435782404,25.489918355057164,38.62414113979034,58.7455711638907,26.05412326320362,-17.10776834243477,-17.630967798271946,-13.614300649851996,31.647749002747858,-21.44749461004254
2026-02-02,5.497482104792839,7.6451619280215155,-10.604547152542754,48.2259758393238,-17.49242949164751,0.40035796712354355,4.518331374574847,20.307283167778966,42.85563163482361,11.037657201332628,-10.583970916677998,-7.50873113665893,-8.944612958331055,31.820755298310914,-15.960392534445134,-0.7412176270816917,12.898959146688904,20.089478973458384,37.80174678997705,10.836634729299455,-3.9283146232170996,-5.323103571575372,-2.2028570734665687,34.33791943662723,-9.738086127320322,7.274876406286235,24.098230144616718,36.49596888742954,53.070346733966986,25.979011441473034,-18.148342977380327,-14.683629874897663,-10.063000869471406,30.527647436019834,-16.992609123711244
2026-02-03,7.534455362347292,9.155223226590724,-10.93381466722797,54.127869937514554,-19.665420677096236,3.46400320625484,6.793249584237482,23.569739614418907,55.356123009923586,11.455576680148582,-9.82695708023108,-7.441090442206145,-8.918952550958704,34.12540587616702,-17.848085625646693,2.5000418585791495,15.120136932596996,22.12071049191038,52.172046421035425,10.148603168838587,-0.4392696369294069,-3.7802628168369767,-0.64024014468822,50.218499169978216,-10.380977025360316,10.848898136028273,26.39297691160416,39.66450162461297,58.45887014855652,25.972488239348877,-14.260178056536422,-12.002159979172289,-6.684219251243883,45.90812949716309,-15.832434468468225
2026-02-04,1.773327286755877,2.434915006250482,-16.49305296903566,35.66987257598295,-25.18780815531376,4.260907462003605,7.279427105308622,24.54183871194655,56.765752684705355,11.574524775205642,-9.403826823345218,-7.447507749611615,-9.178992478204663,35.60889932588857,-18.63528868168489,3.7879764192891185,17.180299148286913,25.503300069822888,56.82176583622646,12.435878639932918,-0.22366950991319356,-4.108969846121968,1.158539465716868,48.765293452690955,-9.374102032118326,13.494904959508936,28.133726960823434,42.72467979759136,60.673649243111406,27.86416586430336,-12.991396461590554,-10.156378763956464,-3.40928779826728,48.89697064685965,-13.466326472557476
2026-02-05,1.3749132537338449,2.3841729239361342,-14.068711522660838,34.53732657379432,-23.497502295311733,3.3771949669661128,7.329443087689547,24.964293696234318,55.10470656363348,11.252615445016101,-9.65573213641382,-9.102856890895872,-8.845379192158765,34.24199657665527,-18.847298897856124,3.064992641345765,16.945704579709275,25.916860982480916,54.02249500029073,12.100662505882154,-1.4378869844258069,-2.8595535484079004,3.886849137993509,48.645147762000015,-7.512111379285336,11.906732632550487,28.38580730668918,45.56155803087276,57.962552249099424,29.589849709798166,-15.377072054185014,-10.15509024586797,-2.9481368812060427,47.4317729321493,-13.597130136839308
2026-02-06,0.9539455288509746,2.7747771269916788,-14.84816206408206,31.68734338210352,-23.917065627210377,3.9661369013542114,8.096266455664814,23.029310992865337,55.561348267153605,9.926352984230412,-7.046150990769407,-7.6770946540302365,-6.419686300542815,47.35181217973928,-16.386245577705473,3.4178814895041487,17.549914461432394,23.604765052422326,51.55831530119044,10.440519613032716,-1.670511798705021,-0.22874022071004418,5.6006752155527195,45.407725072694525,-5.646085429259173,13.754583631870698,31.209532737834046,46.40788610009374,58.32032838653643,30.815045920619923,-14.17646482791084,-7.956262554893501,-4.409554728424336,49.208815513314306,-14.590198514138187
2026-02-09,0.7896599165239326,1.1740270646283024,-17.00556120308987,31.751129223688963,-25.681907473296526,5.4124613951185285,9.079573670191499,23.39709194379398,59.807442677849785,10.496999914004324,-6.577515907775289,-7.289585471497906,-5.648255409867664,48.91955081370229,-15.51190915738314,4.375149639456932,16.83215646347871,23.045333572692517,55.64538520321114,10.182014819225472,0.18043794913082944,0.6179456015324769,5.324154845409024,52.48213538056861,-5.686568900694011,17.96895257195925,30.034795834634153,45.9858054564273,61.32864224928881,30.724260019937844,-10.590534817830122,-7.2035538716486265,-4.690318064646681,55.90975932438237,-14.654115824613868
2026-02-10,1.7215013195599926,1.9629200323966423,-15.802448380117816,33.02112097504198,-24.52131771350501,4.750776855552763,9.512508410818231,22.94463998686931,59.32962184505332,10.21341169503951,-5.9648576165471034,-6.465119040201428,-6.1709230433806495,49.73407270269788,-15.887161175225762,5.204151663648426,17.99649986347276,25.23815750198084,60.66355090528993,12.26942967312925,0.18357954206076332,1.0939825404088221,3.6921686159786304,50.75727088108486,-7.045417592463831,17.277592681794008,30.979376294113624,47.333351061025944,62.86037707867274,32.07661007940563,-10.24936575419625,-6.438283058183791,-6.019026788410131,56.78087655707121,-15.750994161472342
2026-02-11,-1.6618958971089892,1.9429895428633603,-17.738194472930136,29.50815870644557,-25.489147456277628,4.846253842954429,9.62658828668137,22.5020822299858,60.27613598877742,10.959570202160984,-5.75111472361356,-5.574243312067228,-8.007923027540764,49.95785179147259,-16.675691244947334,6.250405842886875,20.16876475349012,24.799715345068506,64.77292593236206,13.040713463491006,0.24285064611082596,4.229974882397358,4.643958222623956,55.18189135596873,-5.215908029740657,17.09237259466354,32.02365699354752,46.15461884625951,63.61788837374836,32.3834941825339,-9.468836742290387,-4.406422114664865,-7.228520904185509,58.33586165651247,-15.969726717260457
2026-02-12,-8.18647045195906,-4.511217639564002,-21.63349410954938,21.80079903367067,-29.061503027192227,4.474861398960428,9.399304065863422,23.428307620452003,60.20508010431984,11.729093022624703,-6.55097428918352,-6.1715055562085785,-9.637485326787033,47.17558897194869,-18.20254200739947,4.994063268350635,19.724174751124867,22.193384409696915,64.08941122745247,10.611222633325168,0.07466012877583861,3.234984757649051,4.796930897559215,54.06176834249304,-5.136299229312192,16.29022027986451,31.883377424165403,50.56988948521373,63.661732668712055,36.298046315529284,-10.635476617499684,-5.671895231138013,-11.303573259056865,53.528662723684725,-19.71070895189707
2026-02-13,-11.325066650895577,-4.991496722240796,-23.74860454287655,20.38240537549659,-28.933145118742097,3.281015074763838,9.42052462088958,19.99423695536795,53.4988359482489,11.83550114947769,-8.332644529992839,-7.283664195525996,-11.126292880057276,38.62152555167532,-17.16905889015643,2.7256550536486346,20.275702987789114,19.967027238130353,58.88004420597237,11.81014149520918,-1.7637893947356154,3.704067047147075,2.1208808727561257,49.71871475106516,-4.822596651214539,12.6179152543205,29.798518784237228,43.02079185383296,53.095669484522965,33.2964177081091,-12.191485167959415,-5.7827658200900185,-13.754650499194643,47.19550209159036,-19.618707298234618
2026-02-16,-10.745645984132823,-5.2297468290018685,-23.66671053668209,21.036008375422966,-29.57075909920073,4.397167922796119,9.796934039803107,21.067556726618108,60.09728170973015,11.703506791328389,-7.104271882664925,-7.215791364198343,-8.982904538098301,43.31121928864225,-16.02268174938559,2.356948226939326,18.14405066125717,19.182210750073402,55.188948481449515,9.963984141420458,-1.2502881889782769,3.6959635336033747,2.444842538925851,54.04453964741033,-5.478821298724556,12.904448567638793,30.01914401557011,41.86375567105287,54.73221253103724,30.891210027704542,-11.16891490394365,-6.030998510177388,-10.732953899083808,51.51193398665921,-17.63737238959925
2026-02-17,-8.887295117248028,-4.61220547773753,-23.118733124477963,24.98796273203368,-29.46055676801378,4.539576901774867,11.137152604674117,21.420103772591602,61.81832113784388,11.404336392582938,-6.807857242540816,-5.916564049832706,-7.276806877912145,48.026482549692695,-14.925407926563928,3.431559604662815,18.099608672554336,20.926789320589954,57.23886947034313,10.951714730678862,-1.4291646504418165,3.408188983956606,2.207499152071146,55.846851703183376,-6.22344847680626,12.707786184759051,28.155846238995984,41.426289217967714,51.7380931682123,29.760240761297396,-11.369069460165559,-5.62846460299391,-9.015048481607336,50.644106966464456,-16.52026451400618
2026-02-18,-10.190730269840664,-5.835907534796059,-23.888522527694445,23.461715350832094,-30.54888789450958,4.389387861804317,11.542559415666398,22.711742521766396,64.57512992083683,11.973479816369581,-5.874310249871084,-4.733032924748681,-4.911338538755928,53.69746328287507,-13.232359869654731,3.112001232475725,17.431539033472898,20.74876780523722,59.33395268438498,10.182281147975347,-1.424068971766912,1.8601122577094342,2.1060344193051694,56.782852853975434,-6.829063386891365,14.195138517364093,28.24538703417767,39.599691032351636,55.030843720440934,27.38359724139501,-11.218066380891155,-5.276226019307096,-8.543099419331334,52.38866877121556,-16.546312514299643
2026-02-19,-10.16199745245504,-7.216675138963047,-24.126719657190556,22.20864700045412,-30.305087764959303,3.1244893292359466,9.753376633331712,21.525281169344357,55.314907606791444,11.629466488972984,-7.007958700188799,-5.8048187919779615,-6.148838784496691,45.79231743937892,-13.791147364158384,1.3364025832853788,14.989133379966656,19.99489254269826,49.254319974103126,10.223697547157196,-1.2527743289006854,1.2515884898508078,3.5237770617786435,53.834938506023306,-4.906173504539146,14.047980660795645,28.49478248338533,41.668216534079015,51.57831699240187,30.1321607979363,-11.80308569479539,-6.99380243446538,-8.137707873795774,45.21932355217314,-15.618062662922316
2026-02-20,-13.60681736460332,-7.596079962131819,-23.742324122047098,21.11115222427074,-31.196093038186913,3.303072719211664,9.755291056279681,23.821441307096315,58.71371837541575,11.718575598946689,-6.515076545663778,-6.385677016232927,-3.7579309707821973,48.35705234914876,-13.165064538596138,1.503042977870983,10.823337447297444,23.35839309725514,50.95923161826767,11.300787807987312,-1.211079875258636,1.4057535155526102,5.660840916845111,54.36178177900984,-4.666925863506921,15.463949810831368,27.72250540945407,45.97768906776209,54.726783224816074,31.709171850365657,-11.18445722106246,-8.653792525307901,-4.901504958629054,46.27141885646154,-14.196860451045556
2026-02-23,-14.828054372601319,-9.224694205197626,-24.399156542783885,19.610155631761998,-32.24282123119008,3.2293598681657043,9.664525582600625,23.817566620737974,59.422745621386134,10.971367680416977,-5.936394738687467,-6.710541748077969,-2.9822818390740413,51.467620564744536,-13.047969142142923,1.898091021267323,10.293167856263285,25.30208024082392,54.33131082827455,12.301861496902266,-0.48043969598552394,2.319330129040309,6.794515890927544,57.209015383100216,-4.2855241576090775,15.180941984322981,26.489558551414216,44.68034244645169,54.029343124726374,29.669609215730986,-11.232115815996336,-9.416119045486548,-2.4066184260949974,45.756729499627184,-12.532031395946241
2026-02-24,-18.521855623156636,-15.793059011872291,-27.25862433948476,15.653997855964931,-34.10584916361532,3.7025424662864515,9.603132546208615,23.678047742812236,56.945915984258654,12.036098563065467,-5.890400749429792,-7.815891592973578,-2.0247680051017736,52.30892569162342,-11.247283177159028,1.496668753992636,9.74017687996309,25.087825632270256,52.19882672752174,13.313172526132844,0.2263038723702815,3.0157754216072252,5.623491717692852,58.394497634095465,-4.318962462388187,19.04156096719314,27.123261923876708,44.83377227601915,56.46954305972702,31.200411731270215,-11.842977351076856,-12.638836032790223,-5.6491221945216274,39.41994239980681,-14.530472963900309
2026-02-25,-17.580885947320713,-14.549220705064602,-26.106267281437155,21.07048731275239,-33.510139470730614,3.752845765958357,9.484099613301522,24.32593956509981,56.89942282420572,11.868951232142244,-5.500452485610364,-7.455635070840483,-1.944445199970679,51.05652829034182,-11.769240463118912,3.732575414546746,12.172199783272575,28.98686860158721,59.210687612557955,16.062872829704446,2.487058591016744,3.941573839571033,10.764689530697446,66.2869643565742,-0.3335129040814455,23.772446392346502,30.6072994100292,51.44305820610686,62.71506804287789,36.2690372754783,-10.163475131235911,-13.135662855720176,-4.161409118180193,39.0004774736947,-13.764072992172416
2026-02-26,-17.03292833469422,-13.788191108027926,-25.61037416145089,21.390677640623224,-33.01256200912546,4.024798251719663,10.948987572535573,24.21653987326846,58.241431473436236,11.856292707545869,-5.50224510332471,-6.6641894647386675,-1.7414297856265915,50.23618063941547,-11.518712386150277,4.801912469876002,13.280790840824341,30.71062758361318,61.857672869252795,17.70418201872701,3.145955333674655,4.655964027060411,10.560117624905097,69.94100744144947,-0.44123840956026283,23.572969576241263,32.772290830617415,50.881187187100686,63.555696520762865,35.867657038918274,-11.394014972387756,-12.202495137786528,-3.9564624931601067,39.827947372773146,-13.513336831038526
2026-02-27,-18.094002532895338,-15.645634131829755,-26.192383442328193,21.998199154271347,-32.73912876229783,1.6814748771603938,9.774696346136391,23.308878338489556,50.512288068359204,12.371364571974341,-7.756494505226619,-8.152505082254013,-2.5500915220891596,42.3867951839526,-11.193911252546506,1.669708742752496,10.75957258557243,29.057143601398483,53.112985968763766,17.609757948172366,0.39366032598457945,2.636292447855215,9.457444559216777,60.12720582946338,-0.2514452048085758,19.06436485917702,29.712564077939962,48.270882428995286,57.58985322500722,35.119235608489774,-14.356249368437313,-14.823507535772118,-6.183524182664025,34.73906234171923,-14.5050579570716
2026-03-02,-19.15636902134755,-16.0558412049853,-26.026868620072452,20.842116911431745,-31.776764506211475,0.17132956278822498,9.897437571358413,20.71721975806673,43.94024898636796,11.333928388284441,-8.507040722128668,-9.673681745777497,-3.072549615700959,39.443845764796784,-10.60667366617819,-0.23022600399106308,8.766873850759271,26.277727999957023,45.1555562726697,16.462221001763954,0.40982906333377755,4.3960855786721265,10.262724393611911,60.20209189575588,1.692055914957491,19.428639052804474,32.21696071598483,46.781982940998425,58.18410440522254,35.3726900784715,-15.123221674096676,-14.27535271739112,-9.208584820612053,31.705716729723008,-16.26575780894327
2026-03-04,-18.98169846346126,-14.606016224528585,-25.842170901182914,21.277711001681382,-30.590082278406783,-1.6692956666248926,9.169205131945768,19.09554069017776,36.00442872762394,11.470518767461524,-10.42938621221463,-10.457005608307702,-4.852754619244504,33.35142692752707,-10.944501024776853,-3.267191000095282,6.685529773959131,21.709044730436133,38.41461765915516,13.916694749199898,-1.4179376363573026,3.961095749325505,9.075685114802212,53.16823842706912,2.092178550108037,14.443728763805751,27.894793985125666,38.21131057139504,46.41045329584616,29.362412728814924,-17.605048519281663,-15.677051057896596,-13.005611038672205,26.890260604969313,-18.57537560869136
2026-03-05,-19.768305298304245,-14.36688354947593,-25.69457497804547,20.604009985747226,-31.605189370593955,-1.048066076963683,10.064556635244749,20.568406867207578,39.27829045758433,10.97781020881552,-9.909278688930733,-10.938454308749446,-4.0257623718933155,35.63273199005472,-11.660019360140804,-2.236985027506877,9.638899354496955,27.252522722461435,44.981868892998726,17.130239025554307,0.5144673460694138,5.510211064923598,12.851439905885087,59.18472806464299,3.874688279332039,16.381408337567716,31.616206278404803,39.94912624103468,52.14450478831017,28.816893035445148,-15.225420394221956,-12.971577629288689,-10.266431285616484,33.136358865331246,-17.40427515880969
2026-03-06,-19.7192411264276,-15.674724135662233,-23.596966032997535,20.77954729761845,-29.52504386081567,-2.5146873687936444,7.001165384064256,18.76862269216315,31.84976595614839,9.553417454030978,-9.785619731562923,-11.045083493320384,-4.427969322753955,35.43868298246862,-11.843361180910094,-3.2277188991047034,5.519876814594693,25.6299751333952,42.16738780251509,15.882400574781874,0.28465059484827915,5.470213674014102,12.655900277464704,58.33000124127919,3.914978485063658,16.330216605780514,28.963606194260727,42.47578564830601,51.07960236914844,31.421152055254353,-16.820804870387274,-15.662649432247477,-11.418852936937451,29.947043413614068,-18.291825207829604
2026-03-09,-20.259480687503718,-15.602058039314448,-22.920909402269785,21.162270349707114,-27.67017494481593,-5.608335913443108,4.39574510584968,15.247275376578973,24.83932970878959,8.146258621271896,-10.476428114938752,-13.403729347587657,-6.216863227728087,30.786055343502397,-11.995356675049052,-6.06954005991115,1.489156756741905,19.865061525377104,33.528435399342655,12.479517637364346,0.11306338685932449,5.588414452655233,13.257838267712806,57.40811035991978,6.279401644539262,13.86821087059824,24.556312277734694,40.94013383349271,44.783178969128414,32.25603914599051,-17.23047292027189,-17.305200292974256,-11.353055567574144,28.242484831133396,-16.815080033354747
2026-03-10,-21.73134747231835,-15.36548623054539,-22.90979587259896,20.538755392898395,-28.36405699657174,-3.9432446120535647,5.332680985800975,16.837012847707467,33.19906877482559,8.570598402063911,-10.15363339269786,-12.929176710414037,-4.709616108757253,35.596906642801144,-11.451570449512582,-3.469364557379595,3.860656526506334,25.475097766791265,42.69020427996292,16.59752433807027,1.2836004342669405,5.892870563530428,15.10995800074253,62.94366594488289,6.965735579590193,15.548435462563347,22.654081279013827,42.39694147572859,48.70919013013397,32.3221192482488,-16.397029005174236,-16.35474579971249,-8.055841494857995,33.287459625305246,-14.561044782194188
2026-03-11,-23.387844774808254,-15.625832950412343,-20.54381202252372,18.919027010601837,-26.343682185033977,-6.760854090805813,3.070341171894153,15.288234078791119,28.710818353599038,6.872819169739275,-11.128324298238102,-14.087181999252053,-3.2143083928465765,32.389897491439555,-10.27913819652876,-7.2053131186070924,-0.2648586562707722,26.476932541981,36.93556899744112,17.24480341562522,1.7470595860511917,6.53718556398295,17.83910354682414,64.41348369354891,9.237489021446677,14.329786283595114,22.93749800703595,43.83428669738723,47.76481188741819,33.33516499274918,-18.110059405318125,-17.145281856237617,-8.334377486557198,30.678190061893645,-15.025470055638834
2026-03-12,-23.35083370456713,-14.59875278257784,-21.361471899460184,18.612310112218978,-26.417437712124492,-6.984643459254947,1.8227970541368155,14.52093935494263,26.68133088542065,7.157958788056629,-11.64520230379259,-14.394476134459921,-5.1145332088542546,28.035789966781792,-11.215075624925186,-9.054675580177218,-4.645029473186957,22.201851299406307,32.33370021847644,14.345036105406695,2.8024752851914414,6.159227857864291,17.07964015767418,62.35786739935218,9.552151122790043,16.980226578142,22.540061993078474,42.65840180434437,48.72920164574823,33.486358280209004,-16.4974201109931,-17.53581661891117,-10.947460965489352,28.437642167986212,-16.672982586567986
2026-03-13,-23.758609646902286,-15.269833408759059,-22.012660932490224,16.57678427721939,-25.611864119596273,-9.227090542382577,-0.791790796985492,11.426323101610425,22.980090008701694,6.283873288216224,-12.099973727249303,-14.682145916234335,-5.146244748808737,26.852448936207594,-9.523851964173979,-11.694299627270821,-11.012091916668998,19.368798679492727,28.20668829402088,13.859794708010398,1.3734923188681858,4.422552890214559,15.19399600302438,51.578700455780144,9.877663858512275,11.66706613796109,16.20369170053737,35.27597256745829,38.3155073442083,29.032834675778307,-18.399723203436068,-19.023444449512038,-12.234931957592732,26.724315405781795,-16.285388305915717
2026-03-16,-23.147317187732252,-17.623687846122603,-23.71737408748097,16.467054574763225,-27.209087927462626,-7.711956025568534,0.36390826583603264,12.215828876264379,28.21438427480038,7.079330780333448,-11.076117193519973,-14.210246405798511,-5.48030272444382,33.10279119960936,-9.806789013817529,-10.085259074045306,-9.50391020187621,18.283383746859492,32.366452299782125,12.869153138930312,-0.06338577333067086,2.242582271812754,12.02574847242901,46.062191158323955,6.897950999593316,11.408603208977253,16.270466734906265,30.313634061175133,38.94260922104437,24.3487381999403,-19.389637178501175,-20.05835406424157,-15.576093925476997,24.869504703831453,-19.440461699126832
2026-03-17,-24.506128066186317,-20.514429745786835,-24.60172078453717,15.392125745521014,-27.91566575989737,-7.319477161541821,0.6234413965087171,12.849262625283252,31.739802887557715,7.889252254470103,-11.92830676346296,-15.393751330266515,-7.295875154895959,31.183108742624427,-11.370455794165935,-9.196704351343044,-6.398050452355209,19.835210168025206,37.37664163142478,14.568149742511993,-0.8159363216479587,2.1494390583490564,10.64566397510509,47.13789127989318,5.782507335576703,13.348788110702925,19.241856625944575,30.923695926314032,46.304820763219425,25.169268520474564,-18.546725829480838,-19.523646772598603,-13.907888521283295,30.721108095386597,-17.691854458194644
2026-03-18,-22.770754136212513,-17.89881322301998,-21.843073279532664,29.450977535558593,-25.870600646411933,-6.842737687031031,1.2007572764171748,14.080211931027375,35.08013741854778,8.201511285403363,-11.766758222162643,-15.59253469743409,-7.347597739617617,31.047692088000147,-12.122095680733247,-7.986815755803645,-4.283504214294465,21.843008521175953,41.70200163209869,15.564280942275,-0.7720721277706066,1.8385511580948588,11.062251226555508,47.916542480823054,5.33906999347058,10.335549258178812,18.712440719622414,30.22941543653279,46.08185209108821,23.518525478957585,-17.568101307827376,-17.311609200411127,-10.479572530343372,38.698992083142315,-15.092675765815834
2026-03-19,-25.547398348592985,-20.85570194644254,-24.080073541818038,24.14842029846082,-25.868479486329676,-10.10867599412727,-2.4782304497390495,10.85555062538579,28.764520715887244,8.244184479901516,-14.592095717665355,-17.142305591067664,-9.891954400442614,25.372988066162023,-12.014582436539811,-11.093253659421654,-8.772027646670754,18.104060502375717,35.6996616230776,15.32194500612647,-2.7190418293561613,-1.0722290499247555,9.108656401083204,38.632873376325776,6.538440927904943,6.597074740529374,13.818346088246326,27.106989114841728,39.5925982916758,24.112796344552745,-20.673701648675824,-20.512237053969194,-12.09828667289713,32.88871662258171,-14.16894129521873
2026-03-20,-23.285124178981942,-18.66905023989325,-21.926416267669723,32.438652568112914,-24.009097754695663,-9.498752651550092,-2.6614282389730737,11.64606402080679,28.693464762375697,8.66780710573245,-14.319002084934873,-16.87634427393355,-9.516382144957912,27.0898829519475,-11.930112202897991,-10.261703525116218,-7.640883050870595,19.50064389150137,37.531425800658646,16.312859152763327,-0.22486679171369595,1.5406308118771639,10.862624381186038,47.66288799553275,7.905266407285394,9.063156584288134,15.385198665453448,28.272062878978723,43.32662705383722,24.85029282706741,-20.38867968973278,-23.104951621392654,-15.96476238013096,31.683859625376613,-18.20647622599163
2026-03-23,-23.642952933597826,-19.510296850914365,-19.728641499147002,32.11823978526448,-19.878933404280463,-12.708998884207933,-6.72713129381618,7.035658275040313,23.50051133835038,6.835255624583136,-16.05458251153381,-18.726685743106376,-11.779297824172751,22.590408378530327,-11.944473269684563,-12.930509199050533,-11.830851768229799,15.161164276315553,33.620233689171314,14.945548257106278,-2.4723468205915644,-0.9497212584817727,7.976398400778506,40.53001293551223,7.774234404451841,3.5585743844160467,8.923692228576009,22.691239679521004,35.403826186576254,22.4615251150861,-23.51856055547198,-27.524985840590187,-18.606216262827168,26.430349072655304,-18.75860968250189
2026-03-24,-23.2556866243929,-18.652345487419176,-17.921239142847256,38.37826638115445,-19.766836856692883,-10.705988519854204,-5.203605305679848,9.457370616498029,31.355190435546987,6.99614592373079,-14.919666731858616,-17.600360822339802,-10.545544160237474,28.80540866860646,-12.556989477723423,-10.272529913724625,-10.182949225756166,19.272109721376786,38.73014313442106,16.590193830730925,-1.4088326489886005,-0.006963732652032206,9.088952964183882,43.98657808228413,6.636012397172819,5.163486445420906,11.44797725804143,25.99214936193819,39.638777158954085,23.159128731551505,-22.565630940207214,-26.672828842435802,-15.772043786344392,30.403383735987944,-17.66596764443421
2026-03-25,-23.3133300690052,-19.262315817579466,-17.89263854777414,38.65022494705623,-20.702889799233425,-9.075961291427593,-3.623614008104592,11.07237599669495,37.84302170671683,7.270752389183377,-13.687139484767075,-16.34574596526457,-8.672056868281896,37.1320084408888,-11.797896767892446,-9.39591026087192,-8.308832930371112,20.81586188537299,43.14208925979503,16.680752425582934,-0.31426844678863475,0.4669033325382266,9.543110642198972,51.186489230175845,5.793828503226539,7.804322898015759,13.932986949084336,28.229277808004305,45.231563393829084,23.84043273905956,-21.787777546484733,-24.644785629342593,-13.172751626647072,36.73342395471436,-16.14454829732631
2026-03-27,-25.18828405939779,-19.23711388427549,-19.32776215273815,37.615468301314635,-19.2757903191199,-11.85316072693242,-5.741644318781958,6.002497363858494,33.41998682593692,6.070787822920054,-15.68295289782845,-17.49656616410178,-11.525108682706053,33.0581852656165,-11.468110111033337,-12.671018291026703,-10.535080411669862,14.678631758854198,39.18965460705088,14.752511682460923,-1.5801742640077943,-0.5333545003809115,7.244318419150719,49.41178845130107,7.313408902098972,4.617587314884242,11.729346181465704,23.55910697793888,42.524911196087814,23.638708009486244,-24.28966774782866,-27.43367358808203,-18.50297526907092,32.84294615549466,-18.450472079340187
2026-03-30,-25.81093899994884,-18.13386453709811,-19.768659545943933,33.99402873514893,-17.698514598460026,-15.217989175060287,-9.061085448518803,1.1523541665717119,28.429353797577605,3.762307256211783,-17.72401002903893,-18.690785597271752,-12.734631671373808,29.447289540988436,-10.48299334259285,-14.780021749588435,-12.464696473466663,11.492293953305666,36.242860070133965,14.36904021860077,-2.810259279096372,-0.5968948056738532,5.138643594792192,44.55374652766445,7.851451714303859,3.8347037948658347,11.060821254712128,21.750448195821683,42.174921103751444,24.891877389950757,-26.31132162919001,-29.341866090898705,-22.972728074815308,29.89175296294036,-20.985255138529247
2026-04-01,-23.876324736666287,-15.830334771387122,-19.106428626354777,41.652404987910586,-17.282886660850615,-13.06941943509743,-7.316014866757636,2.7681141440174084,34.60158359614526,5.084762620219929,-16.28958432559933,-16.543677652403954,-12.717019437876697,34.617331774671,-10.749444323728996,-13.07769670122535,-11.284332551424214,12.097269967072544,40.14821663405439,14.62422078074379,-3.2771791524889404,-1.2892897248601431,3.144241550294713,41.63573907591546,5.469368872196312,6.230246488911129,12.666538567183828,23.318856359902984,47.63740016327559,26.09876959517805,-24.871492779971838,-27.19110770508476,-22.16760522027733,34.51132581697668,-20.41306977640458
2026-04-02,-21.07950886469393,-13.010265845744307,-17.059601526918556,49.66309955821104,-14.732399090740989,-12.646044133722679,-6.481590667888215,1.8879861247137475,35.11570344947128,4.7468338502116625,-16.14288280162578,-16.51674672467983,-12.746566774023439,35.43791210084095,-10.298346050388375,-13.158684240005304,-10.804178308897573,10.726468057662263,39.32345121679601,13.833312381502338,-3.8627441239391214,-1.678481027371237,0.8438954989319791,39.09628877748697,3.6734473650822164,6.019250105146656,13.881572292769384,24.48022613557206,48.49049418694754,27.972983475201406,-23.89741753878668,-24.534022680187697,-22.097945455121703,36.80998049295968,-19.912112562373817
2026-04-06,-19.97285612963019,-11.322553965151826,-17.681411777300916,51.47533171772263,-15.208083353203039,-10.729675352075429,-4.305677165551824,1.7486765917219538,40.45558792906159,4.805797703272474,-15.568068746949148,-15.438682620944332,-12.45980945705416,38.61108760131995,-9.829593776786838,-11.749930631059168,-8.999381913690973,10.99290868536924,41.58211938789965,14.327780211374419,-3.2905539662753447,-0.647700234488402,0.2948820691516918,39.62225656371121,3.3083227508855284,7.362990605209729,14.886613251488123,25.05330960222276,50.9422927346006,28.81063722220012,-21.671230503383477,-21.554977002589272,-21.55945362056333,41.48311041094502,-19.20264409368989
2026-04-07,-17.356564931151862,-6.820516262017096,-16.717229709500693,57.89184313940929,-14.754342836469425,-10.90901409045778,-3.0761564799635543,2.1475388928016814,40.98413260302326,4.555048423353458,-14.633084065952861,-14.344212470175677,-11.577354832842257,41.79367587009587,-9.493326541373238,-12.6080806325095,-7.971628506890438,12.125079214074198,41.78707237820699,14.767748824597504,-2.978482919206493,1.6808325264632495,1.514212457931996,40.30924857913962,3.906795153785403,6.858866090469395,18.955835366470296,28.79424813063176,54.25284873906194,31.829792434642368,-19.682687354530128,-19.437242009191557,-19.06858599320963,44.85049155828323,-17.1611181026043
2026-04-08,-16.677862767323447,-6.313757661353625,-15.45637016193957,59.125005320046725,-17.25488223660089,-6.508614659167,2.282180711885573,8.777555581050201,53.404015803213696,6.463510779101234,-14.008666246155588,-13.179443521225643,-9.972446851675365,47.3903099557556,-11.887619428244612,-7.756940222371189,-1.6401593615137156,19.593374746705862,54.122269760992424,17.04924304874773,-3.2232988946933605,2.402287366100264,2.9521624903180888,42.880186631737935,0.7620423392671105,8.160174905300721,21.725576390473055,32.76927065079656,59.45514723226724,29.94484571343794,-15.057806295224118,-14.7470705915976,-12.475792420150533,56.02412247834362,-14.33771086934701
2026-04-09,-17.44271685302249,-5.998800330466247,-15.745323861505467,59.67611894097505,-16.394375899153424,-8.859793684417516,0.3401569682452976,6.293347677093908,50.05427102931959,5.474521742912675,-10.245336146367878,-12.922518083221702,-10.578569537958227,46.96353833793762,-11.267423430831547,-10.07424392619506,-2.4129333995502322,20.380170753598946,53.36713820935102,19.4528276232117,-2.8761478869419266,3.1748972377267926,4.04344967817043,45.83752134836402,3.241955730148627,7.072852590130596,21.832207323116705,33.514928885825526,61.691155208676356,32.486402747913324,-17.250777692342744,-14.275009113767535,-13.872965026512174,55.51036340642589,-14.536440694666586
2026-04-10,-17.84576087030714,-8.478344547774574,-15.874655056617415,53.04977150792214,-17.73288687732225,-6.8806800198942035,1.0204547579852674,8.431903332893453,53.9050953217113,6.036767678015842,-9.818380661771187,-12.541977476382238,-10.06861365658942,51.093425231741996,-12.055094233826802,-7.798291244206612,-0.47723735838673953,25.10107952677796,57.98411768155046,22.33774099975454,-2.5438183003122172,1.9847222461867542,4.860569409262694,46.44731739456003,2.544320400778277,7.532988135294039,22.426051367653834,35.8966223879571,63.51247686291199,32.89482277313751,-17.238938326284845,-13.441261030896046,-10.812873148466995,58.67337488126017,-12.782913892125114
2026-04-13,-19.24196484463313,-9.661188134669619,-14.760288896613915,49.52173023148247,-17.1804528203534,-7.5074316241843135,0.028424166992713218,9.399539188923312,52.67170971856821,6.293418642625048,-11.186207501112722,-13.775820654030957,-10.41651463934804,46.68144082312627,-12.96000894061018,-9.811785233400073,-2.498958393182682,22.836089903580124,53.67557303712333,19.348472812089845,-4.43964490340173,1.5799985115695803,6.3947215848710215,45.241250620635746,3.3739151611643425,6.987560915195434,19.968670863522988,36.736225387062895,62.82445474003117,32.853949444706565,-17.187069237706364,-13.57150629976741,-8.201486983236029,58.085193048290144,-10.807871338371132
2026-04-15,-18.478346800334766,-9.16637951313386,-13.074124602091864,56.95509377557799,-16.29896664671192,-6.149108151776783,0.35130233974585146,9.647685476132907,55.17339506472964,5.579892490441352,-9.727112801403026,-12.291207837693985,-10.078102303295655,51.85075634642179,-13.414093055151044,-7.699951036414054,-1.3929211543168951,23.701647181350506,56.18712260038468,19.112469666679498,-3.6527977212947538,3.0110436619714465,7.076845435794787,52.17222174036283,3.1044274234828473,8.885803540437355,23.19473761720092,38.19307459659746,66.02320905472808,33.066283118289874,-14.646076257183015,-11.965762466194018,-9.138247749380001,61.96141567442399,-12.509105938203058
2026-04-16,-16.093756261204494,-8.331878735741427,-8.457947622438489,59.02951463387934,-12.039350895267809,-6.0316848240389405,-0.2719681517487249,8.700149792693157,54.218784061059964,4.44746960786464,-8.738421107161232,-11.660891158672326,-10.089536280299406,52.45404951836377,-13.607106846657679,-7.151866445740563,-2.045035894908609,24.658618408618405,55.37307616089578,19.781594435924088,-2.1667922958118147,2.695730790844486,4.861235326412294,52.73573255337352,0.758745141442474,14.446642070719552,25.437026040319566,41.4768176284535,68.58176358817744,35.94181459406427,-12.826392195362734,-12.577102487245895,-8.696416146822939,62.53982667125756,-12.268489806305006
2026-04-17,-16.349743702158914,-9.713828638889089,-5.077666436529215,58.945251393679214,-10.72579976700332,-4.5329641622644745,0.9772694055062425,9.830552722092612,56.04014572112405,3.295340383267753,-5.302243729703582,-8.867552968417879,-7.7519877677838185,60.291256532297496,-13.240991809286573,-5.883904020596242,-0.32953424025637945,28.367925735318742,55.73270184143115,20.729690004159917,-1.1587803699310228,3.638861513907976,9.42242217898832,53.38564344849718,2.911494701661832,16.09042278129491,27.064930850966974,53.0700129067869,70.33177662335353,43.96193676349629,-9.965672263837245,-10.10966387158103,-4.3921953605568165,63.98477161758862,-10.081116057775208
2026-04-20,-16.853895612459112,-11.346955386839186,-3.3152449901730385,56.405268531515205,-12.058195999131293,-4.824431144397446,0.6945836213904988,13.482222838181768,56.10548450405977,3.220320488001893,-6.047435326236361,-9.416814880457537,-6.92208666728199,59.45019776831733,-15.338880361399577,-5.317230157880171,-0.24334907567608033,33.84589242074514,56.36540673853738,21.742556377064503,-0.9338936982724699,2.3730217621522165,12.309019529394117,52.41098336035566,2.1532069040238966,13.37870128471379,23.883761888188015,63.5110622257002,68.84446244595881,48.72518200790661,-9.41156042498229,-11.3221492070413,0.7536685769050422,62.27769028396119,-8.357223706487149
2026-04-21,-17.019038531675214,-10.89596910546684,-4.558057595699272,57.66202784611097,-12.483203753318184,-3.7049278158594157,1.3455265546129525,13.582089482983895,59.200148143052594,4.1506525553147045,-3.341845130853094,-7.543415511067087,-6.409083636815671,65.81592714982204,-14.180527433105183,-4.620798093773592,-0.35926531296034403,32.21273405101266,57.142934570071944,21.23427725458582,-0.5489314396647238,0.9910736387879426,10.111683679997618,51.9494438412265,0.9684164240898019,13.031912949437663,25.07857238228228,61.13035857494895,68.91966757037169,47.75068911341806,-6.9001703321551755,-10.918420983486577,0.4211686551562899,65.67364388044439,-7.917434047832595
2026-04-22,-19.370508636565077,-13.683671681213882,-6.215450009469103,45.51056409205996,-13.828630073070446,-4.121673549246097,0.8820295253863186,13.702787502338376,57.82586501804455,4.472697950529425,-2.0276996615542275,-6.0117863315441,-7.356859480953048,67.46431366210695,-14.87738296270178,-4.586994112200104,-0.9285302052686406,31.329315639187215,55.33745691047092,20.66835146447381,-0.22195193601535212,1.1274419560329374,12.410448083696046,52.36904803618471,3.2852672049938025,10.554476850627491,26.178253369192884,64.28416942099395,69.76019387874051,50.94801795971915,-5.493795997607275,-10.420385089100236,2.9539905361480656,66.56647448159637,-5.403540296991749
2026-04-23,-22.929435023268617,-14.455692855087554,-7.991694960095897,42.594164552668005,-13.109177533793382,-6.306912514646368,-0.3388694712630924,10.39687048743616,53.397116677142506,4.256619771316883,-1.921656997650667,-5.668764842867358,-8.253517482681161,66.9277034847704,-13.356437542743038,-6.407212540200213,-3.049678584148552,25.692437792209777,49.36421788542638,18.701450839801304,3.4626505367411076,4.297331394557435,12.337315550155958,63.182117960878195,6.089137687792889,10.225819848059302,26.38631036343768,56.535023269621185,66.18956965641948,47.82857820025279,-7.543959623204866,-11.223048788414157,-0.1898373667851616,61.097454285176106,-5.741257618814188
2026-04-24,-26.66126956011824,-19.409185465825864,-14.258927975035917,32.87362583020588,-16.30181592302291,-6.3474966974702784,-1.2502635691882702,7.083400948844498,52.26478455654086,4.53200540337988,-3.283865281649534,-7.274052672626996,-9.178853748656756,63.4506490182133,-11.34278079922143,-7.164039617710549,-3.9530293212441614,20.740888030156857,47.799062682487424,17.8640858260249,2.005080396973291,2.370184970997946,7.9757292534280655,53.22486904470175,5.40307287349957,9.950794703487409,24.74701889435311,51.20851475747803,64.85345596110614,47.6057833577455,-6.937799043062198,-15.009834034253021,-6.798442647499248,57.41690096694375,-9.019085960585038
2026-04-27,-23.46890756888369,-17.93332944149093,-12.423149102356179,38.80523668914386,-14.805888588794847,-5.285650642200624,-2.0170646971297557,5.923727532227918,53.13272326918334,3.041817009585457,-1.2888441977839227,-8.607095604757898,-9.40464102885138,64.9203510834908,-11.869506308843414,-3.3210105043498306,-3.680760143721984,23.148968266497526,51.575831609017904,19.79840351799207,6.71239126144727,4.8348222356810355,11.006590602492118,62.496336073286145,7.986388528857091,14.12287527290339,26.18386458358648,53.53231193218997,68.85739959418105,49.35509502686175,0.4093714447733765,-14.542234686329481,-5.191480020531857,61.86539179259676,-7.77097450897738
2026-04-28,-23.774291645644897,-17.140712380687127,-13.221876689184842,37.66890504367305,-13.742815331391267,-5.782196984669441,-4.007738135767703,2.044848535694066,48.43822192337203,1.4322620586859847,-1.0111375905841102,-10.127186814663759,-10.218846139133387,63.31821763660916,-10.757812304839565,-4.022516223193939,-5.282129895159205,20.667334550120376,49.06598306312367,19.942955236291926,7.29114532495212,4.064035906869634,9.615299989941661,62.189017112172486,8.957267258151823,14.052863003623607,27.91515540426095,53.91317401418627,69.89204963423211,52.98921626043938,0.7040451451112206,-14.982599669511377,-6.064371255538914,60.68881624470178,-6.628277192034881
2026-04-29,-23.645133707989842,-17.13489880248893,-14.324867458336731,40.362295513239744,-14.50948593310395,-6.412995754731732,-4.531195404785471,0.17919258378613634,48.45667121445599,-0.03668020437952446,-0.39746829925592086,-8.525778752932423,-7.764801297986668,67.94373848072799,-7.963555839696124,-3.778833237202728,-4.045175821452052,19.516860624942733,51.89946395938236,19.259317743327564,6.078299933304443,3.658435217889733,8.94475334114302,63.63279615297243,8.709991939566542,13.285720107777355,28.645438383573584,51.5149894190212,70.9213235835827,51.188494840943875,2.95207355730831,-14.133450745663934,-6.770049954038216,63.36072203754737,-6.9709480521151335
2026-04-30,-23.234696992232962,-16.843885889772594,-13.515051199178174,41.40060398088092,-12.90347094338804,-6.173351341969868,-5.419754269455912,-1.408602170917328,45.53966264677368,-0.7114108892079418,-1.1419392181080679,-9.781187366054878,-10.703431377403572,61.383339819038845,-10.071968688963285,-3.3089574196312532,-4.819159924953109,18.32521689847266,50.18793906190333,19.161956324472108,7.114590886073047,3.339891835887432,8.534583932883644,63.732264877636275,9.302088678207788,11.807576565732747,25.411544352080327,48.02525871950516,61.25140814831964,49.072022657581435,4.918359675785378,-15.345640374930603,-10.333334712658903,58.93663388980057,-9.699254877350505
2026-05-04,-24.606975523558273,-19.408981073682995,-17.89795558202765,39.50700902674392,-17.18431278268231,-7.3083631250950525,-5.509053313963741,-0.8877556988198698,45.638480056701205,-0.026257791259709506,-0.16309719132030498,-9.699157416184557,-10.838480373807135,62.464936995463034,-10.063475598822592,-1.9820018876628764,-4.375846727898969,16.068399115850628,51.319932989711795,17.077282364103063,7.743100693224969,4.422800250208514,7.9884337785846915,66.70796494068838,8.927084803964004,9.662583144412839,26.663646607716075,48.47493488037045,63.91054166739151,49.76550040662242,7.018697139770835,-13.468909535332841,-9.37273351468846,63.319933677651065,-8.584988256819626
2026-05-05,-24.836574474287577,-19.1157216071284,-17.559642414360244,39.83935240190369,-16.82590089854544,-8.476261155894427,-5.4637305906439675,-1.1853823902502447,43.76721257222544,-0.30590552439215823,1.1926962924087903,-8.43781893162161,-9.306078267206551,64.28477702570504,-8.498877794570559,-2.0401981029319116,-3.38120100112006,17.09864824060665,53.03616077760855,18.14085793226976,8.413579864812991,5.419245261821848,7.255420520585076,67.97932961348752,8.210022818984575,7.29486678435638,25.53430424105274,48.396603557653876,64.23044001233592,49.717373530334456,3.8830562272834435,-14.842174597777092,-9.376239566243461,59.24764092846122,-8.569663548175743
2026-05-06,-23.843459305886018,-18.99065309410156,-17.699388484277566,41.62065968444461,-18.685738254421935,-6.63266057341062,-3.670699043263914,2.4092616283968082,52.78677032786616,1.1819153206658273,1.8538797929630757,-8.804697777092606,-8.971501522703884,62.95017827586824,-10.062452572715408,1.0077031618377363,-1.6162560196873899,21.95321557662142,59.00868893192489,20.491640456619,11.808109725700234,8.067539618792917,12.232020427916336,74.14291969590641,10.886951108100096,5.2211684533848945,25.43576154640046,53.20808430453048,66.85096924803318,51.37192833976996,5.898259857433197,-13.863723169370513,-4.311396851754912,63.850535146753174,-5.458197950586086
2026-05-07,-23.64237391773902,-19.00954460776827,-18.14801013030577,39.845521634436714,-18.141786741331355,-5.977225181066526,-3.721955792229792,1.1087256057570327,53.161107852712476,1.1164131272107358,-0.2865360327374722,-8.985202280702131,-9.805408106094893,59.05749382453079,-9.79855041051978,2.2040818829835773,0.7057504862425734,22.31025513097318,63.14456849646793,22.31955465190665,11.1461629656999,8.46976785788427,10.167017816880119,74.39003783776806,10.175394060452403,11.31130798880493,24.24642936105579,51.50231646876347,67.50766434683996,51.51383552709561,5.683269476372921,-12.396779442356031,-5.0487664945496284,64.90506736123673,-5.041547140925539
2026-05-08,-22.79748746842869,-18.553293157555107,-18.168504534005425,43.87354663498592,-17.627617053248645,-5.643987817516505,-5.266226005283869,-0.1456894703585898,48.556585379117415,0.5143246984833594,1.0720365901904394,-9.625398367409455,-9.399997454603405,59.72408887100834,-8.80115214627465,1.9092165967595998,1.153847519723561,22.246681604475537,62.09905826541868,23.054704227884603,11.883078334180762,7.487959007073708,11.227059286233331,73.63219771950448,11.962244724880433,12.882359335779881,21.094411461957783,51.62916416015844,63.203034302107376,52.63139827728913,5.8611793812259005,-13.350870532778803,-5.251656533110438,63.41099983703554,-4.625391639479359
2026-05-11,-24.040093446295497,-18.31692819372592,-18.062604197279487,43.297082250426406,-16.27924488807283,-9.32924881850533,-6.188411090443013,-1.1749564433060966,43.736183895452896,0.9759608476695325,0.7853302909575532,-9.118800859903986,-9.282789423675142,60.010099018713746,-7.308338314976615,-2.7159717145139206,-0.28383028566478785,19.925229609326855,55.8072809759306,22.535390361170514,8.874671315638327,8.39641794224204,11.013919361607183,74.30506935161507,13.430126327980773,8.687318621944318,20.47869510601954,50.62575083101353,58.80830049005125,53.90410538840618,-2.0605897270336793,-16.026924019480404,-9.860583393724276,54.686121138518224,-7.898707913591874
2026-05-12,-22.31559593942105,-20.93799720466112,-21.333396964883878,34.93972028532522,-18.07917352318019,-11.09421420162654,-7.306020940390701,-2.830703786731381,39.4504732656611,1.1889257555524502,-0.9207113961834379,-10.23795611428876,-10.307768244825766,52.42752876618981,-6.597444526053842,-6.0477145256712,-2.4888241065204375,17.30240104715859,49.3173982864698,22.154882386481066,7.751582084334863,7.510574648763124,10.23445321492671,64.58109518746869,14.794552772997992,6.950622833509756,21.383507738494778,51.21853634400348,57.25914971988406,57.47403596906175,-7.125962657545215,-19.19159705858918,-13.141622958441324,45.814845225104186,-9.54852810279081
2026-05-13,-22.761203910000184,-21.699237465534317,-22.434896285555517,32.94830595875294,-18.961085113175024,-11.000830239068005,-7.995154757260181,-2.6645391208951263,38.989813733014536,1.6947022812106916,-0.2499364379145108,-9.881535381372009,-11.120074299172721,53.69282932803716,-7.139520363003815,-6.418156052883662,-3.5498794222688757,14.052257831920345,46.87931853300872,19.160173486237507,8.029649136113548,6.476304871864524,9.736981648163678,65.39720763852927,14.65163443166424,11.488772832734885,24.7634429292402,54.54148126497606,66.02724422039158,61.462737068241765,-6.764671389687171,-21.101535050051147,-13.8727648586063,45.46372436123177,-10.015492227580358
2026-05-14,-23.16893489764468,-22.436008387332183,-23.721883383800623,29.75574650008747,-21.5001531168041,-9.9659791612698,-6.395106637011971,-0.2624756738377587,43.79098384591713,2.6425498614109477,-2.1271069141477694,-9.023378740011223,-10.731162637385271,55.17530477737626,-8.13105546816878,-5.341117571953458,-2.1057891512737514,14.566619459731278,48.613122949564946,17.903567687253474,11.79208572304451,9.924585741022618,14.008787015149405,73.27367546983919,17.32948742113354,13.556721270511197,29.17597546727397,59.09357149542351,70.36787186702088,63.727443158176285,-6.637570663817738,-19.873062621144733,-9.992987662423358,47.22115178728778,-7.371379887830565
2026-05-15,-22.179930996981533,-21.56541710505342,-22.837783125989542,34.15923796391907,-20.321895751883943,-11.470371482100017,-6.678739515326848,-1.6490240973248915,41.59763182844571,1.5577264151509285,-1.913546339196115,-8.365198432108123,-9.787725690379522,57.46548138651398,-6.846338945419772,-6.191652642709489,-2.0873970715264867,12.791325032517431,48.848006190106446,16.468905616046904,10.516052186143355,10.715465084168386,14.780939165734042,74.08591556756542,18.523391460832862,9.655420445314977,29.359350937716133,54.51350667293049,62.127923239398115,59.551446176430446,-10.639805091342524,-20.103527646424745,-12.581637120661737,43.64789247367722,-9.731346339200453
2026-05-18,-20.526167475297385,-19.15802439967974,-21.144807096999806,41.599937089529405,-19.064720799614687,-11.693583356775662,-7.498342552921377,-1.5242132878312553,40.68873727748734,1.0734359857704545,-2.360132465168696,-8.18421154060658,-9.140545776222918,55.7607071934881,-6.743804372632023,-9.047245283395577,-4.313925985677325,13.011073578504572,44.22084241666351,15.992142763036155,11.491635079692042,11.696310912807384,17.275823136377277,75.32086885229954,20.36939026543896,7.700583120018334,26.308651187412103,56.25681724804599,58.447587498562655,60.378646799975265,-11.472805439846168,-20.54628140224526,-10.88527813637199,42.55476954955107,-8.534560256931412
2026-05-19,-16.489881636506475,-17.87773286726023,-18.316842138955415,49.917165314674556,-16.968022104837065,-12.076978626836798,-7.816005824698236,-0.3472351794235551,39.99465679823379,1.2983139051739867,-2.432787868537778,-8.043990170849579,-8.53746595995183,55.56411858248935,-7.0271607573259125,-9.951043723934616,-4.322618499396791,13.571800590292948,45.15458390332923,15.447192335157634,10.84594617418475,11.11513627065641,18.012981316810418,76.3134210555507,19.961709520449844,7.22678773293246,25.55438981353426,56.328865754966316,58.27117191624667,58.91029761390598,-10.769229341090236,-19.218345338669952,-7.411227653167673,46.14434714886228,-5.882325069745519
2026-05-20,-11.987409369595593,-19.192534095557335,-23.763830269848995,48.91343959756209,-19.68537976611069,-11.81689220197647,-7.870820350719054,-3.287393646922243,41.285853954415124,1.8864966402567296,-2.6311640840693262,-9.009771490599238,-11.524844988609217,51.34190547690675,-6.791638404362111,-9.085379449220277,-4.545045778733437,10.742957825829658,47.87344966525419,16.667437947652953,10.97479049076644,11.057644412255584,17.72498926844186,75.5544024687225,24.022991168117215,7.3889161366866185,24.882807131511832,47.926073421768514,58.76300537833349,55.83976020323382,-8.939275832541005,-18.624017859096988,-12.096033777916803,47.57197786376671,-7.393384410981707
2026-05-21,-11.200221503373465,-21.256855603964052,-22.30917103795571,47.5387578292441,-19.275559667328256,-11.21054282829287,-8.297347353688188,-2.732853755082343,40.53223220922111,1.0651585042696698,-1.254559337577077,-9.48266589755179,-10.776052935254777,48.52874582029099,-7.292105293505358,-7.962126629829269,-5.453491683044476,12.16803893427143,48.78548313712162,16.54788972075525,12.146934442376578,10.168898706160823,16.531796442491142,76.0593357539435,21.08203985539503,11.29219912209063,25.33495449198564,49.564492263572426,59.37499264189716,55.404570821552014,-5.8887811361936215,-17.362336425360404,-10.527532435891773,50.2027488517548,-7.0338807579932165
2026-05-22,-11.685334618153265,-21.17531591215802,-23.620111183014224,46.60498552127858,-20.56869101365174,-11.310667135808117,-7.410848240161993,-1.361188891715548,45.869571716340296,2.57948793250653,-2.083154140633936,-9.03943308941323,-10.82824213306013,48.37602198949847,-7.2657794912949765,-7.175272280887867,-4.987441506751001,11.389592537052717,49.19620802932428,15.839670359751047,9.689703413469065,8.318266007165164,14.401197452340497,66.27391235849672,18.9715906109603,11.012962019029704,25.33857260618777,46.613495013134674,60.72569006863183,52.470787851774105,-7.445916921721452,-17.783203700859694,-12.099883721445803,49.967964883900066,-8.588223887214152
2026-05-25,-12.381541600524281,-20.168452575668883,-24.322347173319603,47.29637874487552,-21.077537793658486,-9.612501328178634,-5.509291316380571,-0.11191843869685636,54.676567400511004,4.170954666640814,-3.12978749166839,-9.724573269781523,-11.516432746954287,47.302764982161115,-7.722547785615541,-6.074631014663745,-2.8515259940324555,11.166637115943502,54.83495624992632,15.933097667320762,9.69019106674265,8.12253763101467,13.967473371767403,67.69660987021547,18.854024589468654,12.827178231154136,27.16501479906619,44.90312944705972,62.43978097764602,51.11610006665461,-5.766353199459651,-16.47984195906016,-12.46172090794101,53.83760660354932,-8.708366800515998
2026-05-26,-11.294743506732264,-20.334456931131495,-23.68526359948161,47.28316613389137,-20.155410338292967,-10.491987531894543,-6.563133697277235,-0.4733095126094766,53.16635285129253,4.130186870427788,-4.158164421398114,-9.788211192456508,-11.977275734690341,48.23787322582393,-7.905882515483698,-6.520494623073192,-3.6114112636310147,10.551220061492117,55.04520622105105,15.664643799397982,9.39248855302588,7.834664066098562,13.98776005990503,67.22675892125012,19.2601371335984,12.57159380670796,28.551287478774622,46.628671163469804,65.64319559606503,53.41081727970294,-6.827116481157747,-17.27931240329187,-14.306064274759134,52.322561973626364,-10.34238657958496
2026-05-27,-10.559296059418644,-19.648258115318374,-22.869809283975084,46.538302007693645,-19.520008687710355,-9.690060501018538,-6.868336078133419,-1.0228085611345472,51.34761589332444,3.2758175905785114,-2.6060786042157558,-9.431404392126662,-11.96333444187948,47.132054172547896,-8.139860494232654,-3.136225503894141,-1.8417355192604568,11.689379339600038,59.508884286990906,16.540101813316156,10.196131054984981,8.81562221368637,13.686703302725434,68.1005031402032,18.624170499104608,15.840533609618124,32.11378936845974,48.93792367274652,69.89279382623181,55.40636801203611,-4.071649909766329,-15.394155276519939,-15.929063702271407,53.21527693903211,-12.277823248639875
2026-05-29,-9.136032218577794,-21.49972636482792,-22.002627460874113,48.643061083592386,-18.23934879186957,-11.333291017540702,-8.404565142118281,-1.162870156048268,46.90458367017373,3.6059015389314775,-4.615072600627846,-10.829473633722763,-12.139038696764148,38.6598687926477,-7.899853827493852,-5.416606289350168,-3.994977231950192,11.929906223237197,51.90402867883662,17.33038850617934,8.432953081558225,7.1197434086388345,13.46770197829894,57.36592887545301,18.942381042157088,12.101801728644968,29.437168085000344,46.79857014791813,60.06334613010255,53.881423194037126,-4.648473723238922,-15.313024389293407,-15.19830969389493,52.38676632933598,-11.106730941490072
2026-06-01,-5.376301484920997,-19.407154950103266,-20.473710092936038,56.81455299636936,-15.607263985594633,-12.439797169638089,-9.61216311894989,-2.6000859905359386,43.017064813206126,3.360099414072515,-7.458619997773264,-12.952241611334225,-14.474372455557027,29.973097776512574,-9.240809344188817,-7.78252523195142,-6.03215362333962,9.248065693289288,46.47185631873649,15.933274127493657,7.244482759754178,6.7292376928219655,11.46492216819064,54.10235611152429,18.28578652920143,12.905057822720533,30.045109148154058,46.6803780533253,61.44449806040604,55.656179082584224,-6.21986335695659,-16.753356917102845,-18.163417256076066,46.76135036098565,-13.155597577857737
2026-06-02,3.5371946071173,-15.639815094279674,-16.015044221103192,66.24599708917586,-11.987564407470131,-12.011427614179038,-8.753613356114819,-2.2326598138510456,43.62105806031354,2.4557511685745936,-6.934874857017048,-12.416783685897093,-12.563839742302118,35.02761607588231,-8.370858188003927,-6.692489378354205,-5.295985021751671,11.166069695555137,48.89120359009008,16.49701376175745,6.072140846990881,6.312186209233683,11.544371536933573,49.32532800310076,16.89345698352338,12.289376042069232,33.67102604080061,47.69244811840729,62.53153667675922,54.77500651123313,-3.1314587291934926,-14.603578132213645,-17.235664021853502,48.88282364941698,-13.266718758391372
2026-06-03,-3.7407040318843343,-20.663941069732637,-21.439412555772353,50.082876142362004,-16.580727385203154,-11.233659634053616,-7.902395788034012,-2.1883376844033853,47.563903851748464,3.8609560984224522,-7.6409722289381365,-12.721136667657074,-14.827960130042294,31.725644632519263,-9.560380793812428,-8.338570666397349,-4.917238690469161,10.961188085391393,49.06769022480044,17.82373197156042,4.488793817131165,7.0874913404098905,12.374352307055304,51.12009696860263,19.324295234788913,9.160118787246052,35.110149507765875,46.3328226834143,61.70838153727041,55.38297287538158,-4.2981741920510625,-14.024805458180667,-18.599562847938202,44.86401200860573,-13.565243353454404
2026-06-04,-4.102871753895321,-20.436960883084144,-22.456257966606675,49.45383660282658,-17.20886758518555,-11.243841072785067,-7.67158473998899,-2.2747938485208397,48.56584691522742,4.338277604244967,-7.317917075139846,-12.417512444532308,-15.484216989257515,33.006298775096795,-9.765028113153729,-8.88375287190727,-4.508430438980349,10.020553586570857,49.78861468182982,17.46565204983799,3.7606727997153477,7.024937219914706,12.446159578567272,53.15284252411281,20.05539896691433,7.9370179948586195,33.380978408288684,43.90908449065296,58.070762545308995,53.647422181787064,-4.263450546202153,-15.171687325015293,-19.00423987437103,45.75749708487491,-13.523251190125041
2026-06-05,-5.20702084366812,-22.358864893221753,-22.642187473796582,47.24154827390129,-17.810365643719816,-9.966710171983673,-8.452823022444578,-1.5474389175626824,50.15116929938843,4.601975321677254,-5.552655230670789,-12.878458338036259,-14.580905495411567,34.25358071176633,-9.245570484576614,-7.077350169736684,-5.525812561523502,10.887230041220498,50.107287693599154,17.81332220041161,5.645178789651073,6.061061944861423,12.650908184851616,54.70940444878782,19.68716088604021,8.014280031650433,28.60651647689747,42.24552163058129,51.0659102416998,51.130274110009125,-1.4988408324113411,-15.639912873311722,-18.746694036491707,47.71915299740184,-13.671557024474989
2026-06-08,-5.349324989112725,-23.48095757539468,-23.52068013785924,44.60102522440946,-18.131277032730296,-9.652293401310141,-9.497501070605418,-2.441940198855952,46.600197263045416,4.432855646222111,-5.22741641242872,-13.289758691636845,-13.65292149765789,32.7075839478032,-7.568149642492628,-6.747611136062892,-6.96230238457054,9.577783574185172,43.450626608277055,17.299594491337466,5.187815375924276,5.618905614420688,12.874822999679548,52.04234670977605,20.82897220840558,5.247441655009943,25.6955872064728,39.765684188808926,43.033267054545306,49.61479913537787,-2.4542641606054683,-17.206322025225873,-20.711187125684095,40.49393600996446,-15.123802521884022
2026-06-09,-5.903425259375394,-23.764553341086202,-24.468565230104055,43.591172364766884,-19.296559238536858,-6.0603095042570665,-7.628440686943339,-0.6328996864862102,55.47630484747822,6.1712506616677265,-2.7111834178422667,-12.8578098404886,-12.912084806298818,37.87487510607386,-6.948750195390041,-3.132077603189476,-6.29693764571736,10.485339633104452,48.66654437552448,18.050810093232727,7.136941356627746,5.617806342690068,12.510572206872483,55.37129437642278,20.214720226056215,10.24936530380527,26.173484592104245,38.87494791715618,45.2451940554269,48.38439342013488,2.318080955998414,-15.695066840302996,-20.330646155822997,45.9517446090792,-14.875296648936642
2026-06-10,-6.130261144918592,-24.686717704512017,-24.226625978819317,41.83553266344774,-19.213952547725157,-6.697982802032342,-7.675849593407069,-1.1648465311927536,54.66117414953243,5.373444184391851,-2.0875681287916836,-11.78998387401915,-11.442939059023571,44.5725343921323,-5.584580074104473,-5.602591301247339,-7.7142472001929026,10.751925840598787,46.10783869234111,18.07855268380225,5.021625263523943,5.561927231816144,12.679287286864206,51.85115974977121,20.13341582361918,5.952677259682604,23.309217966176487,38.867649583254014,40.19589120363841,48.05422978370666,-1.2734182547311734,-16.304955366293548,-21.1934435504351,41.49985902546488,-15.980114504267329
2026-06-11,-7.689026555290724,-25.892049995005493,-24.93345688805264,38.58543542776254,-19.89371539749383,-4.510822773035439,-6.912077051326893,-1.2998287363734984,55.236029735320415,5.326603328051616,-2.899306263979895,-12.40121090969637,-12.938130228961098,40.55177837689107,-7.0930586545795205,-4.749711049830996,-7.824122627727448,10.559838237695129,45.52811213549887,17.982492603502777,5.819496763044363,6.120712590045851,13.615200744875345,55.30441678273871,21.2429829420415,6.1093492504879165,23.43723582207673,39.49203194176923,39.48930767441086,48.85710660533664,0.18193741050369638,-16.669470796690632,-23.464609978281857,39.98841978772772,-18.326254532589758
2026-06-12,-7.845291417389266,-26.51535680530862,-24.498637291670512,38.40827046441956,-21.559496775232724,1.4191410696092532,-4.268785042103174,2.1849868202583167,65.3682011777104,6.162875750492813,-0.74157163827554,-11.140309533609582,-11.960157670483063,44.350494729115056,-8.532915321876677,1.2628091808337238,-4.883377588188353,13.000943293758871,52.95269135610416,17.399879139637765,6.306429525262991,6.426623174933477,14.16981986307948,56.96636466641486,18.614258099383797,9.972796307496212,25.224055599713257,40.91293067779582,43.43054943118687,46.39843304475386,5.021832478982735,-13.073925926681706,-21.701093044053977,50.58711931792949,-18.653048855553187
